CODIGO ESTACION,NOMBRE ESTACION,COD_REGION,REGION,COMUNA,LAT,LONG,UTM_ESTE,UTM_NORTE,ALTITUD,Año,Mes,Caudal_Medio_mensual,Unidad
05703006,ESTERO GLACIAR ECHAURREN NORTE,13,METROPOLITANA,SAN JOSE DE MAIPO,333526,700702,396340,6282681,2985,1976,1,0.358,m3/s
05703006,ESTERO GLACIAR ECHAURREN NORTE,13,METROPOLITANA,SAN JOSE DE MAIPO,333526,700702,396340,6282681,2985,1976,2,0.258,m3/s
05703006,ESTERO GLACIAR ECHAURREN NORTE,13,METROPOLITANA,SAN JOSE DE MAIPO,333526,700702,396340,6282681,2985,1976,3,0.1,m3/s
05703006,ESTERO GLACIAR ECHAURREN NORTE,13,METROPOLITANA,SAN JOSE DE MAIPO,333526,700702,396340,6282681,2985,1976,4,0.054,m3/s
05703006,ESTERO GLACIAR ECHAURREN NORTE,13,METROPOLITANA,SAN JOSE DE MAIPO,333526,700702,396340,6282681,2985,1977,1,0.403,m3/s
05703006,ESTERO GLACIAR ECHAURREN NORTE,13,METROPOLITANA,SAN JOSE DE MAIPO,333526,700702,396340,6282681,2985,1977,3,0.129,m3/s
05703006,ESTERO GLACIAR ECHAURREN NORTE,13,METROPOLITANA,SAN JOSE DE MAIPO,333526,700702,396340,6282681,2985,1977,4,0.051,m3/s
05703006,ESTERO GLACIAR ECHAURREN NORTE,13,METROPOLITANA,SAN JOSE DE MAIPO,333526,700702,396340,6282681,2985,1977,11,0.207,m3/s
05703006,ESTERO GLACIAR ECHAURREN NORTE,13,METROPOLITANA,SAN JOSE DE MAIPO,333526,700702,396340,6282681,2985,1977,12,0.615,m3/s
05703006,ESTERO GLACIAR ECHAURREN NORTE,13,METROPOLITANA,SAN JOSE DE MAIPO,333526,700702,396340,6282681,2985,1978,1,0.58,m3/s
05703006,ESTERO GLACIAR ECHAURREN NORTE,13,METROPOLITANA,SAN JOSE DE MAIPO,333526,700702,396340,6282681,2985,1978,2,0.425,m3/s
05703006,ESTERO GLACIAR ECHAURREN NORTE,13,METROPOLITANA,SAN JOSE DE MAIPO,333526,700702,396340,6282681,2985,1978,3,0.196,m3/s
05703006,ESTERO GLACIAR ECHAURREN NORTE,13,METROPOLITANA,SAN JOSE DE MAIPO,333526,700702,396340,6282681,2985,1978,4,0.094,m3/s
05703006,ESTERO GLACIAR ECHAURREN NORTE,13,METROPOLITANA,SAN JOSE DE MAIPO,333526,700702,396340,6282681,2985,1979,1,0.925,m3/s
05703006,ESTERO GLACIAR ECHAURREN NORTE,13,METROPOLITANA,SAN JOSE DE MAIPO,333526,700702,396340,6282681,2985,1979,2,0.544,m3/s
05703006,ESTERO GLACIAR ECHAURREN NORTE,13,METROPOLITANA,SAN JOSE DE MAIPO,333526,700702,396340,6282681,2985,1979,3,0.219,m3/s
05703006,ESTERO GLACIAR ECHAURREN NORTE,13,METROPOLITANA,SAN JOSE DE MAIPO,333526,700702,396340,6282681,2985,1979,4,0.108,m3/s
05703006,ESTERO GLACIAR ECHAURREN NORTE,13,METROPOLITANA,SAN JOSE DE MAIPO,333526,700702,396340,6282681,2985,1979,11,0.42,m3/s
05703006,ESTERO GLACIAR ECHAURREN NORTE,13,METROPOLITANA,SAN JOSE DE MAIPO,333526,700702,396340,6282681,2985,1979,12,0.541,m3/s
05703006,ESTERO GLACIAR ECHAURREN NORTE,13,METROPOLITANA,SAN JOSE DE MAIPO,333526,700702,396340,6282681,2985,1980,1,0.747,m3/s
05703006,ESTERO GLACIAR ECHAURREN NORTE,13,METROPOLITANA,SAN JOSE DE MAIPO,333526,700702,396340,6282681,2985,1980,2,0.639,m3/s
05703006,ESTERO GLACIAR ECHAURREN NORTE,13,METROPOLITANA,SAN JOSE DE MAIPO,333526,700702,396340,6282681,2985,1980,3,0.511,m3/s
05703006,ESTERO GLACIAR ECHAURREN NORTE,13,METROPOLITANA,SAN JOSE DE MAIPO,333526,700702,396340,6282681,2985,1980,4,0.241,m3/s
05703006,ESTERO GLACIAR ECHAURREN NORTE,13,METROPOLITANA,SAN JOSE DE MAIPO,333526,700702,396340,6282681,2985,1980,12,0.999,m3/s
05703006,ESTERO GLACIAR ECHAURREN NORTE,13,METROPOLITANA,SAN JOSE DE MAIPO,333526,700702,396340,6282681,2985,1981,1,0.774,m3/s
05703006,ESTERO GLACIAR ECHAURREN NORTE,13,METROPOLITANA,SAN JOSE DE MAIPO,333526,700702,396340,6282681,2985,1981,2,0.526,m3/s
05703006,ESTERO GLACIAR ECHAURREN NORTE,13,METROPOLITANA,SAN JOSE DE MAIPO,333526,700702,396340,6282681,2985,1981,3,0.37,m3/s
05703006,ESTERO GLACIAR ECHAURREN NORTE,13,METROPOLITANA,SAN JOSE DE MAIPO,333526,700702,396340,6282681,2985,1981,10,0.392,m3/s
05703006,ESTERO GLACIAR ECHAURREN NORTE,13,METROPOLITANA,SAN JOSE DE MAIPO,333526,700702,396340,6282681,2985,1981,11,0.483,m3/s
05703006,ESTERO GLACIAR ECHAURREN NORTE,13,METROPOLITANA,SAN JOSE DE MAIPO,333526,700702,396340,6282681,2985,1981,12,0.552,m3/s
05703006,ESTERO GLACIAR ECHAURREN NORTE,13,METROPOLITANA,SAN JOSE DE MAIPO,333526,700702,396340,6282681,2985,1982,1,0.49,m3/s
05703006,ESTERO GLACIAR ECHAURREN NORTE,13,METROPOLITANA,SAN JOSE DE MAIPO,333526,700702,396340,6282681,2985,1982,2,0.348,m3/s
05703006,ESTERO GLACIAR ECHAURREN NORTE,13,METROPOLITANA,SAN JOSE DE MAIPO,333526,700702,396340,6282681,2985,1982,3,0.228,m3/s
05703006,ESTERO GLACIAR ECHAURREN NORTE,13,METROPOLITANA,SAN JOSE DE MAIPO,333526,700702,396340,6282681,2985,1982,4,0.146,m3/s
05703006,ESTERO GLACIAR ECHAURREN NORTE,13,METROPOLITANA,SAN JOSE DE MAIPO,333526,700702,396340,6282681,2985,1984,1,0.736,m3/s
05703006,ESTERO GLACIAR ECHAURREN NORTE,13,METROPOLITANA,SAN JOSE DE MAIPO,333526,700702,396340,6282681,2985,1984,2,0.629,m3/s
05703006,ESTERO GLACIAR ECHAURREN NORTE,13,METROPOLITANA,SAN JOSE DE MAIPO,333526,700702,396340,6282681,2985,1984,3,0.348,m3/s
05703006,ESTERO GLACIAR ECHAURREN NORTE,13,METROPOLITANA,SAN JOSE DE MAIPO,333526,700702,396340,6282681,2985,1984,4,0.126,m3/s
05703006,ESTERO GLACIAR ECHAURREN NORTE,13,METROPOLITANA,SAN JOSE DE MAIPO,333526,700702,396340,6282681,2985,1984,10,0.048,m3/s
05703006,ESTERO GLACIAR ECHAURREN NORTE,13,METROPOLITANA,SAN JOSE DE MAIPO,333526,700702,396340,6282681,2985,1984,11,0.14,m3/s
05703006,ESTERO GLACIAR ECHAURREN NORTE,13,METROPOLITANA,SAN JOSE DE MAIPO,333526,700702,396340,6282681,2985,1984,12,0.657,m3/s
05703006,ESTERO GLACIAR ECHAURREN NORTE,13,METROPOLITANA,SAN JOSE DE MAIPO,333526,700702,396340,6282681,2985,1985,1,0.798,m3/s
05703006,ESTERO GLACIAR ECHAURREN NORTE,13,METROPOLITANA,SAN JOSE DE MAIPO,333526,700702,396340,6282681,2985,1985,2,0.514,m3/s
05703006,ESTERO GLACIAR ECHAURREN NORTE,13,METROPOLITANA,SAN JOSE DE MAIPO,333526,700702,396340,6282681,2985,1985,3,0.27,m3/s
05703006,ESTERO GLACIAR ECHAURREN NORTE,13,METROPOLITANA,SAN JOSE DE MAIPO,333526,700702,396340,6282681,2985,1985,4,0.045,m3/s
05703006,ESTERO GLACIAR ECHAURREN NORTE,13,METROPOLITANA,SAN JOSE DE MAIPO,333526,700702,396340,6282681,2985,1985,9,0.0,m3/s
05703006,ESTERO GLACIAR ECHAURREN NORTE,13,METROPOLITANA,SAN JOSE DE MAIPO,333526,700702,396340,6282681,2985,1985,10,0.014,m3/s
05703006,ESTERO GLACIAR ECHAURREN NORTE,13,METROPOLITANA,SAN JOSE DE MAIPO,333526,700702,396340,6282681,2985,1985,11,0.455,m3/s
05703006,ESTERO GLACIAR ECHAURREN NORTE,13,METROPOLITANA,SAN JOSE DE MAIPO,333526,700702,396340,6282681,2985,1985,12,0.674,m3/s
05703006,ESTERO GLACIAR ECHAURREN NORTE,13,METROPOLITANA,SAN JOSE DE MAIPO,333526,700702,396340,6282681,2985,1986,1,0.511,m3/s
05703006,ESTERO GLACIAR ECHAURREN NORTE,13,METROPOLITANA,SAN JOSE DE MAIPO,333526,700702,396340,6282681,2985,1986,2,0.338,m3/s
05703006,ESTERO GLACIAR ECHAURREN NORTE,13,METROPOLITANA,SAN JOSE DE MAIPO,333526,700702,396340,6282681,2985,1986,3,0.168,m3/s
05703006,ESTERO GLACIAR ECHAURREN NORTE,13,METROPOLITANA,SAN JOSE DE MAIPO,333526,700702,396340,6282681,2985,1986,4,0.03,m3/s
05703006,ESTERO GLACIAR ECHAURREN NORTE,13,METROPOLITANA,SAN JOSE DE MAIPO,333526,700702,396340,6282681,2985,1986,11,0.105,m3/s
05703006,ESTERO GLACIAR ECHAURREN NORTE,13,METROPOLITANA,SAN JOSE DE MAIPO,333526,700702,396340,6282681,2985,1986,12,0.327,m3/s
05703006,ESTERO GLACIAR ECHAURREN NORTE,13,METROPOLITANA,SAN JOSE DE MAIPO,333526,700702,396340,6282681,2985,1987,1,0.304,m3/s
05703006,ESTERO GLACIAR ECHAURREN NORTE,13,METROPOLITANA,SAN JOSE DE MAIPO,333526,700702,396340,6282681,2985,1987,2,0.804,m3/s
05703006,ESTERO GLACIAR ECHAURREN NORTE,13,METROPOLITANA,SAN JOSE DE MAIPO,333526,700702,396340,6282681,2985,1987,3,0.907,m3/s
05703006,ESTERO GLACIAR ECHAURREN NORTE,13,METROPOLITANA,SAN JOSE DE MAIPO,333526,700702,396340,6282681,2985,1987,11,1.01,m3/s
05703006,ESTERO GLACIAR ECHAURREN NORTE,13,METROPOLITANA,SAN JOSE DE MAIPO,333526,700702,396340,6282681,2985,1987,12,0.74,m3/s
05703006,ESTERO GLACIAR ECHAURREN NORTE,13,METROPOLITANA,SAN JOSE DE MAIPO,333526,700702,396340,6282681,2985,1988,1,0.802,m3/s
05703006,ESTERO GLACIAR ECHAURREN NORTE,13,METROPOLITANA,SAN JOSE DE MAIPO,333526,700702,396340,6282681,2985,1988,2,0.651,m3/s
05703006,ESTERO GLACIAR ECHAURREN NORTE,13,METROPOLITANA,SAN JOSE DE MAIPO,333526,700702,396340,6282681,2985,1988,3,0.512,m3/s
05703006,ESTERO GLACIAR ECHAURREN NORTE,13,METROPOLITANA,SAN JOSE DE MAIPO,333526,700702,396340,6282681,2985,1988,4,0.053,m3/s
05703006,ESTERO GLACIAR ECHAURREN NORTE,13,METROPOLITANA,SAN JOSE DE MAIPO,333526,700702,396340,6282681,2985,1988,12,0.511,m3/s
05703006,ESTERO GLACIAR ECHAURREN NORTE,13,METROPOLITANA,SAN JOSE DE MAIPO,333526,700702,396340,6282681,2985,1989,1,0.412,m3/s
05703006,ESTERO GLACIAR ECHAURREN NORTE,13,METROPOLITANA,SAN JOSE DE MAIPO,333526,700702,396340,6282681,2985,1989,2,0.375,m3/s
05703006,ESTERO GLACIAR ECHAURREN NORTE,13,METROPOLITANA,SAN JOSE DE MAIPO,333526,700702,396340,6282681,2985,1989,3,0.113,m3/s
05703006,ESTERO GLACIAR ECHAURREN NORTE,13,METROPOLITANA,SAN JOSE DE MAIPO,333526,700702,396340,6282681,2985,1989,4,0.029,m3/s
05703006,ESTERO GLACIAR ECHAURREN NORTE,13,METROPOLITANA,SAN JOSE DE MAIPO,333526,700702,396340,6282681,2985,1990,1,0.281,m3/s
05703006,ESTERO GLACIAR ECHAURREN NORTE,13,METROPOLITANA,SAN JOSE DE MAIPO,333526,700702,396340,6282681,2985,1990,2,0.192,m3/s
05703006,ESTERO GLACIAR ECHAURREN NORTE,13,METROPOLITANA,SAN JOSE DE MAIPO,333526,700702,396340,6282681,2985,1990,3,0.08,m3/s
05703006,ESTERO GLACIAR ECHAURREN NORTE,13,METROPOLITANA,SAN JOSE DE MAIPO,333526,700702,396340,6282681,2985,1990,11,0.41,m3/s
05703006,ESTERO GLACIAR ECHAURREN NORTE,13,METROPOLITANA,SAN JOSE DE MAIPO,333526,700702,396340,6282681,2985,1990,12,0.534,m3/s
05703006,ESTERO GLACIAR ECHAURREN NORTE,13,METROPOLITANA,SAN JOSE DE MAIPO,333526,700702,396340,6282681,2985,1991,1,0.299,m3/s
05703006,ESTERO GLACIAR ECHAURREN NORTE,13,METROPOLITANA,SAN JOSE DE MAIPO,333526,700702,396340,6282681,2985,1991,2,0.176,m3/s
05703006,ESTERO GLACIAR ECHAURREN NORTE,13,METROPOLITANA,SAN JOSE DE MAIPO,333526,700702,396340,6282681,2985,1991,3,0.088,m3/s
05703006,ESTERO GLACIAR ECHAURREN NORTE,13,METROPOLITANA,SAN JOSE DE MAIPO,333526,700702,396340,6282681,2985,1991,4,0.043,m3/s
05703006,ESTERO GLACIAR ECHAURREN NORTE,13,METROPOLITANA,SAN JOSE DE MAIPO,333526,700702,396340,6282681,2985,1991,5,0.037,m3/s
05703006,ESTERO GLACIAR ECHAURREN NORTE,13,METROPOLITANA,SAN JOSE DE MAIPO,333526,700702,396340,6282681,2985,1992,1,0.869,m3/s
05703006,ESTERO GLACIAR ECHAURREN NORTE,13,METROPOLITANA,SAN JOSE DE MAIPO,333526,700702,396340,6282681,2985,1992,2,0.456,m3/s
05703006,ESTERO GLACIAR ECHAURREN NORTE,13,METROPOLITANA,SAN JOSE DE MAIPO,333526,700702,396340,6282681,2985,1992,9,0.112,m3/s
05703006,ESTERO GLACIAR ECHAURREN NORTE,13,METROPOLITANA,SAN JOSE DE MAIPO,333526,700702,396340,6282681,2985,1992,10,0.221,m3/s
05703006,ESTERO GLACIAR ECHAURREN NORTE,13,METROPOLITANA,SAN JOSE DE MAIPO,333526,700702,396340,6282681,2985,1992,11,0.259,m3/s
05703006,ESTERO GLACIAR ECHAURREN NORTE,13,METROPOLITANA,SAN JOSE DE MAIPO,333526,700702,396340,6282681,2985,1992,12,0.671,m3/s
05703006,ESTERO GLACIAR ECHAURREN NORTE,13,METROPOLITANA,SAN JOSE DE MAIPO,333526,700702,396340,6282681,2985,1993,1,0.692,m3/s
05703006,ESTERO GLACIAR ECHAURREN NORTE,13,METROPOLITANA,SAN JOSE DE MAIPO,333526,700702,396340,6282681,2985,1993,2,0.366,m3/s
05703006,ESTERO GLACIAR ECHAURREN NORTE,13,METROPOLITANA,SAN JOSE DE MAIPO,333526,700702,396340,6282681,2985,1993,3,0.198,m3/s
05703006,ESTERO GLACIAR ECHAURREN NORTE,13,METROPOLITANA,SAN JOSE DE MAIPO,333526,700702,396340,6282681,2985,1993,4,0.107,m3/s
05703006,ESTERO GLACIAR ECHAURREN NORTE,13,METROPOLITANA,SAN JOSE DE MAIPO,333526,700702,396340,6282681,2985,1993,12,0.852,m3/s
05703006,ESTERO GLACIAR ECHAURREN NORTE,13,METROPOLITANA,SAN JOSE DE MAIPO,333526,700702,396340,6282681,2985,1994,1,0.396,m3/s
05703006,ESTERO GLACIAR ECHAURREN NORTE,13,METROPOLITANA,SAN JOSE DE MAIPO,333526,700702,396340,6282681,2985,1994,2,0.17,m3/s
05703006,ESTERO GLACIAR ECHAURREN NORTE,13,METROPOLITANA,SAN JOSE DE MAIPO,333526,700702,396340,6282681,2985,1994,3,0.107,m3/s
05703006,ESTERO GLACIAR ECHAURREN NORTE,13,METROPOLITANA,SAN JOSE DE MAIPO,333526,700702,396340,6282681,2985,1994,4,0.037,m3/s
05703006,ESTERO GLACIAR ECHAURREN NORTE,13,METROPOLITANA,SAN JOSE DE MAIPO,333526,700702,396340,6282681,2985,1994,5,0.038,m3/s
05703006,ESTERO GLACIAR ECHAURREN NORTE,13,METROPOLITANA,SAN JOSE DE MAIPO,333526,700702,396340,6282681,2985,1994,6,0.037,m3/s
05703006,ESTERO GLACIAR ECHAURREN NORTE,13,METROPOLITANA,SAN JOSE DE MAIPO,333526,700702,396340,6282681,2985,1994,7,0.037,m3/s
05703006,ESTERO GLACIAR ECHAURREN NORTE,13,METROPOLITANA,SAN JOSE DE MAIPO,333526,700702,396340,6282681,2985,1994,8,0.037,m3/s
05703006,ESTERO GLACIAR ECHAURREN NORTE,13,METROPOLITANA,SAN JOSE DE MAIPO,333526,700702,396340,6282681,2985,1994,9,0.037,m3/s
05703006,ESTERO GLACIAR ECHAURREN NORTE,13,METROPOLITANA,SAN JOSE DE MAIPO,333526,700702,396340,6282681,2985,1994,10,0.037,m3/s
05703006,ESTERO GLACIAR ECHAURREN NORTE,13,METROPOLITANA,SAN JOSE DE MAIPO,333526,700702,396340,6282681,2985,1994,11,0.376,m3/s
05703006,ESTERO GLACIAR ECHAURREN NORTE,13,METROPOLITANA,SAN JOSE DE MAIPO,333526,700702,396340,6282681,2985,1994,12,0.716,m3/s
05703006,ESTERO GLACIAR ECHAURREN NORTE,13,METROPOLITANA,SAN JOSE DE MAIPO,333526,700702,396340,6282681,2985,1995,1,0.496,m3/s
05703006,ESTERO GLACIAR ECHAURREN NORTE,13,METROPOLITANA,SAN JOSE DE MAIPO,333526,700702,396340,6282681,2985,1995,2,0.206,m3/s
05703006,ESTERO GLACIAR ECHAURREN NORTE,13,METROPOLITANA,SAN JOSE DE MAIPO,333526,700702,396340,6282681,2985,1995,3,0.078,m3/s
05703006,ESTERO GLACIAR ECHAURREN NORTE,13,METROPOLITANA,SAN JOSE DE MAIPO,333526,700702,396340,6282681,2985,1995,4,0.039,m3/s
05703006,ESTERO GLACIAR ECHAURREN NORTE,13,METROPOLITANA,SAN JOSE DE MAIPO,333526,700702,396340,6282681,2985,1995,5,0.037,m3/s
05703006,ESTERO GLACIAR ECHAURREN NORTE,13,METROPOLITANA,SAN JOSE DE MAIPO,333526,700702,396340,6282681,2985,1995,6,0.037,m3/s
05703006,ESTERO GLACIAR ECHAURREN NORTE,13,METROPOLITANA,SAN JOSE DE MAIPO,333526,700702,396340,6282681,2985,1995,7,0.037,m3/s
05703006,ESTERO GLACIAR ECHAURREN NORTE,13,METROPOLITANA,SAN JOSE DE MAIPO,333526,700702,396340,6282681,2985,1995,8,0.037,m3/s
05703006,ESTERO GLACIAR ECHAURREN NORTE,13,METROPOLITANA,SAN JOSE DE MAIPO,333526,700702,396340,6282681,2985,1996,9,0.037,m3/s
05703006,ESTERO GLACIAR ECHAURREN NORTE,13,METROPOLITANA,SAN JOSE DE MAIPO,333526,700702,396340,6282681,2985,1996,10,0.041,m3/s
05703006,ESTERO GLACIAR ECHAURREN NORTE,13,METROPOLITANA,SAN JOSE DE MAIPO,333526,700702,396340,6282681,2985,1996,11,0.081,m3/s
05703006,ESTERO GLACIAR ECHAURREN NORTE,13,METROPOLITANA,SAN JOSE DE MAIPO,333526,700702,396340,6282681,2985,1996,12,0.098,m3/s
05703006,ESTERO GLACIAR ECHAURREN NORTE,13,METROPOLITANA,SAN JOSE DE MAIPO,333526,700702,396340,6282681,2985,1997,1,0.099,m3/s
05703006,ESTERO GLACIAR ECHAURREN NORTE,13,METROPOLITANA,SAN JOSE DE MAIPO,333526,700702,396340,6282681,2985,1997,2,0.047,m3/s
05703006,ESTERO GLACIAR ECHAURREN NORTE,13,METROPOLITANA,SAN JOSE DE MAIPO,333526,700702,396340,6282681,2985,1997,3,0.039,m3/s
05703006,ESTERO GLACIAR ECHAURREN NORTE,13,METROPOLITANA,SAN JOSE DE MAIPO,333526,700702,396340,6282681,2985,1997,4,0.037,m3/s
05703006,ESTERO GLACIAR ECHAURREN NORTE,13,METROPOLITANA,SAN JOSE DE MAIPO,333526,700702,396340,6282681,2985,1997,5,0.037,m3/s
05703006,ESTERO GLACIAR ECHAURREN NORTE,13,METROPOLITANA,SAN JOSE DE MAIPO,333526,700702,396340,6282681,2985,1998,11,0.664,m3/s
05703006,ESTERO GLACIAR ECHAURREN NORTE,13,METROPOLITANA,SAN JOSE DE MAIPO,333526,700702,396340,6282681,2985,1998,12,0.775,m3/s
05703006,ESTERO GLACIAR ECHAURREN NORTE,13,METROPOLITANA,SAN JOSE DE MAIPO,333526,700702,396340,6282681,2985,1999,1,0.61,m3/s
05703006,ESTERO GLACIAR ECHAURREN NORTE,13,METROPOLITANA,SAN JOSE DE MAIPO,333526,700702,396340,6282681,2985,1999,2,0.456,m3/s
05703006,ESTERO GLACIAR ECHAURREN NORTE,13,METROPOLITANA,SAN JOSE DE MAIPO,333526,700702,396340,6282681,2985,1999,3,0.251,m3/s
05703006,ESTERO GLACIAR ECHAURREN NORTE,13,METROPOLITANA,SAN JOSE DE MAIPO,333526,700702,396340,6282681,2985,1999,4,0.155,m3/s
05703006,ESTERO GLACIAR ECHAURREN NORTE,13,METROPOLITANA,SAN JOSE DE MAIPO,333526,700702,396340,6282681,2985,1999,5,0.139,m3/s
05703006,ESTERO GLACIAR ECHAURREN NORTE,13,METROPOLITANA,SAN JOSE DE MAIPO,333526,700702,396340,6282681,2985,1999,11,0.875,m3/s
05703006,ESTERO GLACIAR ECHAURREN NORTE,13,METROPOLITANA,SAN JOSE DE MAIPO,333526,700702,396340,6282681,2985,1999,12,0.861,m3/s
05703006,ESTERO GLACIAR ECHAURREN NORTE,13,METROPOLITANA,SAN JOSE DE MAIPO,333526,700702,396340,6282681,2985,2000,1,0.853,m3/s
05703006,ESTERO GLACIAR ECHAURREN NORTE,13,METROPOLITANA,SAN JOSE DE MAIPO,333526,700702,396340,6282681,2985,2000,2,0.621,m3/s
05703006,ESTERO GLACIAR ECHAURREN NORTE,13,METROPOLITANA,SAN JOSE DE MAIPO,333526,700702,396340,6282681,2985,2000,3,0.36,m3/s
05703006,ESTERO GLACIAR ECHAURREN NORTE,13,METROPOLITANA,SAN JOSE DE MAIPO,333526,700702,396340,6282681,2985,2000,4,0.218,m3/s
05703006,ESTERO GLACIAR ECHAURREN NORTE,13,METROPOLITANA,SAN JOSE DE MAIPO,333526,700702,396340,6282681,2985,2000,12,0.464,m3/s
05703006,ESTERO GLACIAR ECHAURREN NORTE,13,METROPOLITANA,SAN JOSE DE MAIPO,333526,700702,396340,6282681,2985,2001,1,0.363,m3/s
05703006,ESTERO GLACIAR ECHAURREN NORTE,13,METROPOLITANA,SAN JOSE DE MAIPO,333526,700702,396340,6282681,2985,2001,2,0.236,m3/s
05703006,ESTERO GLACIAR ECHAURREN NORTE,13,METROPOLITANA,SAN JOSE DE MAIPO,333526,700702,396340,6282681,2985,2001,3,0.095,m3/s
05703006,ESTERO GLACIAR ECHAURREN NORTE,13,METROPOLITANA,SAN JOSE DE MAIPO,333526,700702,396340,6282681,2985,2001,4,0.042,m3/s
05703006,ESTERO GLACIAR ECHAURREN NORTE,13,METROPOLITANA,SAN JOSE DE MAIPO,333526,700702,396340,6282681,2985,2001,11,0.213,m3/s
05703006,ESTERO GLACIAR ECHAURREN NORTE,13,METROPOLITANA,SAN JOSE DE MAIPO,333526,700702,396340,6282681,2985,2001,12,0.482,m3/s
05703006,ESTERO GLACIAR ECHAURREN NORTE,13,METROPOLITANA,SAN JOSE DE MAIPO,333526,700702,396340,6282681,2985,2002,1,0.321,m3/s
05703006,ESTERO GLACIAR ECHAURREN NORTE,13,METROPOLITANA,SAN JOSE DE MAIPO,333526,700702,396340,6282681,2985,2002,2,0.244,m3/s
05703006,ESTERO GLACIAR ECHAURREN NORTE,13,METROPOLITANA,SAN JOSE DE MAIPO,333526,700702,396340,6282681,2985,2002,3,0.126,m3/s
05703006,ESTERO GLACIAR ECHAURREN NORTE,13,METROPOLITANA,SAN JOSE DE MAIPO,333526,700702,396340,6282681,2985,2003,11,0.238,m3/s
05703006,ESTERO GLACIAR ECHAURREN NORTE,13,METROPOLITANA,SAN JOSE DE MAIPO,333526,700702,396340,6282681,2985,2003,12,0.362,m3/s
05703006,ESTERO GLACIAR ECHAURREN NORTE,13,METROPOLITANA,SAN JOSE DE MAIPO,333526,700702,396340,6282681,2985,2004,1,0.345,m3/s
05703006,ESTERO GLACIAR ECHAURREN NORTE,13,METROPOLITANA,SAN JOSE DE MAIPO,333526,700702,396340,6282681,2985,2004,2,0.223,m3/s
05703006,ESTERO GLACIAR ECHAURREN NORTE,13,METROPOLITANA,SAN JOSE DE MAIPO,333526,700702,396340,6282681,2985,2004,3,0.132,m3/s
05703006,ESTERO GLACIAR ECHAURREN NORTE,13,METROPOLITANA,SAN JOSE DE MAIPO,333526,700702,396340,6282681,2985,2004,4,0.081,m3/s
05704002,RIO MAIPO EN SAN ALFONSO,13,METROPOLITANA,SAN JOSE DE MAIPO,334406,701804,379469,6266471,1092,1960,1,121.719,m3/s
05704002,RIO MAIPO EN SAN ALFONSO,13,METROPOLITANA,SAN JOSE DE MAIPO,334406,701804,379469,6266471,1092,1960,2,64.021,m3/s
05704002,RIO MAIPO EN SAN ALFONSO,13,METROPOLITANA,SAN JOSE DE MAIPO,334406,701804,379469,6266471,1092,1960,3,45.297,m3/s
05704002,RIO MAIPO EN SAN ALFONSO,13,METROPOLITANA,SAN JOSE DE MAIPO,334406,701804,379469,6266471,1092,1960,4,37.97,m3/s
05704002,RIO MAIPO EN SAN ALFONSO,13,METROPOLITANA,SAN JOSE DE MAIPO,334406,701804,379469,6266471,1092,1960,5,35.629,m3/s
05704002,RIO MAIPO EN SAN ALFONSO,13,METROPOLITANA,SAN JOSE DE MAIPO,334406,701804,379469,6266471,1092,1960,6,31.853,m3/s
05704002,RIO MAIPO EN SAN ALFONSO,13,METROPOLITANA,SAN JOSE DE MAIPO,334406,701804,379469,6266471,1092,1960,7,31.919,m3/s
05704002,RIO MAIPO EN SAN ALFONSO,13,METROPOLITANA,SAN JOSE DE MAIPO,334406,701804,379469,6266471,1092,1960,8,32.455,m3/s
05704002,RIO MAIPO EN SAN ALFONSO,13,METROPOLITANA,SAN JOSE DE MAIPO,334406,701804,379469,6266471,1092,1960,9,34.023,m3/s
05704002,RIO MAIPO EN SAN ALFONSO,13,METROPOLITANA,SAN JOSE DE MAIPO,334406,701804,379469,6266471,1092,1960,10,54.474,m3/s
05704002,RIO MAIPO EN SAN ALFONSO,13,METROPOLITANA,SAN JOSE DE MAIPO,334406,701804,379469,6266471,1092,1960,11,106.803,m3/s
05704002,RIO MAIPO EN SAN ALFONSO,13,METROPOLITANA,SAN JOSE DE MAIPO,334406,701804,379469,6266471,1092,1960,12,126.526,m3/s
05704002,RIO MAIPO EN SAN ALFONSO,13,METROPOLITANA,SAN JOSE DE MAIPO,334406,701804,379469,6266471,1092,1961,1,87.161,m3/s
05704002,RIO MAIPO EN SAN ALFONSO,13,METROPOLITANA,SAN JOSE DE MAIPO,334406,701804,379469,6266471,1092,1961,2,59.475,m3/s
05704002,RIO MAIPO EN SAN ALFONSO,13,METROPOLITANA,SAN JOSE DE MAIPO,334406,701804,379469,6266471,1092,1961,3,53.865,m3/s
05704002,RIO MAIPO EN SAN ALFONSO,13,METROPOLITANA,SAN JOSE DE MAIPO,334406,701804,379469,6266471,1092,1961,4,42.731,m3/s
05704002,RIO MAIPO EN SAN ALFONSO,13,METROPOLITANA,SAN JOSE DE MAIPO,334406,701804,379469,6266471,1092,1961,5,42.31,m3/s
05704002,RIO MAIPO EN SAN ALFONSO,13,METROPOLITANA,SAN JOSE DE MAIPO,334406,701804,379469,6266471,1092,1961,6,46.792,m3/s
05704002,RIO MAIPO EN SAN ALFONSO,13,METROPOLITANA,SAN JOSE DE MAIPO,334406,701804,379469,6266471,1092,1961,8,47.7,m3/s
05704002,RIO MAIPO EN SAN ALFONSO,13,METROPOLITANA,SAN JOSE DE MAIPO,334406,701804,379469,6266471,1092,1961,9,48.4,m3/s
05704002,RIO MAIPO EN SAN ALFONSO,13,METROPOLITANA,SAN JOSE DE MAIPO,334406,701804,379469,6266471,1092,1961,10,87.352,m3/s
05704002,RIO MAIPO EN SAN ALFONSO,13,METROPOLITANA,SAN JOSE DE MAIPO,334406,701804,379469,6266471,1092,1961,11,166.667,m3/s
05704002,RIO MAIPO EN SAN ALFONSO,13,METROPOLITANA,SAN JOSE DE MAIPO,334406,701804,379469,6266471,1092,1961,12,232.645,m3/s
05704002,RIO MAIPO EN SAN ALFONSO,13,METROPOLITANA,SAN JOSE DE MAIPO,334406,701804,379469,6266471,1092,1962,1,159.129,m3/s
05704002,RIO MAIPO EN SAN ALFONSO,13,METROPOLITANA,SAN JOSE DE MAIPO,334406,701804,379469,6266471,1092,1962,2,112.279,m3/s
05704002,RIO MAIPO EN SAN ALFONSO,13,METROPOLITANA,SAN JOSE DE MAIPO,334406,701804,379469,6266471,1092,1962,3,72.439,m3/s
05704002,RIO MAIPO EN SAN ALFONSO,13,METROPOLITANA,SAN JOSE DE MAIPO,334406,701804,379469,6266471,1092,1962,4,48.3,m3/s
05704002,RIO MAIPO EN SAN ALFONSO,13,METROPOLITANA,SAN JOSE DE MAIPO,334406,701804,379469,6266471,1092,1962,5,38.265,m3/s
05704002,RIO MAIPO EN SAN ALFONSO,13,METROPOLITANA,SAN JOSE DE MAIPO,334406,701804,379469,6266471,1092,1962,6,32.99,m3/s
05704002,RIO MAIPO EN SAN ALFONSO,13,METROPOLITANA,SAN JOSE DE MAIPO,334406,701804,379469,6266471,1092,1962,7,30.774,m3/s
05704002,RIO MAIPO EN SAN ALFONSO,13,METROPOLITANA,SAN JOSE DE MAIPO,334406,701804,379469,6266471,1092,1962,8,32.332,m3/s
05704002,RIO MAIPO EN SAN ALFONSO,13,METROPOLITANA,SAN JOSE DE MAIPO,334406,701804,379469,6266471,1092,1962,9,36.176,m3/s
05704002,RIO MAIPO EN SAN ALFONSO,13,METROPOLITANA,SAN JOSE DE MAIPO,334406,701804,379469,6266471,1092,1962,10,54.655,m3/s
05704002,RIO MAIPO EN SAN ALFONSO,13,METROPOLITANA,SAN JOSE DE MAIPO,334406,701804,379469,6266471,1092,1962,11,110.06,m3/s
05704002,RIO MAIPO EN SAN ALFONSO,13,METROPOLITANA,SAN JOSE DE MAIPO,334406,701804,379469,6266471,1092,1962,12,115.497,m3/s
05704002,RIO MAIPO EN SAN ALFONSO,13,METROPOLITANA,SAN JOSE DE MAIPO,334406,701804,379469,6266471,1092,1963,1,82.606,m3/s
05704002,RIO MAIPO EN SAN ALFONSO,13,METROPOLITANA,SAN JOSE DE MAIPO,334406,701804,379469,6266471,1092,1963,2,66.664,m3/s
05704002,RIO MAIPO EN SAN ALFONSO,13,METROPOLITANA,SAN JOSE DE MAIPO,334406,701804,379469,6266471,1092,1963,3,46.078,m3/s
05704002,RIO MAIPO EN SAN ALFONSO,13,METROPOLITANA,SAN JOSE DE MAIPO,334406,701804,379469,6266471,1092,1963,4,37.32,m3/s
05704002,RIO MAIPO EN SAN ALFONSO,13,METROPOLITANA,SAN JOSE DE MAIPO,334406,701804,379469,6266471,1092,1963,5,31.648,m3/s
05704002,RIO MAIPO EN SAN ALFONSO,13,METROPOLITANA,SAN JOSE DE MAIPO,334406,701804,379469,6266471,1092,1963,6,28.763,m3/s
05704002,RIO MAIPO EN SAN ALFONSO,13,METROPOLITANA,SAN JOSE DE MAIPO,334406,701804,379469,6266471,1092,1963,9,43.44,m3/s
05704002,RIO MAIPO EN SAN ALFONSO,13,METROPOLITANA,SAN JOSE DE MAIPO,334406,701804,379469,6266471,1092,1963,10,55.848,m3/s
05704002,RIO MAIPO EN SAN ALFONSO,13,METROPOLITANA,SAN JOSE DE MAIPO,334406,701804,379469,6266471,1092,1963,11,86.138,m3/s
05704002,RIO MAIPO EN SAN ALFONSO,13,METROPOLITANA,SAN JOSE DE MAIPO,334406,701804,379469,6266471,1092,1963,12,253.835,m3/s
05704002,RIO MAIPO EN SAN ALFONSO,13,METROPOLITANA,SAN JOSE DE MAIPO,334406,701804,379469,6266471,1092,1964,1,292.8,m3/s
05704002,RIO MAIPO EN SAN ALFONSO,13,METROPOLITANA,SAN JOSE DE MAIPO,334406,701804,379469,6266471,1092,1964,4,39.2,m3/s
05704002,RIO MAIPO EN SAN ALFONSO,13,METROPOLITANA,SAN JOSE DE MAIPO,334406,701804,379469,6266471,1092,1964,5,40.117,m3/s
05704002,RIO MAIPO EN SAN ALFONSO,13,METROPOLITANA,SAN JOSE DE MAIPO,334406,701804,379469,6266471,1092,1964,6,45.04,m3/s
05704002,RIO MAIPO EN SAN ALFONSO,13,METROPOLITANA,SAN JOSE DE MAIPO,334406,701804,379469,6266471,1092,1964,8,27.254,m3/s
05704002,RIO MAIPO EN SAN ALFONSO,13,METROPOLITANA,SAN JOSE DE MAIPO,334406,701804,379469,6266471,1092,1964,9,36.52,m3/s
05704002,RIO MAIPO EN SAN ALFONSO,13,METROPOLITANA,SAN JOSE DE MAIPO,334406,701804,379469,6266471,1092,1964,10,45.558,m3/s
05704002,RIO MAIPO EN SAN ALFONSO,13,METROPOLITANA,SAN JOSE DE MAIPO,334406,701804,379469,6266471,1092,1964,11,69.46,m3/s
05704002,RIO MAIPO EN SAN ALFONSO,13,METROPOLITANA,SAN JOSE DE MAIPO,334406,701804,379469,6266471,1092,1964,12,73.95,m3/s
05704002,RIO MAIPO EN SAN ALFONSO,13,METROPOLITANA,SAN JOSE DE MAIPO,334406,701804,379469,6266471,1092,1965,1,83.432,m3/s
05704002,RIO MAIPO EN SAN ALFONSO,13,METROPOLITANA,SAN JOSE DE MAIPO,334406,701804,379469,6266471,1092,1965,2,66.029,m3/s
05704002,RIO MAIPO EN SAN ALFONSO,13,METROPOLITANA,SAN JOSE DE MAIPO,334406,701804,379469,6266471,1092,1965,3,50.748,m3/s
05704002,RIO MAIPO EN SAN ALFONSO,13,METROPOLITANA,SAN JOSE DE MAIPO,334406,701804,379469,6266471,1092,1965,4,44.32,m3/s
05704002,RIO MAIPO EN SAN ALFONSO,13,METROPOLITANA,SAN JOSE DE MAIPO,334406,701804,379469,6266471,1092,1965,5,31.884,m3/s
05704002,RIO MAIPO EN SAN ALFONSO,13,METROPOLITANA,SAN JOSE DE MAIPO,334406,701804,379469,6266471,1092,1965,6,30.647,m3/s
05704002,RIO MAIPO EN SAN ALFONSO,13,METROPOLITANA,SAN JOSE DE MAIPO,334406,701804,379469,6266471,1092,1965,7,28.568,m3/s
05704002,RIO MAIPO EN SAN ALFONSO,13,METROPOLITANA,SAN JOSE DE MAIPO,334406,701804,379469,6266471,1092,1965,8,37.232,m3/s
05704002,RIO MAIPO EN SAN ALFONSO,13,METROPOLITANA,SAN JOSE DE MAIPO,334406,701804,379469,6266471,1092,1965,9,43.76,m3/s
05704002,RIO MAIPO EN SAN ALFONSO,13,METROPOLITANA,SAN JOSE DE MAIPO,334406,701804,379469,6266471,1092,1965,10,72.719,m3/s
05704002,RIO MAIPO EN SAN ALFONSO,13,METROPOLITANA,SAN JOSE DE MAIPO,334406,701804,379469,6266471,1092,1965,11,144.463,m3/s
05704002,RIO MAIPO EN SAN ALFONSO,13,METROPOLITANA,SAN JOSE DE MAIPO,334406,701804,379469,6266471,1092,1965,12,151.968,m3/s
05704002,RIO MAIPO EN SAN ALFONSO,13,METROPOLITANA,SAN JOSE DE MAIPO,334406,701804,379469,6266471,1092,1966,1,213.355,m3/s
05704002,RIO MAIPO EN SAN ALFONSO,13,METROPOLITANA,SAN JOSE DE MAIPO,334406,701804,379469,6266471,1092,1966,2,129.293,m3/s
05704002,RIO MAIPO EN SAN ALFONSO,13,METROPOLITANA,SAN JOSE DE MAIPO,334406,701804,379469,6266471,1092,1966,3,74.213,m3/s
05704002,RIO MAIPO EN SAN ALFONSO,13,METROPOLITANA,SAN JOSE DE MAIPO,334406,701804,379469,6266471,1092,1966,4,52.008,m3/s
05704002,RIO MAIPO EN SAN ALFONSO,13,METROPOLITANA,SAN JOSE DE MAIPO,334406,701804,379469,6266471,1092,1966,5,35.425,m3/s
05704002,RIO MAIPO EN SAN ALFONSO,13,METROPOLITANA,SAN JOSE DE MAIPO,334406,701804,379469,6266471,1092,1966,6,34.153,m3/s
05704002,RIO MAIPO EN SAN ALFONSO,13,METROPOLITANA,SAN JOSE DE MAIPO,334406,701804,379469,6266471,1092,1966,7,29.774,m3/s
05704002,RIO MAIPO EN SAN ALFONSO,13,METROPOLITANA,SAN JOSE DE MAIPO,334406,701804,379469,6266471,1092,1966,8,27.361,m3/s
05704002,RIO MAIPO EN SAN ALFONSO,13,METROPOLITANA,SAN JOSE DE MAIPO,334406,701804,379469,6266471,1092,1966,9,35.753,m3/s
05704002,RIO MAIPO EN SAN ALFONSO,13,METROPOLITANA,SAN JOSE DE MAIPO,334406,701804,379469,6266471,1092,1966,10,65.835,m3/s
05704002,RIO MAIPO EN SAN ALFONSO,13,METROPOLITANA,SAN JOSE DE MAIPO,334406,701804,379469,6266471,1092,1966,11,123.227,m3/s
05704002,RIO MAIPO EN SAN ALFONSO,13,METROPOLITANA,SAN JOSE DE MAIPO,334406,701804,379469,6266471,1092,1966,12,148.435,m3/s
05704002,RIO MAIPO EN SAN ALFONSO,13,METROPOLITANA,SAN JOSE DE MAIPO,334406,701804,379469,6266471,1092,1967,1,105.125,m3/s
05704002,RIO MAIPO EN SAN ALFONSO,13,METROPOLITANA,SAN JOSE DE MAIPO,334406,701804,379469,6266471,1092,1967,2,91.325,m3/s
05704002,RIO MAIPO EN SAN ALFONSO,13,METROPOLITANA,SAN JOSE DE MAIPO,334406,701804,379469,6266471,1092,1967,3,51.017,m3/s
05704002,RIO MAIPO EN SAN ALFONSO,13,METROPOLITANA,SAN JOSE DE MAIPO,334406,701804,379469,6266471,1092,1967,4,38.8,m3/s
05704002,RIO MAIPO EN SAN ALFONSO,13,METROPOLITANA,SAN JOSE DE MAIPO,334406,701804,379469,6266471,1092,1967,6,22.362,m3/s
05704002,RIO MAIPO EN SAN ALFONSO,13,METROPOLITANA,SAN JOSE DE MAIPO,334406,701804,379469,6266471,1092,1967,9,21.705,m3/s
05704002,RIO MAIPO EN SAN ALFONSO,13,METROPOLITANA,SAN JOSE DE MAIPO,334406,701804,379469,6266471,1092,1967,10,46.806,m3/s
05704002,RIO MAIPO EN SAN ALFONSO,13,METROPOLITANA,SAN JOSE DE MAIPO,334406,701804,379469,6266471,1092,1967,11,76.705,m3/s
05704002,RIO MAIPO EN SAN ALFONSO,13,METROPOLITANA,SAN JOSE DE MAIPO,334406,701804,379469,6266471,1092,1967,12,93.587,m3/s
05704002,RIO MAIPO EN SAN ALFONSO,13,METROPOLITANA,SAN JOSE DE MAIPO,334406,701804,379469,6266471,1092,1968,1,72.715,m3/s
05704002,RIO MAIPO EN SAN ALFONSO,13,METROPOLITANA,SAN JOSE DE MAIPO,334406,701804,379469,6266471,1092,1968,2,53.874,m3/s
05704002,RIO MAIPO EN SAN ALFONSO,13,METROPOLITANA,SAN JOSE DE MAIPO,334406,701804,379469,6266471,1092,1968,3,49.835,m3/s
05704002,RIO MAIPO EN SAN ALFONSO,13,METROPOLITANA,SAN JOSE DE MAIPO,334406,701804,379469,6266471,1092,1968,4,39.559,m3/s
05704002,RIO MAIPO EN SAN ALFONSO,13,METROPOLITANA,SAN JOSE DE MAIPO,334406,701804,379469,6266471,1092,1968,5,31.04,m3/s
05704002,RIO MAIPO EN SAN ALFONSO,13,METROPOLITANA,SAN JOSE DE MAIPO,334406,701804,379469,6266471,1092,1968,10,31.076,m3/s
05704002,RIO MAIPO EN SAN ALFONSO,13,METROPOLITANA,SAN JOSE DE MAIPO,334406,701804,379469,6266471,1092,1968,11,39.52,m3/s
05704002,RIO MAIPO EN SAN ALFONSO,13,METROPOLITANA,SAN JOSE DE MAIPO,334406,701804,379469,6266471,1092,1968,12,28.619,m3/s
05704002,RIO MAIPO EN SAN ALFONSO,13,METROPOLITANA,SAN JOSE DE MAIPO,334406,701804,379469,6266471,1092,1969,1,35.474,m3/s
05704002,RIO MAIPO EN SAN ALFONSO,13,METROPOLITANA,SAN JOSE DE MAIPO,334406,701804,379469,6266471,1092,1969,3,24.188,m3/s
05704002,RIO MAIPO EN SAN ALFONSO,13,METROPOLITANA,SAN JOSE DE MAIPO,334406,701804,379469,6266471,1092,1969,4,19.61,m3/s
05704002,RIO MAIPO EN SAN ALFONSO,13,METROPOLITANA,SAN JOSE DE MAIPO,334406,701804,379469,6266471,1092,1969,5,17.561,m3/s
05704002,RIO MAIPO EN SAN ALFONSO,13,METROPOLITANA,SAN JOSE DE MAIPO,334406,701804,379469,6266471,1092,1969,6,24.753,m3/s
05704002,RIO MAIPO EN SAN ALFONSO,13,METROPOLITANA,SAN JOSE DE MAIPO,334406,701804,379469,6266471,1092,1969,7,23.494,m3/s
05704002,RIO MAIPO EN SAN ALFONSO,13,METROPOLITANA,SAN JOSE DE MAIPO,334406,701804,379469,6266471,1092,1969,8,19.61,m3/s
05704002,RIO MAIPO EN SAN ALFONSO,13,METROPOLITANA,SAN JOSE DE MAIPO,334406,701804,379469,6266471,1092,1969,9,30.967,m3/s
05704002,RIO MAIPO EN SAN ALFONSO,13,METROPOLITANA,SAN JOSE DE MAIPO,334406,701804,379469,6266471,1092,1969,10,58.474,m3/s
05704002,RIO MAIPO EN SAN ALFONSO,13,METROPOLITANA,SAN JOSE DE MAIPO,334406,701804,379469,6266471,1092,1969,11,81.287,m3/s
05704002,RIO MAIPO EN SAN ALFONSO,13,METROPOLITANA,SAN JOSE DE MAIPO,334406,701804,379469,6266471,1092,1969,12,159.194,m3/s
05704002,RIO MAIPO EN SAN ALFONSO,13,METROPOLITANA,SAN JOSE DE MAIPO,334406,701804,379469,6266471,1092,1970,1,101.829,m3/s
05704002,RIO MAIPO EN SAN ALFONSO,13,METROPOLITANA,SAN JOSE DE MAIPO,334406,701804,379469,6266471,1092,1970,2,71.25,m3/s
05704002,RIO MAIPO EN SAN ALFONSO,13,METROPOLITANA,SAN JOSE DE MAIPO,334406,701804,379469,6266471,1092,1970,3,48.048,m3/s
05704002,RIO MAIPO EN SAN ALFONSO,13,METROPOLITANA,SAN JOSE DE MAIPO,334406,701804,379469,6266471,1092,1970,4,32.71,m3/s
05704002,RIO MAIPO EN SAN ALFONSO,13,METROPOLITANA,SAN JOSE DE MAIPO,334406,701804,379469,6266471,1092,1970,5,30.745,m3/s
05704002,RIO MAIPO EN SAN ALFONSO,13,METROPOLITANA,SAN JOSE DE MAIPO,334406,701804,379469,6266471,1092,1970,6,26.907,m3/s
05704002,RIO MAIPO EN SAN ALFONSO,13,METROPOLITANA,SAN JOSE DE MAIPO,334406,701804,379469,6266471,1092,1970,7,27.99,m3/s
05704002,RIO MAIPO EN SAN ALFONSO,13,METROPOLITANA,SAN JOSE DE MAIPO,334406,701804,379469,6266471,1092,1970,8,18.948,m3/s
05704002,RIO MAIPO EN SAN ALFONSO,13,METROPOLITANA,SAN JOSE DE MAIPO,334406,701804,379469,6266471,1092,1970,9,32.483,m3/s
05704002,RIO MAIPO EN SAN ALFONSO,13,METROPOLITANA,SAN JOSE DE MAIPO,334406,701804,379469,6266471,1092,1970,10,52.658,m3/s
05704002,RIO MAIPO EN SAN ALFONSO,13,METROPOLITANA,SAN JOSE DE MAIPO,334406,701804,379469,6266471,1092,1970,11,70.167,m3/s
05704002,RIO MAIPO EN SAN ALFONSO,13,METROPOLITANA,SAN JOSE DE MAIPO,334406,701804,379469,6266471,1092,1970,12,85.783,m3/s
05704002,RIO MAIPO EN SAN ALFONSO,13,METROPOLITANA,SAN JOSE DE MAIPO,334406,701804,379469,6266471,1092,1971,1,57.178,m3/s
05704002,RIO MAIPO EN SAN ALFONSO,13,METROPOLITANA,SAN JOSE DE MAIPO,334406,701804,379469,6266471,1092,1971,2,51.064,m3/s
05704002,RIO MAIPO EN SAN ALFONSO,13,METROPOLITANA,SAN JOSE DE MAIPO,334406,701804,379469,6266471,1092,1971,3,36.561,m3/s
05704002,RIO MAIPO EN SAN ALFONSO,13,METROPOLITANA,SAN JOSE DE MAIPO,334406,701804,379469,6266471,1092,1971,4,26.893,m3/s
05704002,RIO MAIPO EN SAN ALFONSO,13,METROPOLITANA,SAN JOSE DE MAIPO,334406,701804,379469,6266471,1092,1971,5,17.34,m3/s
05704002,RIO MAIPO EN SAN ALFONSO,13,METROPOLITANA,SAN JOSE DE MAIPO,334406,701804,379469,6266471,1092,1971,6,16.377,m3/s
05704002,RIO MAIPO EN SAN ALFONSO,13,METROPOLITANA,SAN JOSE DE MAIPO,334406,701804,379469,6266471,1092,1971,7,21.597,m3/s
05704002,RIO MAIPO EN SAN ALFONSO,13,METROPOLITANA,SAN JOSE DE MAIPO,334406,701804,379469,6266471,1092,1971,8,21.681,m3/s
05704002,RIO MAIPO EN SAN ALFONSO,13,METROPOLITANA,SAN JOSE DE MAIPO,334406,701804,379469,6266471,1092,1971,9,28.553,m3/s
05704002,RIO MAIPO EN SAN ALFONSO,13,METROPOLITANA,SAN JOSE DE MAIPO,334406,701804,379469,6266471,1092,1971,10,60.965,m3/s
05704002,RIO MAIPO EN SAN ALFONSO,13,METROPOLITANA,SAN JOSE DE MAIPO,334406,701804,379469,6266471,1092,1971,11,133.633,m3/s
05704002,RIO MAIPO EN SAN ALFONSO,13,METROPOLITANA,SAN JOSE DE MAIPO,334406,701804,379469,6266471,1092,1972,1,75.045,m3/s
05704002,RIO MAIPO EN SAN ALFONSO,13,METROPOLITANA,SAN JOSE DE MAIPO,334406,701804,379469,6266471,1092,1972,2,64.825,m3/s
05704002,RIO MAIPO EN SAN ALFONSO,13,METROPOLITANA,SAN JOSE DE MAIPO,334406,701804,379469,6266471,1092,1972,3,59.462,m3/s
05704002,RIO MAIPO EN SAN ALFONSO,13,METROPOLITANA,SAN JOSE DE MAIPO,334406,701804,379469,6266471,1092,1972,4,42.78,m3/s
05704002,RIO MAIPO EN SAN ALFONSO,13,METROPOLITANA,SAN JOSE DE MAIPO,334406,701804,379469,6266471,1092,1972,5,56.18,m3/s
05704002,RIO MAIPO EN SAN ALFONSO,13,METROPOLITANA,SAN JOSE DE MAIPO,334406,701804,379469,6266471,1092,1972,6,72.45,m3/s
05704002,RIO MAIPO EN SAN ALFONSO,13,METROPOLITANA,SAN JOSE DE MAIPO,334406,701804,379469,6266471,1092,1972,10,91.455,m3/s
05704002,RIO MAIPO EN SAN ALFONSO,13,METROPOLITANA,SAN JOSE DE MAIPO,334406,701804,379469,6266471,1092,1972,11,127.697,m3/s
05704002,RIO MAIPO EN SAN ALFONSO,13,METROPOLITANA,SAN JOSE DE MAIPO,334406,701804,379469,6266471,1092,1972,12,196.077,m3/s
05704002,RIO MAIPO EN SAN ALFONSO,13,METROPOLITANA,SAN JOSE DE MAIPO,334406,701804,379469,6266471,1092,1973,6,37.078,m3/s
05704002,RIO MAIPO EN SAN ALFONSO,13,METROPOLITANA,SAN JOSE DE MAIPO,334406,701804,379469,6266471,1092,1973,7,36.239,m3/s
05704002,RIO MAIPO EN SAN ALFONSO,13,METROPOLITANA,SAN JOSE DE MAIPO,334406,701804,379469,6266471,1092,1973,8,30.523,m3/s
05704002,RIO MAIPO EN SAN ALFONSO,13,METROPOLITANA,SAN JOSE DE MAIPO,334406,701804,379469,6266471,1092,1973,10,64.85,m3/s
05704002,RIO MAIPO EN SAN ALFONSO,13,METROPOLITANA,SAN JOSE DE MAIPO,334406,701804,379469,6266471,1092,1973,11,98.765,m3/s
05704002,RIO MAIPO EN SAN ALFONSO,13,METROPOLITANA,SAN JOSE DE MAIPO,334406,701804,379469,6266471,1092,1974,6,41.984,m3/s
05704002,RIO MAIPO EN SAN ALFONSO,13,METROPOLITANA,SAN JOSE DE MAIPO,334406,701804,379469,6266471,1092,1974,7,33.352,m3/s
05704002,RIO MAIPO EN SAN ALFONSO,13,METROPOLITANA,SAN JOSE DE MAIPO,334406,701804,379469,6266471,1092,1974,8,25.403,m3/s
05704002,RIO MAIPO EN SAN ALFONSO,13,METROPOLITANA,SAN JOSE DE MAIPO,334406,701804,379469,6266471,1092,1974,9,32.217,m3/s
05704002,RIO MAIPO EN SAN ALFONSO,13,METROPOLITANA,SAN JOSE DE MAIPO,334406,701804,379469,6266471,1092,1974,10,60.425,m3/s
05704002,RIO MAIPO EN SAN ALFONSO,13,METROPOLITANA,SAN JOSE DE MAIPO,334406,701804,379469,6266471,1092,1975,1,145.176,m3/s
05704002,RIO MAIPO EN SAN ALFONSO,13,METROPOLITANA,SAN JOSE DE MAIPO,334406,701804,379469,6266471,1092,1975,2,90.656,m3/s
05704002,RIO MAIPO EN SAN ALFONSO,13,METROPOLITANA,SAN JOSE DE MAIPO,334406,701804,379469,6266471,1092,1975,3,65.981,m3/s
05704002,RIO MAIPO EN SAN ALFONSO,13,METROPOLITANA,SAN JOSE DE MAIPO,334406,701804,379469,6266471,1092,1975,4,47.673,m3/s
05704002,RIO MAIPO EN SAN ALFONSO,13,METROPOLITANA,SAN JOSE DE MAIPO,334406,701804,379469,6266471,1092,1975,5,35.313,m3/s
05704002,RIO MAIPO EN SAN ALFONSO,13,METROPOLITANA,SAN JOSE DE MAIPO,334406,701804,379469,6266471,1092,1975,6,25.677,m3/s
05704002,RIO MAIPO EN SAN ALFONSO,13,METROPOLITANA,SAN JOSE DE MAIPO,334406,701804,379469,6266471,1092,1975,7,25.197,m3/s
05704002,RIO MAIPO EN SAN ALFONSO,13,METROPOLITANA,SAN JOSE DE MAIPO,334406,701804,379469,6266471,1092,1975,8,26.887,m3/s
05704002,RIO MAIPO EN SAN ALFONSO,13,METROPOLITANA,SAN JOSE DE MAIPO,334406,701804,379469,6266471,1092,1975,9,38.37,m3/s
05704002,RIO MAIPO EN SAN ALFONSO,13,METROPOLITANA,SAN JOSE DE MAIPO,334406,701804,379469,6266471,1092,1975,10,60.948,m3/s
05704002,RIO MAIPO EN SAN ALFONSO,13,METROPOLITANA,SAN JOSE DE MAIPO,334406,701804,379469,6266471,1092,1975,11,85.303,m3/s
05704002,RIO MAIPO EN SAN ALFONSO,13,METROPOLITANA,SAN JOSE DE MAIPO,334406,701804,379469,6266471,1092,1975,12,110.387,m3/s
05704002,RIO MAIPO EN SAN ALFONSO,13,METROPOLITANA,SAN JOSE DE MAIPO,334406,701804,379469,6266471,1092,1976,1,74.674,m3/s
05704002,RIO MAIPO EN SAN ALFONSO,13,METROPOLITANA,SAN JOSE DE MAIPO,334406,701804,379469,6266471,1092,1976,2,78.459,m3/s
05704002,RIO MAIPO EN SAN ALFONSO,13,METROPOLITANA,SAN JOSE DE MAIPO,334406,701804,379469,6266471,1092,1976,3,67.032,m3/s
05704002,RIO MAIPO EN SAN ALFONSO,13,METROPOLITANA,SAN JOSE DE MAIPO,334406,701804,379469,6266471,1092,1976,4,31.11,m3/s
05704002,RIO MAIPO EN SAN ALFONSO,13,METROPOLITANA,SAN JOSE DE MAIPO,334406,701804,379469,6266471,1092,1976,5,21.803,m3/s
05704002,RIO MAIPO EN SAN ALFONSO,13,METROPOLITANA,SAN JOSE DE MAIPO,334406,701804,379469,6266471,1092,1976,6,21.98,m3/s
05704002,RIO MAIPO EN SAN ALFONSO,13,METROPOLITANA,SAN JOSE DE MAIPO,334406,701804,379469,6266471,1092,1976,7,22.0,m3/s
05704002,RIO MAIPO EN SAN ALFONSO,13,METROPOLITANA,SAN JOSE DE MAIPO,334406,701804,379469,6266471,1092,1976,8,21.003,m3/s
05704002,RIO MAIPO EN SAN ALFONSO,13,METROPOLITANA,SAN JOSE DE MAIPO,334406,701804,379469,6266471,1092,1976,9,33.43,m3/s
05704002,RIO MAIPO EN SAN ALFONSO,13,METROPOLITANA,SAN JOSE DE MAIPO,334406,701804,379469,6266471,1092,1976,10,35.465,m3/s
05704002,RIO MAIPO EN SAN ALFONSO,13,METROPOLITANA,SAN JOSE DE MAIPO,334406,701804,379469,6266471,1092,1976,11,74.763,m3/s
05704002,RIO MAIPO EN SAN ALFONSO,13,METROPOLITANA,SAN JOSE DE MAIPO,334406,701804,379469,6266471,1092,1976,12,99.271,m3/s
05704002,RIO MAIPO EN SAN ALFONSO,13,METROPOLITANA,SAN JOSE DE MAIPO,334406,701804,379469,6266471,1092,1977,1,81.826,m3/s
05704002,RIO MAIPO EN SAN ALFONSO,13,METROPOLITANA,SAN JOSE DE MAIPO,334406,701804,379469,6266471,1092,1977,2,66.414,m3/s
05704002,RIO MAIPO EN SAN ALFONSO,13,METROPOLITANA,SAN JOSE DE MAIPO,334406,701804,379469,6266471,1092,1977,3,52.813,m3/s
05704002,RIO MAIPO EN SAN ALFONSO,13,METROPOLITANA,SAN JOSE DE MAIPO,334406,701804,379469,6266471,1092,1977,4,36.67,m3/s
05704002,RIO MAIPO EN SAN ALFONSO,13,METROPOLITANA,SAN JOSE DE MAIPO,334406,701804,379469,6266471,1092,1977,5,26.897,m3/s
05704002,RIO MAIPO EN SAN ALFONSO,13,METROPOLITANA,SAN JOSE DE MAIPO,334406,701804,379469,6266471,1092,1977,6,26.753,m3/s
05704002,RIO MAIPO EN SAN ALFONSO,13,METROPOLITANA,SAN JOSE DE MAIPO,334406,701804,379469,6266471,1092,1977,7,40.915,m3/s
05704002,RIO MAIPO EN SAN ALFONSO,13,METROPOLITANA,SAN JOSE DE MAIPO,334406,701804,379469,6266471,1092,1977,8,46.462,m3/s
05704002,RIO MAIPO EN SAN ALFONSO,13,METROPOLITANA,SAN JOSE DE MAIPO,334406,701804,379469,6266471,1092,1977,9,50.605,m3/s
05704002,RIO MAIPO EN SAN ALFONSO,13,METROPOLITANA,SAN JOSE DE MAIPO,334406,701804,379469,6266471,1092,1977,10,123.3,m3/s
05704002,RIO MAIPO EN SAN ALFONSO,13,METROPOLITANA,SAN JOSE DE MAIPO,334406,701804,379469,6266471,1092,1977,11,177.333,m3/s
05704002,RIO MAIPO EN SAN ALFONSO,13,METROPOLITANA,SAN JOSE DE MAIPO,334406,701804,379469,6266471,1092,1977,12,222.389,m3/s
05704002,RIO MAIPO EN SAN ALFONSO,13,METROPOLITANA,SAN JOSE DE MAIPO,334406,701804,379469,6266471,1092,1978,1,154.167,m3/s
05704002,RIO MAIPO EN SAN ALFONSO,13,METROPOLITANA,SAN JOSE DE MAIPO,334406,701804,379469,6266471,1092,1978,2,94.907,m3/s
05704002,RIO MAIPO EN SAN ALFONSO,13,METROPOLITANA,SAN JOSE DE MAIPO,334406,701804,379469,6266471,1092,1978,3,66.881,m3/s
05704002,RIO MAIPO EN SAN ALFONSO,13,METROPOLITANA,SAN JOSE DE MAIPO,334406,701804,379469,6266471,1092,1978,4,44.496,m3/s
05704002,RIO MAIPO EN SAN ALFONSO,13,METROPOLITANA,SAN JOSE DE MAIPO,334406,701804,379469,6266471,1092,1978,5,36.59,m3/s
05704002,RIO MAIPO EN SAN ALFONSO,13,METROPOLITANA,SAN JOSE DE MAIPO,334406,701804,379469,6266471,1092,1978,6,32.93,m3/s
05704002,RIO MAIPO EN SAN ALFONSO,13,METROPOLITANA,SAN JOSE DE MAIPO,334406,701804,379469,6266471,1092,1978,7,35.394,m3/s
05704002,RIO MAIPO EN SAN ALFONSO,13,METROPOLITANA,SAN JOSE DE MAIPO,334406,701804,379469,6266471,1092,1978,8,47.478,m3/s
05704002,RIO MAIPO EN SAN ALFONSO,13,METROPOLITANA,SAN JOSE DE MAIPO,334406,701804,379469,6266471,1092,1978,9,46.21,m3/s
05704002,RIO MAIPO EN SAN ALFONSO,13,METROPOLITANA,SAN JOSE DE MAIPO,334406,701804,379469,6266471,1092,1978,10,63.623,m3/s
05704002,RIO MAIPO EN SAN ALFONSO,13,METROPOLITANA,SAN JOSE DE MAIPO,334406,701804,379469,6266471,1092,1978,11,136.543,m3/s
05704002,RIO MAIPO EN SAN ALFONSO,13,METROPOLITANA,SAN JOSE DE MAIPO,334406,701804,379469,6266471,1092,1979,2,142.364,m3/s
05704002,RIO MAIPO EN SAN ALFONSO,13,METROPOLITANA,SAN JOSE DE MAIPO,334406,701804,379469,6266471,1092,1979,3,71.526,m3/s
05704002,RIO MAIPO EN SAN ALFONSO,13,METROPOLITANA,SAN JOSE DE MAIPO,334406,701804,379469,6266471,1092,1979,4,44.167,m3/s
05704002,RIO MAIPO EN SAN ALFONSO,13,METROPOLITANA,SAN JOSE DE MAIPO,334406,701804,379469,6266471,1092,1979,5,40.316,m3/s
05704002,RIO MAIPO EN SAN ALFONSO,13,METROPOLITANA,SAN JOSE DE MAIPO,334406,701804,379469,6266471,1092,1979,6,34.37,m3/s
05704002,RIO MAIPO EN SAN ALFONSO,13,METROPOLITANA,SAN JOSE DE MAIPO,334406,701804,379469,6266471,1092,1979,7,29.61,m3/s
05704002,RIO MAIPO EN SAN ALFONSO,13,METROPOLITANA,SAN JOSE DE MAIPO,334406,701804,379469,6266471,1092,1979,8,31.85,m3/s
05704002,RIO MAIPO EN SAN ALFONSO,13,METROPOLITANA,SAN JOSE DE MAIPO,334406,701804,379469,6266471,1092,1979,9,29.173,m3/s
05704002,RIO MAIPO EN SAN ALFONSO,13,METROPOLITANA,SAN JOSE DE MAIPO,334406,701804,379469,6266471,1092,1979,10,38.052,m3/s
05704002,RIO MAIPO EN SAN ALFONSO,13,METROPOLITANA,SAN JOSE DE MAIPO,334406,701804,379469,6266471,1092,1979,11,61.83,m3/s
05704002,RIO MAIPO EN SAN ALFONSO,13,METROPOLITANA,SAN JOSE DE MAIPO,334406,701804,379469,6266471,1092,1979,12,129.638,m3/s
05704002,RIO MAIPO EN SAN ALFONSO,13,METROPOLITANA,SAN JOSE DE MAIPO,334406,701804,379469,6266471,1092,1980,1,191.556,m3/s
05704002,RIO MAIPO EN SAN ALFONSO,13,METROPOLITANA,SAN JOSE DE MAIPO,334406,701804,379469,6266471,1092,1980,2,113.41,m3/s
05704002,RIO MAIPO EN SAN ALFONSO,13,METROPOLITANA,SAN JOSE DE MAIPO,334406,701804,379469,6266471,1092,1980,3,74.667,m3/s
05704002,RIO MAIPO EN SAN ALFONSO,13,METROPOLITANA,SAN JOSE DE MAIPO,334406,701804,379469,6266471,1092,1980,4,76.875,m3/s
05704002,RIO MAIPO EN SAN ALFONSO,13,METROPOLITANA,SAN JOSE DE MAIPO,334406,701804,379469,6266471,1092,1980,5,77.348,m3/s
05704002,RIO MAIPO EN SAN ALFONSO,13,METROPOLITANA,SAN JOSE DE MAIPO,334406,701804,379469,6266471,1092,1980,6,70.96,m3/s
05704002,RIO MAIPO EN SAN ALFONSO,13,METROPOLITANA,SAN JOSE DE MAIPO,334406,701804,379469,6266471,1092,1980,7,69.61,m3/s
05704002,RIO MAIPO EN SAN ALFONSO,13,METROPOLITANA,SAN JOSE DE MAIPO,334406,701804,379469,6266471,1092,1980,8,59.581,m3/s
05704002,RIO MAIPO EN SAN ALFONSO,13,METROPOLITANA,SAN JOSE DE MAIPO,334406,701804,379469,6266471,1092,1980,9,61.84,m3/s
05704002,RIO MAIPO EN SAN ALFONSO,13,METROPOLITANA,SAN JOSE DE MAIPO,334406,701804,379469,6266471,1092,1980,10,74.952,m3/s
05704002,RIO MAIPO EN SAN ALFONSO,13,METROPOLITANA,SAN JOSE DE MAIPO,334406,701804,379469,6266471,1092,1980,11,123.6,m3/s
05704002,RIO MAIPO EN SAN ALFONSO,13,METROPOLITANA,SAN JOSE DE MAIPO,334406,701804,379469,6266471,1092,1980,12,281.5,m3/s
05704002,RIO MAIPO EN SAN ALFONSO,13,METROPOLITANA,SAN JOSE DE MAIPO,334406,701804,379469,6266471,1092,1981,3,69.019,m3/s
05704002,RIO MAIPO EN SAN ALFONSO,13,METROPOLITANA,SAN JOSE DE MAIPO,334406,701804,379469,6266471,1092,1981,4,48.367,m3/s
05704002,RIO MAIPO EN SAN ALFONSO,13,METROPOLITANA,SAN JOSE DE MAIPO,334406,701804,379469,6266471,1092,1981,5,42.103,m3/s
05704002,RIO MAIPO EN SAN ALFONSO,13,METROPOLITANA,SAN JOSE DE MAIPO,334406,701804,379469,6266471,1092,1981,6,36.96,m3/s
05704002,RIO MAIPO EN SAN ALFONSO,13,METROPOLITANA,SAN JOSE DE MAIPO,334406,701804,379469,6266471,1092,1981,7,33.977,m3/s
05704002,RIO MAIPO EN SAN ALFONSO,13,METROPOLITANA,SAN JOSE DE MAIPO,334406,701804,379469,6266471,1092,1981,8,34.503,m3/s
05704002,RIO MAIPO EN SAN ALFONSO,13,METROPOLITANA,SAN JOSE DE MAIPO,334406,701804,379469,6266471,1092,1981,9,37.85,m3/s
05704002,RIO MAIPO EN SAN ALFONSO,13,METROPOLITANA,SAN JOSE DE MAIPO,334406,701804,379469,6266471,1092,1981,10,56.448,m3/s
05704002,RIO MAIPO EN SAN ALFONSO,13,METROPOLITANA,SAN JOSE DE MAIPO,334406,701804,379469,6266471,1092,1981,11,95.95,m3/s
05704002,RIO MAIPO EN SAN ALFONSO,13,METROPOLITANA,SAN JOSE DE MAIPO,334406,701804,379469,6266471,1092,1981,12,99.987,m3/s
05704002,RIO MAIPO EN SAN ALFONSO,13,METROPOLITANA,SAN JOSE DE MAIPO,334406,701804,379469,6266471,1092,1982,1,88.819,m3/s
05704002,RIO MAIPO EN SAN ALFONSO,13,METROPOLITANA,SAN JOSE DE MAIPO,334406,701804,379469,6266471,1092,1982,2,73.618,m3/s
05704002,RIO MAIPO EN SAN ALFONSO,13,METROPOLITANA,SAN JOSE DE MAIPO,334406,701804,379469,6266471,1092,1982,3,50.529,m3/s
05704002,RIO MAIPO EN SAN ALFONSO,13,METROPOLITANA,SAN JOSE DE MAIPO,334406,701804,379469,6266471,1092,1982,4,39.947,m3/s
05704002,RIO MAIPO EN SAN ALFONSO,13,METROPOLITANA,SAN JOSE DE MAIPO,334406,701804,379469,6266471,1092,1982,5,31.068,m3/s
05704002,RIO MAIPO EN SAN ALFONSO,13,METROPOLITANA,SAN JOSE DE MAIPO,334406,701804,379469,6266471,1092,1982,6,41.493,m3/s
05704002,RIO MAIPO EN SAN ALFONSO,13,METROPOLITANA,SAN JOSE DE MAIPO,334406,701804,379469,6266471,1092,1982,7,68.426,m3/s
05704002,RIO MAIPO EN SAN ALFONSO,13,METROPOLITANA,SAN JOSE DE MAIPO,334406,701804,379469,6266471,1092,1982,8,58.89,m3/s
05704002,RIO MAIPO EN SAN ALFONSO,13,METROPOLITANA,SAN JOSE DE MAIPO,334406,701804,379469,6266471,1092,1982,9,89.67,m3/s
05704002,RIO MAIPO EN SAN ALFONSO,13,METROPOLITANA,SAN JOSE DE MAIPO,334406,701804,379469,6266471,1092,1982,10,94.41,m3/s
05704002,RIO MAIPO EN SAN ALFONSO,13,METROPOLITANA,SAN JOSE DE MAIPO,334406,701804,379469,6266471,1092,1982,11,187.867,m3/s
05704002,RIO MAIPO EN SAN ALFONSO,13,METROPOLITANA,SAN JOSE DE MAIPO,334406,701804,379469,6266471,1092,1982,12,373.31,m3/s
05704002,RIO MAIPO EN SAN ALFONSO,13,METROPOLITANA,SAN JOSE DE MAIPO,334406,701804,379469,6266471,1092,1983,1,413.519,m3/s
05704002,RIO MAIPO EN SAN ALFONSO,13,METROPOLITANA,SAN JOSE DE MAIPO,334406,701804,379469,6266471,1092,1983,2,278.821,m3/s
05704002,RIO MAIPO EN SAN ALFONSO,13,METROPOLITANA,SAN JOSE DE MAIPO,334406,701804,379469,6266471,1092,1983,3,163.097,m3/s
05704002,RIO MAIPO EN SAN ALFONSO,13,METROPOLITANA,SAN JOSE DE MAIPO,334406,701804,379469,6266471,1092,1983,4,94.263,m3/s
05704002,RIO MAIPO EN SAN ALFONSO,13,METROPOLITANA,SAN JOSE DE MAIPO,334406,701804,379469,6266471,1092,1983,5,64.416,m3/s
05704002,RIO MAIPO EN SAN ALFONSO,13,METROPOLITANA,SAN JOSE DE MAIPO,334406,701804,379469,6266471,1092,1983,6,49.503,m3/s
05704002,RIO MAIPO EN SAN ALFONSO,13,METROPOLITANA,SAN JOSE DE MAIPO,334406,701804,379469,6266471,1092,1983,7,57.387,m3/s
05704002,RIO MAIPO EN SAN ALFONSO,13,METROPOLITANA,SAN JOSE DE MAIPO,334406,701804,379469,6266471,1092,1983,8,53.665,m3/s
05704002,RIO MAIPO EN SAN ALFONSO,13,METROPOLITANA,SAN JOSE DE MAIPO,334406,701804,379469,6266471,1092,1983,9,41.833,m3/s
05704002,RIO MAIPO EN SAN ALFONSO,13,METROPOLITANA,SAN JOSE DE MAIPO,334406,701804,379469,6266471,1092,1983,10,77.045,m3/s
05704002,RIO MAIPO EN SAN ALFONSO,13,METROPOLITANA,SAN JOSE DE MAIPO,334406,701804,379469,6266471,1092,1983,11,139.8,m3/s
05704002,RIO MAIPO EN SAN ALFONSO,13,METROPOLITANA,SAN JOSE DE MAIPO,334406,701804,379469,6266471,1092,1983,12,178.581,m3/s
05704002,RIO MAIPO EN SAN ALFONSO,13,METROPOLITANA,SAN JOSE DE MAIPO,334406,701804,379469,6266471,1092,1984,1,145.806,m3/s
05704002,RIO MAIPO EN SAN ALFONSO,13,METROPOLITANA,SAN JOSE DE MAIPO,334406,701804,379469,6266471,1092,1984,2,115.241,m3/s
05704002,RIO MAIPO EN SAN ALFONSO,13,METROPOLITANA,SAN JOSE DE MAIPO,334406,701804,379469,6266471,1092,1984,3,75.813,m3/s
05704002,RIO MAIPO EN SAN ALFONSO,13,METROPOLITANA,SAN JOSE DE MAIPO,334406,701804,379469,6266471,1092,1984,4,49.319,m3/s
05704002,RIO MAIPO EN SAN ALFONSO,13,METROPOLITANA,SAN JOSE DE MAIPO,334406,701804,379469,6266471,1092,1984,5,44.613,m3/s
05704002,RIO MAIPO EN SAN ALFONSO,13,METROPOLITANA,SAN JOSE DE MAIPO,334406,701804,379469,6266471,1092,1984,6,31.797,m3/s
05704002,RIO MAIPO EN SAN ALFONSO,13,METROPOLITANA,SAN JOSE DE MAIPO,334406,701804,379469,6266471,1092,1984,7,34.933,m3/s
05704002,RIO MAIPO EN SAN ALFONSO,13,METROPOLITANA,SAN JOSE DE MAIPO,334406,701804,379469,6266471,1092,1984,8,34.271,m3/s
05704002,RIO MAIPO EN SAN ALFONSO,13,METROPOLITANA,SAN JOSE DE MAIPO,334406,701804,379469,6266471,1092,1984,9,42.137,m3/s
05704002,RIO MAIPO EN SAN ALFONSO,13,METROPOLITANA,SAN JOSE DE MAIPO,334406,701804,379469,6266471,1092,1984,10,95.039,m3/s
05704002,RIO MAIPO EN SAN ALFONSO,13,METROPOLITANA,SAN JOSE DE MAIPO,334406,701804,379469,6266471,1092,1984,11,133.96,m3/s
05704002,RIO MAIPO EN SAN ALFONSO,13,METROPOLITANA,SAN JOSE DE MAIPO,334406,701804,379469,6266471,1092,1984,12,212.097,m3/s
05704002,RIO MAIPO EN SAN ALFONSO,13,METROPOLITANA,SAN JOSE DE MAIPO,334406,701804,379469,6266471,1092,1985,1,207.258,m3/s
05704002,RIO MAIPO EN SAN ALFONSO,13,METROPOLITANA,SAN JOSE DE MAIPO,334406,701804,379469,6266471,1092,1985,2,131.714,m3/s
05704002,RIO MAIPO EN SAN ALFONSO,13,METROPOLITANA,SAN JOSE DE MAIPO,334406,701804,379469,6266471,1092,1985,3,106.81,m3/s
05704002,RIO MAIPO EN SAN ALFONSO,13,METROPOLITANA,SAN JOSE DE MAIPO,334406,701804,379469,6266471,1092,1985,4,65.3,m3/s
05704002,RIO MAIPO EN SAN ALFONSO,13,METROPOLITANA,SAN JOSE DE MAIPO,334406,701804,379469,6266471,1092,1985,5,60.342,m3/s
05704002,RIO MAIPO EN SAN ALFONSO,13,METROPOLITANA,SAN JOSE DE MAIPO,334406,701804,379469,6266471,1092,1985,6,49.753,m3/s
05704002,RIO MAIPO EN SAN ALFONSO,13,METROPOLITANA,SAN JOSE DE MAIPO,334406,701804,379469,6266471,1092,1985,7,34.448,m3/s
05704002,RIO MAIPO EN SAN ALFONSO,13,METROPOLITANA,SAN JOSE DE MAIPO,334406,701804,379469,6266471,1092,1985,8,32.19,m3/s
05704002,RIO MAIPO EN SAN ALFONSO,13,METROPOLITANA,SAN JOSE DE MAIPO,334406,701804,379469,6266471,1092,1985,9,47.217,m3/s
05704002,RIO MAIPO EN SAN ALFONSO,13,METROPOLITANA,SAN JOSE DE MAIPO,334406,701804,379469,6266471,1092,1985,10,60.084,m3/s
05704002,RIO MAIPO EN SAN ALFONSO,13,METROPOLITANA,SAN JOSE DE MAIPO,334406,701804,379469,6266471,1092,1985,11,101.5,m3/s
05704002,RIO MAIPO EN SAN ALFONSO,13,METROPOLITANA,SAN JOSE DE MAIPO,334406,701804,379469,6266471,1092,1985,12,115.806,m3/s
05704002,RIO MAIPO EN SAN ALFONSO,13,METROPOLITANA,SAN JOSE DE MAIPO,334406,701804,379469,6266471,1092,1986,1,91.545,m3/s
05704002,RIO MAIPO EN SAN ALFONSO,13,METROPOLITANA,SAN JOSE DE MAIPO,334406,701804,379469,6266471,1092,1986,2,75.582,m3/s
05704002,RIO MAIPO EN SAN ALFONSO,13,METROPOLITANA,SAN JOSE DE MAIPO,334406,701804,379469,6266471,1092,1986,3,59.703,m3/s
05704002,RIO MAIPO EN SAN ALFONSO,13,METROPOLITANA,SAN JOSE DE MAIPO,334406,701804,379469,6266471,1092,1986,4,47.523,m3/s
05704002,RIO MAIPO EN SAN ALFONSO,13,METROPOLITANA,SAN JOSE DE MAIPO,334406,701804,379469,6266471,1092,1986,5,34.406,m3/s
05704002,RIO MAIPO EN SAN ALFONSO,13,METROPOLITANA,SAN JOSE DE MAIPO,334406,701804,379469,6266471,1092,1986,6,118.677,m3/s
05704002,RIO MAIPO EN SAN ALFONSO,13,METROPOLITANA,SAN JOSE DE MAIPO,334406,701804,379469,6266471,1092,1986,7,53.839,m3/s
05704002,RIO MAIPO EN SAN ALFONSO,13,METROPOLITANA,SAN JOSE DE MAIPO,334406,701804,379469,6266471,1092,1986,8,44.765,m3/s
05704002,RIO MAIPO EN SAN ALFONSO,13,METROPOLITANA,SAN JOSE DE MAIPO,334406,701804,379469,6266471,1092,1986,9,61.48,m3/s
05704002,RIO MAIPO EN SAN ALFONSO,13,METROPOLITANA,SAN JOSE DE MAIPO,334406,701804,379469,6266471,1092,1986,10,87.487,m3/s
05704002,RIO MAIPO EN SAN ALFONSO,13,METROPOLITANA,SAN JOSE DE MAIPO,334406,701804,379469,6266471,1092,1986,11,87.667,m3/s
05704002,RIO MAIPO EN SAN ALFONSO,13,METROPOLITANA,SAN JOSE DE MAIPO,334406,701804,379469,6266471,1092,1986,12,235.665,m3/s
05704002,RIO MAIPO EN SAN ALFONSO,13,METROPOLITANA,SAN JOSE DE MAIPO,334406,701804,379469,6266471,1092,1987,1,235.29,m3/s
05704002,RIO MAIPO EN SAN ALFONSO,13,METROPOLITANA,SAN JOSE DE MAIPO,334406,701804,379469,6266471,1092,1987,2,165.143,m3/s
05704002,RIO MAIPO EN SAN ALFONSO,13,METROPOLITANA,SAN JOSE DE MAIPO,334406,701804,379469,6266471,1092,1987,3,106.61,m3/s
05704002,RIO MAIPO EN SAN ALFONSO,13,METROPOLITANA,SAN JOSE DE MAIPO,334406,701804,379469,6266471,1092,1987,4,62.45,m3/s
05704002,RIO MAIPO EN SAN ALFONSO,13,METROPOLITANA,SAN JOSE DE MAIPO,334406,701804,379469,6266471,1092,1987,5,44.394,m3/s
05704002,RIO MAIPO EN SAN ALFONSO,13,METROPOLITANA,SAN JOSE DE MAIPO,334406,701804,379469,6266471,1092,1987,6,40.483,m3/s
05704002,RIO MAIPO EN SAN ALFONSO,13,METROPOLITANA,SAN JOSE DE MAIPO,334406,701804,379469,6266471,1092,1987,7,50.716,m3/s
05704002,RIO MAIPO EN SAN ALFONSO,13,METROPOLITANA,SAN JOSE DE MAIPO,334406,701804,379469,6266471,1092,1987,8,61.671,m3/s
05704002,RIO MAIPO EN SAN ALFONSO,13,METROPOLITANA,SAN JOSE DE MAIPO,334406,701804,379469,6266471,1092,1987,9,74.2,m3/s
05704002,RIO MAIPO EN SAN ALFONSO,13,METROPOLITANA,SAN JOSE DE MAIPO,334406,701804,379469,6266471,1092,1987,10,93.726,m3/s
05704002,RIO MAIPO EN SAN ALFONSO,13,METROPOLITANA,SAN JOSE DE MAIPO,334406,701804,379469,6266471,1092,1987,11,206.367,m3/s
05704002,RIO MAIPO EN SAN ALFONSO,13,METROPOLITANA,SAN JOSE DE MAIPO,334406,701804,379469,6266471,1092,1987,12,290.323,m3/s
05704002,RIO MAIPO EN SAN ALFONSO,13,METROPOLITANA,SAN JOSE DE MAIPO,334406,701804,379469,6266471,1092,1988,1,242.871,m3/s
05704002,RIO MAIPO EN SAN ALFONSO,13,METROPOLITANA,SAN JOSE DE MAIPO,334406,701804,379469,6266471,1092,1988,2,173.69,m3/s
05704002,RIO MAIPO EN SAN ALFONSO,13,METROPOLITANA,SAN JOSE DE MAIPO,334406,701804,379469,6266471,1092,1988,3,112.255,m3/s
05704002,RIO MAIPO EN SAN ALFONSO,13,METROPOLITANA,SAN JOSE DE MAIPO,334406,701804,379469,6266471,1092,1988,4,74.197,m3/s
05704002,RIO MAIPO EN SAN ALFONSO,13,METROPOLITANA,SAN JOSE DE MAIPO,334406,701804,379469,6266471,1092,1988,5,53.926,m3/s
05704002,RIO MAIPO EN SAN ALFONSO,13,METROPOLITANA,SAN JOSE DE MAIPO,334406,701804,379469,6266471,1092,1988,6,40.007,m3/s
05704002,RIO MAIPO EN SAN ALFONSO,13,METROPOLITANA,SAN JOSE DE MAIPO,334406,701804,379469,6266471,1092,1988,7,30.358,m3/s
05704002,RIO MAIPO EN SAN ALFONSO,13,METROPOLITANA,SAN JOSE DE MAIPO,334406,701804,379469,6266471,1092,1988,8,31.097,m3/s
05704002,RIO MAIPO EN SAN ALFONSO,13,METROPOLITANA,SAN JOSE DE MAIPO,334406,701804,379469,6266471,1092,1988,9,39.49,m3/s
05704002,RIO MAIPO EN SAN ALFONSO,13,METROPOLITANA,SAN JOSE DE MAIPO,334406,701804,379469,6266471,1092,1988,10,69.187,m3/s
05704002,RIO MAIPO EN SAN ALFONSO,13,METROPOLITANA,SAN JOSE DE MAIPO,334406,701804,379469,6266471,1092,1988,11,96.397,m3/s
05704002,RIO MAIPO EN SAN ALFONSO,13,METROPOLITANA,SAN JOSE DE MAIPO,334406,701804,379469,6266471,1092,1988,12,88.981,m3/s
05704002,RIO MAIPO EN SAN ALFONSO,13,METROPOLITANA,SAN JOSE DE MAIPO,334406,701804,379469,6266471,1092,1989,1,85.352,m3/s
05704002,RIO MAIPO EN SAN ALFONSO,13,METROPOLITANA,SAN JOSE DE MAIPO,334406,701804,379469,6266471,1092,1989,2,81.593,m3/s
05704002,RIO MAIPO EN SAN ALFONSO,13,METROPOLITANA,SAN JOSE DE MAIPO,334406,701804,379469,6266471,1092,1989,3,57.035,m3/s
05704002,RIO MAIPO EN SAN ALFONSO,13,METROPOLITANA,SAN JOSE DE MAIPO,334406,701804,379469,6266471,1092,1989,4,39.527,m3/s
05704002,RIO MAIPO EN SAN ALFONSO,13,METROPOLITANA,SAN JOSE DE MAIPO,334406,701804,379469,6266471,1092,1989,5,29.49,m3/s
05704002,RIO MAIPO EN SAN ALFONSO,13,METROPOLITANA,SAN JOSE DE MAIPO,334406,701804,379469,6266471,1092,1989,6,22.273,m3/s
05704002,RIO MAIPO EN SAN ALFONSO,13,METROPOLITANA,SAN JOSE DE MAIPO,334406,701804,379469,6266471,1092,1989,7,20.539,m3/s
05704002,RIO MAIPO EN SAN ALFONSO,13,METROPOLITANA,SAN JOSE DE MAIPO,334406,701804,379469,6266471,1092,1989,8,29.332,m3/s
05704002,RIO MAIPO EN SAN ALFONSO,13,METROPOLITANA,SAN JOSE DE MAIPO,334406,701804,379469,6266471,1092,1989,9,36.663,m3/s
05704002,RIO MAIPO EN SAN ALFONSO,13,METROPOLITANA,SAN JOSE DE MAIPO,334406,701804,379469,6266471,1092,1989,10,63.713,m3/s
05704002,RIO MAIPO EN SAN ALFONSO,13,METROPOLITANA,SAN JOSE DE MAIPO,334406,701804,379469,6266471,1092,1989,11,138.737,m3/s
05704002,RIO MAIPO EN SAN ALFONSO,13,METROPOLITANA,SAN JOSE DE MAIPO,334406,701804,379469,6266471,1092,1989,12,137.968,m3/s
05704002,RIO MAIPO EN SAN ALFONSO,13,METROPOLITANA,SAN JOSE DE MAIPO,334406,701804,379469,6266471,1092,1990,1,101.816,m3/s
05704002,RIO MAIPO EN SAN ALFONSO,13,METROPOLITANA,SAN JOSE DE MAIPO,334406,701804,379469,6266471,1092,1990,2,70.379,m3/s
05704002,RIO MAIPO EN SAN ALFONSO,13,METROPOLITANA,SAN JOSE DE MAIPO,334406,701804,379469,6266471,1092,1990,3,50.752,m3/s
05704002,RIO MAIPO EN SAN ALFONSO,13,METROPOLITANA,SAN JOSE DE MAIPO,334406,701804,379469,6266471,1092,1990,4,35.823,m3/s
05704002,RIO MAIPO EN SAN ALFONSO,13,METROPOLITANA,SAN JOSE DE MAIPO,334406,701804,379469,6266471,1092,1990,5,34.797,m3/s
05704002,RIO MAIPO EN SAN ALFONSO,13,METROPOLITANA,SAN JOSE DE MAIPO,334406,701804,379469,6266471,1092,1990,6,29.523,m3/s
05704002,RIO MAIPO EN SAN ALFONSO,13,METROPOLITANA,SAN JOSE DE MAIPO,334406,701804,379469,6266471,1092,1990,7,29.645,m3/s
05704002,RIO MAIPO EN SAN ALFONSO,13,METROPOLITANA,SAN JOSE DE MAIPO,334406,701804,379469,6266471,1092,1990,8,31.184,m3/s
05704002,RIO MAIPO EN SAN ALFONSO,13,METROPOLITANA,SAN JOSE DE MAIPO,334406,701804,379469,6266471,1092,1990,9,31.76,m3/s
05704002,RIO MAIPO EN SAN ALFONSO,13,METROPOLITANA,SAN JOSE DE MAIPO,334406,701804,379469,6266471,1092,1990,10,52.865,m3/s
05704002,RIO MAIPO EN SAN ALFONSO,13,METROPOLITANA,SAN JOSE DE MAIPO,334406,701804,379469,6266471,1092,1990,11,93.02,m3/s
05704002,RIO MAIPO EN SAN ALFONSO,13,METROPOLITANA,SAN JOSE DE MAIPO,334406,701804,379469,6266471,1092,1990,12,87.913,m3/s
05704002,RIO MAIPO EN SAN ALFONSO,13,METROPOLITANA,SAN JOSE DE MAIPO,334406,701804,379469,6266471,1092,1991,1,75.516,m3/s
05704002,RIO MAIPO EN SAN ALFONSO,13,METROPOLITANA,SAN JOSE DE MAIPO,334406,701804,379469,6266471,1092,1991,2,65.329,m3/s
05704002,RIO MAIPO EN SAN ALFONSO,13,METROPOLITANA,SAN JOSE DE MAIPO,334406,701804,379469,6266471,1092,1991,3,50.19,m3/s
05704002,RIO MAIPO EN SAN ALFONSO,13,METROPOLITANA,SAN JOSE DE MAIPO,334406,701804,379469,6266471,1092,1991,4,43.373,m3/s
05704002,RIO MAIPO EN SAN ALFONSO,13,METROPOLITANA,SAN JOSE DE MAIPO,334406,701804,379469,6266471,1092,1991,5,55.126,m3/s
05704002,RIO MAIPO EN SAN ALFONSO,13,METROPOLITANA,SAN JOSE DE MAIPO,334406,701804,379469,6266471,1092,1991,6,48.907,m3/s
05704002,RIO MAIPO EN SAN ALFONSO,13,METROPOLITANA,SAN JOSE DE MAIPO,334406,701804,379469,6266471,1092,1991,7,55.284,m3/s
05704002,RIO MAIPO EN SAN ALFONSO,13,METROPOLITANA,SAN JOSE DE MAIPO,334406,701804,379469,6266471,1092,1991,8,42.352,m3/s
05704002,RIO MAIPO EN SAN ALFONSO,13,METROPOLITANA,SAN JOSE DE MAIPO,334406,701804,379469,6266471,1092,1991,9,56.383,m3/s
05704002,RIO MAIPO EN SAN ALFONSO,13,METROPOLITANA,SAN JOSE DE MAIPO,334406,701804,379469,6266471,1092,1991,10,76.484,m3/s
05704002,RIO MAIPO EN SAN ALFONSO,13,METROPOLITANA,SAN JOSE DE MAIPO,334406,701804,379469,6266471,1092,1991,11,148.1,m3/s
05704002,RIO MAIPO EN SAN ALFONSO,13,METROPOLITANA,SAN JOSE DE MAIPO,334406,701804,379469,6266471,1092,1991,12,145.645,m3/s
05704002,RIO MAIPO EN SAN ALFONSO,13,METROPOLITANA,SAN JOSE DE MAIPO,334406,701804,379469,6266471,1092,1992,1,197.129,m3/s
05704002,RIO MAIPO EN SAN ALFONSO,13,METROPOLITANA,SAN JOSE DE MAIPO,334406,701804,379469,6266471,1092,1992,2,141.103,m3/s
05704002,RIO MAIPO EN SAN ALFONSO,13,METROPOLITANA,SAN JOSE DE MAIPO,334406,701804,379469,6266471,1092,1992,3,105.161,m3/s
05704002,RIO MAIPO EN SAN ALFONSO,13,METROPOLITANA,SAN JOSE DE MAIPO,334406,701804,379469,6266471,1092,1992,4,59.943,m3/s
05704002,RIO MAIPO EN SAN ALFONSO,13,METROPOLITANA,SAN JOSE DE MAIPO,334406,701804,379469,6266471,1092,1992,5,47.577,m3/s
05704002,RIO MAIPO EN SAN ALFONSO,13,METROPOLITANA,SAN JOSE DE MAIPO,334406,701804,379469,6266471,1092,1992,6,52.513,m3/s
05704002,RIO MAIPO EN SAN ALFONSO,13,METROPOLITANA,SAN JOSE DE MAIPO,334406,701804,379469,6266471,1092,1992,7,48.765,m3/s
05704002,RIO MAIPO EN SAN ALFONSO,13,METROPOLITANA,SAN JOSE DE MAIPO,334406,701804,379469,6266471,1092,1992,8,46.929,m3/s
05704002,RIO MAIPO EN SAN ALFONSO,13,METROPOLITANA,SAN JOSE DE MAIPO,334406,701804,379469,6266471,1092,1992,9,51.893,m3/s
05704002,RIO MAIPO EN SAN ALFONSO,13,METROPOLITANA,SAN JOSE DE MAIPO,334406,701804,379469,6266471,1092,1992,10,83.732,m3/s
05704002,RIO MAIPO EN SAN ALFONSO,13,METROPOLITANA,SAN JOSE DE MAIPO,334406,701804,379469,6266471,1092,1992,11,132.457,m3/s
05704002,RIO MAIPO EN SAN ALFONSO,13,METROPOLITANA,SAN JOSE DE MAIPO,334406,701804,379469,6266471,1092,1992,12,168.935,m3/s
05704002,RIO MAIPO EN SAN ALFONSO,13,METROPOLITANA,SAN JOSE DE MAIPO,334406,701804,379469,6266471,1092,1993,1,167.677,m3/s
05704002,RIO MAIPO EN SAN ALFONSO,13,METROPOLITANA,SAN JOSE DE MAIPO,334406,701804,379469,6266471,1092,1993,2,123.571,m3/s
05704002,RIO MAIPO EN SAN ALFONSO,13,METROPOLITANA,SAN JOSE DE MAIPO,334406,701804,379469,6266471,1092,1993,3,78.765,m3/s
05704002,RIO MAIPO EN SAN ALFONSO,13,METROPOLITANA,SAN JOSE DE MAIPO,334406,701804,379469,6266471,1092,1993,4,65.347,m3/s
05704002,RIO MAIPO EN SAN ALFONSO,13,METROPOLITANA,SAN JOSE DE MAIPO,334406,701804,379469,6266471,1092,1993,5,199.408,m3/s
05704002,RIO MAIPO EN SAN ALFONSO,13,METROPOLITANA,SAN JOSE DE MAIPO,334406,701804,379469,6266471,1092,1993,6,114.122,m3/s
05704002,RIO MAIPO EN SAN ALFONSO,13,METROPOLITANA,SAN JOSE DE MAIPO,334406,701804,379469,6266471,1092,1993,7,71.155,m3/s
05704002,RIO MAIPO EN SAN ALFONSO,13,METROPOLITANA,SAN JOSE DE MAIPO,334406,701804,379469,6266471,1092,1993,8,55.839,m3/s
05704002,RIO MAIPO EN SAN ALFONSO,13,METROPOLITANA,SAN JOSE DE MAIPO,334406,701804,379469,6266471,1092,1993,9,56.923,m3/s
05704002,RIO MAIPO EN SAN ALFONSO,13,METROPOLITANA,SAN JOSE DE MAIPO,334406,701804,379469,6266471,1092,1993,10,106.303,m3/s
05704002,RIO MAIPO EN SAN ALFONSO,13,METROPOLITANA,SAN JOSE DE MAIPO,334406,701804,379469,6266471,1092,1993,11,129.517,m3/s
05704002,RIO MAIPO EN SAN ALFONSO,13,METROPOLITANA,SAN JOSE DE MAIPO,334406,701804,379469,6266471,1092,1993,12,147.513,m3/s
05704002,RIO MAIPO EN SAN ALFONSO,13,METROPOLITANA,SAN JOSE DE MAIPO,334406,701804,379469,6266471,1092,1994,1,166.0,m3/s
05704002,RIO MAIPO EN SAN ALFONSO,13,METROPOLITANA,SAN JOSE DE MAIPO,334406,701804,379469,6266471,1092,1994,2,94.093,m3/s
05704002,RIO MAIPO EN SAN ALFONSO,13,METROPOLITANA,SAN JOSE DE MAIPO,334406,701804,379469,6266471,1092,1994,3,72.068,m3/s
05704002,RIO MAIPO EN SAN ALFONSO,13,METROPOLITANA,SAN JOSE DE MAIPO,334406,701804,379469,6266471,1092,1994,4,50.503,m3/s
05704002,RIO MAIPO EN SAN ALFONSO,13,METROPOLITANA,SAN JOSE DE MAIPO,334406,701804,379469,6266471,1092,1994,5,42.31,m3/s
05704002,RIO MAIPO EN SAN ALFONSO,13,METROPOLITANA,SAN JOSE DE MAIPO,334406,701804,379469,6266471,1092,1994,6,41.88,m3/s
05704002,RIO MAIPO EN SAN ALFONSO,13,METROPOLITANA,SAN JOSE DE MAIPO,334406,701804,379469,6266471,1092,1994,7,52.313,m3/s
05704002,RIO MAIPO EN SAN ALFONSO,13,METROPOLITANA,SAN JOSE DE MAIPO,334406,701804,379469,6266471,1092,1994,8,64.955,m3/s
05704002,RIO MAIPO EN SAN ALFONSO,13,METROPOLITANA,SAN JOSE DE MAIPO,334406,701804,379469,6266471,1092,1994,9,71.103,m3/s
05704002,RIO MAIPO EN SAN ALFONSO,13,METROPOLITANA,SAN JOSE DE MAIPO,334406,701804,379469,6266471,1092,1994,10,87.3,m3/s
05704002,RIO MAIPO EN SAN ALFONSO,13,METROPOLITANA,SAN JOSE DE MAIPO,334406,701804,379469,6266471,1092,1994,11,158.3,m3/s
05704002,RIO MAIPO EN SAN ALFONSO,13,METROPOLITANA,SAN JOSE DE MAIPO,334406,701804,379469,6266471,1092,1994,12,173.903,m3/s
05704002,RIO MAIPO EN SAN ALFONSO,13,METROPOLITANA,SAN JOSE DE MAIPO,334406,701804,379469,6266471,1092,1995,1,132.774,m3/s
05704002,RIO MAIPO EN SAN ALFONSO,13,METROPOLITANA,SAN JOSE DE MAIPO,334406,701804,379469,6266471,1092,1995,2,95.493,m3/s
05704002,RIO MAIPO EN SAN ALFONSO,13,METROPOLITANA,SAN JOSE DE MAIPO,334406,701804,379469,6266471,1092,1995,3,70.397,m3/s
05704002,RIO MAIPO EN SAN ALFONSO,13,METROPOLITANA,SAN JOSE DE MAIPO,334406,701804,379469,6266471,1092,1995,4,55.7,m3/s
05704002,RIO MAIPO EN SAN ALFONSO,13,METROPOLITANA,SAN JOSE DE MAIPO,334406,701804,379469,6266471,1092,1995,5,44.635,m3/s
05704002,RIO MAIPO EN SAN ALFONSO,13,METROPOLITANA,SAN JOSE DE MAIPO,334406,701804,379469,6266471,1092,1995,6,45.797,m3/s
05704002,RIO MAIPO EN SAN ALFONSO,13,METROPOLITANA,SAN JOSE DE MAIPO,334406,701804,379469,6266471,1092,1995,7,39.919,m3/s
05704002,RIO MAIPO EN SAN ALFONSO,13,METROPOLITANA,SAN JOSE DE MAIPO,334406,701804,379469,6266471,1092,1995,8,38.674,m3/s
05704002,RIO MAIPO EN SAN ALFONSO,13,METROPOLITANA,SAN JOSE DE MAIPO,334406,701804,379469,6266471,1092,1995,9,50.333,m3/s
05704002,RIO MAIPO EN SAN ALFONSO,13,METROPOLITANA,SAN JOSE DE MAIPO,334406,701804,379469,6266471,1092,1995,10,67.577,m3/s
05704002,RIO MAIPO EN SAN ALFONSO,13,METROPOLITANA,SAN JOSE DE MAIPO,334406,701804,379469,6266471,1092,1995,11,121.767,m3/s
05704002,RIO MAIPO EN SAN ALFONSO,13,METROPOLITANA,SAN JOSE DE MAIPO,334406,701804,379469,6266471,1092,1995,12,142.968,m3/s
05704002,RIO MAIPO EN SAN ALFONSO,13,METROPOLITANA,SAN JOSE DE MAIPO,334406,701804,379469,6266471,1092,1996,1,86.665,m3/s
05704002,RIO MAIPO EN SAN ALFONSO,13,METROPOLITANA,SAN JOSE DE MAIPO,334406,701804,379469,6266471,1092,1996,2,68.848,m3/s
05704002,RIO MAIPO EN SAN ALFONSO,13,METROPOLITANA,SAN JOSE DE MAIPO,334406,701804,379469,6266471,1092,1996,3,57.626,m3/s
05704002,RIO MAIPO EN SAN ALFONSO,13,METROPOLITANA,SAN JOSE DE MAIPO,334406,701804,379469,6266471,1092,1996,4,41.787,m3/s
05704002,RIO MAIPO EN SAN ALFONSO,13,METROPOLITANA,SAN JOSE DE MAIPO,334406,701804,379469,6266471,1092,1996,5,31.397,m3/s
05704002,RIO MAIPO EN SAN ALFONSO,13,METROPOLITANA,SAN JOSE DE MAIPO,334406,701804,379469,6266471,1092,1996,6,27.773,m3/s
05704002,RIO MAIPO EN SAN ALFONSO,13,METROPOLITANA,SAN JOSE DE MAIPO,334406,701804,379469,6266471,1092,1996,7,26.423,m3/s
05704002,RIO MAIPO EN SAN ALFONSO,13,METROPOLITANA,SAN JOSE DE MAIPO,334406,701804,379469,6266471,1092,1996,8,25.097,m3/s
05704002,RIO MAIPO EN SAN ALFONSO,13,METROPOLITANA,SAN JOSE DE MAIPO,334406,701804,379469,6266471,1092,1996,9,24.537,m3/s
05704002,RIO MAIPO EN SAN ALFONSO,13,METROPOLITANA,SAN JOSE DE MAIPO,334406,701804,379469,6266471,1092,1996,10,38.387,m3/s
05704002,RIO MAIPO EN SAN ALFONSO,13,METROPOLITANA,SAN JOSE DE MAIPO,334406,701804,379469,6266471,1092,1996,11,39.537,m3/s
05704002,RIO MAIPO EN SAN ALFONSO,13,METROPOLITANA,SAN JOSE DE MAIPO,334406,701804,379469,6266471,1092,1996,12,39.542,m3/s
05704002,RIO MAIPO EN SAN ALFONSO,13,METROPOLITANA,SAN JOSE DE MAIPO,334406,701804,379469,6266471,1092,1997,1,49.377,m3/s
05704002,RIO MAIPO EN SAN ALFONSO,13,METROPOLITANA,SAN JOSE DE MAIPO,334406,701804,379469,6266471,1092,1997,2,62.821,m3/s
05704002,RIO MAIPO EN SAN ALFONSO,13,METROPOLITANA,SAN JOSE DE MAIPO,334406,701804,379469,6266471,1092,1997,3,61.118,m3/s
05704002,RIO MAIPO EN SAN ALFONSO,13,METROPOLITANA,SAN JOSE DE MAIPO,334406,701804,379469,6266471,1092,1997,10,40.453,m3/s
05704002,RIO MAIPO EN SAN ALFONSO,13,METROPOLITANA,SAN JOSE DE MAIPO,334406,701804,379469,6266471,1092,1997,11,108.567,m3/s
05704002,RIO MAIPO EN SAN ALFONSO,13,METROPOLITANA,SAN JOSE DE MAIPO,334406,701804,379469,6266471,1092,1997,12,179.613,m3/s
05704002,RIO MAIPO EN SAN ALFONSO,13,METROPOLITANA,SAN JOSE DE MAIPO,334406,701804,379469,6266471,1092,1998,1,272.548,m3/s
05704002,RIO MAIPO EN SAN ALFONSO,13,METROPOLITANA,SAN JOSE DE MAIPO,334406,701804,379469,6266471,1092,1998,2,154.923,m3/s
05704002,RIO MAIPO EN SAN ALFONSO,13,METROPOLITANA,SAN JOSE DE MAIPO,334406,701804,379469,6266471,1092,1998,3,91.306,m3/s
05704002,RIO MAIPO EN SAN ALFONSO,13,METROPOLITANA,SAN JOSE DE MAIPO,334406,701804,379469,6266471,1092,1998,4,76.637,m3/s
05704002,RIO MAIPO EN SAN ALFONSO,13,METROPOLITANA,SAN JOSE DE MAIPO,334406,701804,379469,6266471,1092,1998,5,50.139,m3/s
05704002,RIO MAIPO EN SAN ALFONSO,13,METROPOLITANA,SAN JOSE DE MAIPO,334406,701804,379469,6266471,1092,1998,6,42.317,m3/s
05704002,RIO MAIPO EN SAN ALFONSO,13,METROPOLITANA,SAN JOSE DE MAIPO,334406,701804,379469,6266471,1092,1998,7,34.813,m3/s
05704002,RIO MAIPO EN SAN ALFONSO,13,METROPOLITANA,SAN JOSE DE MAIPO,334406,701804,379469,6266471,1092,1998,8,30.119,m3/s
05704002,RIO MAIPO EN SAN ALFONSO,13,METROPOLITANA,SAN JOSE DE MAIPO,334406,701804,379469,6266471,1092,1998,9,29.427,m3/s
05704002,RIO MAIPO EN SAN ALFONSO,13,METROPOLITANA,SAN JOSE DE MAIPO,334406,701804,379469,6266471,1092,1998,10,44.974,m3/s
05704002,RIO MAIPO EN SAN ALFONSO,13,METROPOLITANA,SAN JOSE DE MAIPO,334406,701804,379469,6266471,1092,1998,11,58.17,m3/s
05704002,RIO MAIPO EN SAN ALFONSO,13,METROPOLITANA,SAN JOSE DE MAIPO,334406,701804,379469,6266471,1092,1998,12,67.61,m3/s
05704002,RIO MAIPO EN SAN ALFONSO,13,METROPOLITANA,SAN JOSE DE MAIPO,334406,701804,379469,6266471,1092,1999,1,69.414,m3/s
05704002,RIO MAIPO EN SAN ALFONSO,13,METROPOLITANA,SAN JOSE DE MAIPO,334406,701804,379469,6266471,1092,1999,2,54.311,m3/s
05704002,RIO MAIPO EN SAN ALFONSO,13,METROPOLITANA,SAN JOSE DE MAIPO,334406,701804,379469,6266471,1092,1999,3,41.052,m3/s
05704002,RIO MAIPO EN SAN ALFONSO,13,METROPOLITANA,SAN JOSE DE MAIPO,334406,701804,379469,6266471,1092,1999,4,32.577,m3/s
05704002,RIO MAIPO EN SAN ALFONSO,13,METROPOLITANA,SAN JOSE DE MAIPO,334406,701804,379469,6266471,1092,1999,5,28.903,m3/s
05704002,RIO MAIPO EN SAN ALFONSO,13,METROPOLITANA,SAN JOSE DE MAIPO,334406,701804,379469,6266471,1092,1999,6,26.7,m3/s
05704002,RIO MAIPO EN SAN ALFONSO,13,METROPOLITANA,SAN JOSE DE MAIPO,334406,701804,379469,6266471,1092,1999,7,25.952,m3/s
05704002,RIO MAIPO EN SAN ALFONSO,13,METROPOLITANA,SAN JOSE DE MAIPO,334406,701804,379469,6266471,1092,1999,8,25.767,m3/s
05704002,RIO MAIPO EN SAN ALFONSO,13,METROPOLITANA,SAN JOSE DE MAIPO,334406,701804,379469,6266471,1092,1999,9,36.28,m3/s
05704002,RIO MAIPO EN SAN ALFONSO,13,METROPOLITANA,SAN JOSE DE MAIPO,334406,701804,379469,6266471,1092,1999,10,58.497,m3/s
05704002,RIO MAIPO EN SAN ALFONSO,13,METROPOLITANA,SAN JOSE DE MAIPO,334406,701804,379469,6266471,1092,1999,11,100.26,m3/s
05704002,RIO MAIPO EN SAN ALFONSO,13,METROPOLITANA,SAN JOSE DE MAIPO,334406,701804,379469,6266471,1092,1999,12,103.677,m3/s
05704002,RIO MAIPO EN SAN ALFONSO,13,METROPOLITANA,SAN JOSE DE MAIPO,334406,701804,379469,6266471,1092,2000,1,85.232,m3/s
05704002,RIO MAIPO EN SAN ALFONSO,13,METROPOLITANA,SAN JOSE DE MAIPO,334406,701804,379469,6266471,1092,2000,2,64.434,m3/s
05704002,RIO MAIPO EN SAN ALFONSO,13,METROPOLITANA,SAN JOSE DE MAIPO,334406,701804,379469,6266471,1092,2000,3,48.135,m3/s
05704002,RIO MAIPO EN SAN ALFONSO,13,METROPOLITANA,SAN JOSE DE MAIPO,334406,701804,379469,6266471,1092,2000,4,37.027,m3/s
05704002,RIO MAIPO EN SAN ALFONSO,13,METROPOLITANA,SAN JOSE DE MAIPO,334406,701804,379469,6266471,1092,2000,5,36.184,m3/s
05704002,RIO MAIPO EN SAN ALFONSO,13,METROPOLITANA,SAN JOSE DE MAIPO,334406,701804,379469,6266471,1092,2000,6,40.147,m3/s
05704002,RIO MAIPO EN SAN ALFONSO,13,METROPOLITANA,SAN JOSE DE MAIPO,334406,701804,379469,6266471,1092,2000,7,47.829,m3/s
05704002,RIO MAIPO EN SAN ALFONSO,13,METROPOLITANA,SAN JOSE DE MAIPO,334406,701804,379469,6266471,1092,2000,8,37.41,m3/s
05704002,RIO MAIPO EN SAN ALFONSO,13,METROPOLITANA,SAN JOSE DE MAIPO,334406,701804,379469,6266471,1092,2000,9,37.517,m3/s
05704002,RIO MAIPO EN SAN ALFONSO,13,METROPOLITANA,SAN JOSE DE MAIPO,334406,701804,379469,6266471,1092,2000,10,81.861,m3/s
05704002,RIO MAIPO EN SAN ALFONSO,13,METROPOLITANA,SAN JOSE DE MAIPO,334406,701804,379469,6266471,1092,2000,11,130.687,m3/s
05704002,RIO MAIPO EN SAN ALFONSO,13,METROPOLITANA,SAN JOSE DE MAIPO,334406,701804,379469,6266471,1092,2000,12,299.4,m3/s
05704002,RIO MAIPO EN SAN ALFONSO,13,METROPOLITANA,SAN JOSE DE MAIPO,334406,701804,379469,6266471,1092,2001,1,252.0,m3/s
05704002,RIO MAIPO EN SAN ALFONSO,13,METROPOLITANA,SAN JOSE DE MAIPO,334406,701804,379469,6266471,1092,2001,2,160.679,m3/s
05704002,RIO MAIPO EN SAN ALFONSO,13,METROPOLITANA,SAN JOSE DE MAIPO,334406,701804,379469,6266471,1092,2001,3,85.532,m3/s
05704002,RIO MAIPO EN SAN ALFONSO,13,METROPOLITANA,SAN JOSE DE MAIPO,334406,701804,379469,6266471,1092,2001,4,58.237,m3/s
05704002,RIO MAIPO EN SAN ALFONSO,13,METROPOLITANA,SAN JOSE DE MAIPO,334406,701804,379469,6266471,1092,2001,5,49.697,m3/s
05704002,RIO MAIPO EN SAN ALFONSO,13,METROPOLITANA,SAN JOSE DE MAIPO,334406,701804,379469,6266471,1092,2001,6,50.473,m3/s
05704002,RIO MAIPO EN SAN ALFONSO,13,METROPOLITANA,SAN JOSE DE MAIPO,334406,701804,379469,6266471,1092,2001,7,51.258,m3/s
05704002,RIO MAIPO EN SAN ALFONSO,13,METROPOLITANA,SAN JOSE DE MAIPO,334406,701804,379469,6266471,1092,2001,8,54.994,m3/s
05704002,RIO MAIPO EN SAN ALFONSO,13,METROPOLITANA,SAN JOSE DE MAIPO,334406,701804,379469,6266471,1092,2001,9,55.597,m3/s
05704002,RIO MAIPO EN SAN ALFONSO,13,METROPOLITANA,SAN JOSE DE MAIPO,334406,701804,379469,6266471,1092,2001,10,90.623,m3/s
05704002,RIO MAIPO EN SAN ALFONSO,13,METROPOLITANA,SAN JOSE DE MAIPO,334406,701804,379469,6266471,1092,2001,11,138.62,m3/s
05704002,RIO MAIPO EN SAN ALFONSO,13,METROPOLITANA,SAN JOSE DE MAIPO,334406,701804,379469,6266471,1092,2001,12,311.323,m3/s
05704002,RIO MAIPO EN SAN ALFONSO,13,METROPOLITANA,SAN JOSE DE MAIPO,334406,701804,379469,6266471,1092,2002,1,168.677,m3/s
05704002,RIO MAIPO EN SAN ALFONSO,13,METROPOLITANA,SAN JOSE DE MAIPO,334406,701804,379469,6266471,1092,2002,2,104.061,m3/s
05704002,RIO MAIPO EN SAN ALFONSO,13,METROPOLITANA,SAN JOSE DE MAIPO,334406,701804,379469,6266471,1092,2002,3,73.735,m3/s
05704002,RIO MAIPO EN SAN ALFONSO,13,METROPOLITANA,SAN JOSE DE MAIPO,334406,701804,379469,6266471,1092,2002,4,55.597,m3/s
05704002,RIO MAIPO EN SAN ALFONSO,13,METROPOLITANA,SAN JOSE DE MAIPO,334406,701804,379469,6266471,1092,2002,5,49.087,m3/s
05704002,RIO MAIPO EN SAN ALFONSO,13,METROPOLITANA,SAN JOSE DE MAIPO,334406,701804,379469,6266471,1092,2002,6,54.813,m3/s
05704002,RIO MAIPO EN SAN ALFONSO,13,METROPOLITANA,SAN JOSE DE MAIPO,334406,701804,379469,6266471,1092,2002,7,48.655,m3/s
05704002,RIO MAIPO EN SAN ALFONSO,13,METROPOLITANA,SAN JOSE DE MAIPO,334406,701804,379469,6266471,1092,2002,8,78.129,m3/s
05704002,RIO MAIPO EN SAN ALFONSO,13,METROPOLITANA,SAN JOSE DE MAIPO,334406,701804,379469,6266471,1092,2002,9,71.277,m3/s
05704002,RIO MAIPO EN SAN ALFONSO,13,METROPOLITANA,SAN JOSE DE MAIPO,334406,701804,379469,6266471,1092,2002,10,95.923,m3/s
05704002,RIO MAIPO EN SAN ALFONSO,13,METROPOLITANA,SAN JOSE DE MAIPO,334406,701804,379469,6266471,1092,2002,11,197.433,m3/s
05704002,RIO MAIPO EN SAN ALFONSO,13,METROPOLITANA,SAN JOSE DE MAIPO,334406,701804,379469,6266471,1092,2002,12,295.065,m3/s
05704002,RIO MAIPO EN SAN ALFONSO,13,METROPOLITANA,SAN JOSE DE MAIPO,334406,701804,379469,6266471,1092,2003,1,311.452,m3/s
05704002,RIO MAIPO EN SAN ALFONSO,13,METROPOLITANA,SAN JOSE DE MAIPO,334406,701804,379469,6266471,1092,2003,2,218.821,m3/s
05704002,RIO MAIPO EN SAN ALFONSO,13,METROPOLITANA,SAN JOSE DE MAIPO,334406,701804,379469,6266471,1092,2003,3,133.816,m3/s
05704002,RIO MAIPO EN SAN ALFONSO,13,METROPOLITANA,SAN JOSE DE MAIPO,334406,701804,379469,6266471,1092,2003,4,77.47,m3/s
05704002,RIO MAIPO EN SAN ALFONSO,13,METROPOLITANA,SAN JOSE DE MAIPO,334406,701804,379469,6266471,1092,2003,5,53.094,m3/s
05704002,RIO MAIPO EN SAN ALFONSO,13,METROPOLITANA,SAN JOSE DE MAIPO,334406,701804,379469,6266471,1092,2003,6,49.973,m3/s
05704002,RIO MAIPO EN SAN ALFONSO,13,METROPOLITANA,SAN JOSE DE MAIPO,334406,701804,379469,6266471,1092,2003,7,48.632,m3/s
05704002,RIO MAIPO EN SAN ALFONSO,13,METROPOLITANA,SAN JOSE DE MAIPO,334406,701804,379469,6266471,1092,2003,8,41.239,m3/s
05704002,RIO MAIPO EN SAN ALFONSO,13,METROPOLITANA,SAN JOSE DE MAIPO,334406,701804,379469,6266471,1092,2003,9,50.797,m3/s
05704002,RIO MAIPO EN SAN ALFONSO,13,METROPOLITANA,SAN JOSE DE MAIPO,334406,701804,379469,6266471,1092,2003,10,90.952,m3/s
05704002,RIO MAIPO EN SAN ALFONSO,13,METROPOLITANA,SAN JOSE DE MAIPO,334406,701804,379469,6266471,1092,2003,11,114.267,m3/s
05704002,RIO MAIPO EN SAN ALFONSO,13,METROPOLITANA,SAN JOSE DE MAIPO,334406,701804,379469,6266471,1092,2003,12,116.835,m3/s
05704002,RIO MAIPO EN SAN ALFONSO,13,METROPOLITANA,SAN JOSE DE MAIPO,334406,701804,379469,6266471,1092,2004,1,115.568,m3/s
05704002,RIO MAIPO EN SAN ALFONSO,13,METROPOLITANA,SAN JOSE DE MAIPO,334406,701804,379469,6266471,1092,2004,2,85.845,m3/s
05704002,RIO MAIPO EN SAN ALFONSO,13,METROPOLITANA,SAN JOSE DE MAIPO,334406,701804,379469,6266471,1092,2004,3,64.265,m3/s
05704002,RIO MAIPO EN SAN ALFONSO,13,METROPOLITANA,SAN JOSE DE MAIPO,334406,701804,379469,6266471,1092,2004,4,48.347,m3/s
05704002,RIO MAIPO EN SAN ALFONSO,13,METROPOLITANA,SAN JOSE DE MAIPO,334406,701804,379469,6266471,1092,2004,5,37.387,m3/s
05704002,RIO MAIPO EN SAN ALFONSO,13,METROPOLITANA,SAN JOSE DE MAIPO,334406,701804,379469,6266471,1092,2004,6,36.64,m3/s
05704002,RIO MAIPO EN SAN ALFONSO,13,METROPOLITANA,SAN JOSE DE MAIPO,334406,701804,379469,6266471,1092,2004,7,35.752,m3/s
05704002,RIO MAIPO EN SAN ALFONSO,13,METROPOLITANA,SAN JOSE DE MAIPO,334406,701804,379469,6266471,1092,2004,8,35.11,m3/s
05704002,RIO MAIPO EN SAN ALFONSO,13,METROPOLITANA,SAN JOSE DE MAIPO,334406,701804,379469,6266471,1092,2004,9,44.027,m3/s
05704002,RIO MAIPO EN SAN ALFONSO,13,METROPOLITANA,SAN JOSE DE MAIPO,334406,701804,379469,6266471,1092,2004,10,58.813,m3/s
05704002,RIO MAIPO EN SAN ALFONSO,13,METROPOLITANA,SAN JOSE DE MAIPO,334406,701804,379469,6266471,1092,2004,11,71.24,m3/s
05704002,RIO MAIPO EN SAN ALFONSO,13,METROPOLITANA,SAN JOSE DE MAIPO,334406,701804,379469,6266471,1092,2004,12,100.639,m3/s
05704002,RIO MAIPO EN SAN ALFONSO,13,METROPOLITANA,SAN JOSE DE MAIPO,334406,701804,379469,6266471,1092,2005,1,93.635,m3/s
05704002,RIO MAIPO EN SAN ALFONSO,13,METROPOLITANA,SAN JOSE DE MAIPO,334406,701804,379469,6266471,1092,2005,2,67.468,m3/s
05704002,RIO MAIPO EN SAN ALFONSO,13,METROPOLITANA,SAN JOSE DE MAIPO,334406,701804,379469,6266471,1092,2005,3,52.806,m3/s
05704002,RIO MAIPO EN SAN ALFONSO,13,METROPOLITANA,SAN JOSE DE MAIPO,334406,701804,379469,6266471,1092,2005,4,42.457,m3/s
05704002,RIO MAIPO EN SAN ALFONSO,13,METROPOLITANA,SAN JOSE DE MAIPO,334406,701804,379469,6266471,1092,2005,5,36.894,m3/s
05704002,RIO MAIPO EN SAN ALFONSO,13,METROPOLITANA,SAN JOSE DE MAIPO,334406,701804,379469,6266471,1092,2005,6,55.8,m3/s
05704002,RIO MAIPO EN SAN ALFONSO,13,METROPOLITANA,SAN JOSE DE MAIPO,334406,701804,379469,6266471,1092,2005,7,54.506,m3/s
05704002,RIO MAIPO EN SAN ALFONSO,13,METROPOLITANA,SAN JOSE DE MAIPO,334406,701804,379469,6266471,1092,2005,8,64.245,m3/s
05704002,RIO MAIPO EN SAN ALFONSO,13,METROPOLITANA,SAN JOSE DE MAIPO,334406,701804,379469,6266471,1092,2005,9,65.433,m3/s
05704002,RIO MAIPO EN SAN ALFONSO,13,METROPOLITANA,SAN JOSE DE MAIPO,334406,701804,379469,6266471,1092,2005,10,93.71,m3/s
05704002,RIO MAIPO EN SAN ALFONSO,13,METROPOLITANA,SAN JOSE DE MAIPO,334406,701804,379469,6266471,1092,2005,11,204.667,m3/s
05704002,RIO MAIPO EN SAN ALFONSO,13,METROPOLITANA,SAN JOSE DE MAIPO,334406,701804,379469,6266471,1092,2005,12,317.387,m3/s
05704002,RIO MAIPO EN SAN ALFONSO,13,METROPOLITANA,SAN JOSE DE MAIPO,334406,701804,379469,6266471,1092,2006,1,348.194,m3/s
05704002,RIO MAIPO EN SAN ALFONSO,13,METROPOLITANA,SAN JOSE DE MAIPO,334406,701804,379469,6266471,1092,2006,2,225.643,m3/s
05704002,RIO MAIPO EN SAN ALFONSO,13,METROPOLITANA,SAN JOSE DE MAIPO,334406,701804,379469,6266471,1092,2006,3,106.087,m3/s
05704002,RIO MAIPO EN SAN ALFONSO,13,METROPOLITANA,SAN JOSE DE MAIPO,334406,701804,379469,6266471,1092,2006,4,68.457,m3/s
05704002,RIO MAIPO EN SAN ALFONSO,13,METROPOLITANA,SAN JOSE DE MAIPO,334406,701804,379469,6266471,1092,2006,5,46.584,m3/s
05704002,RIO MAIPO EN SAN ALFONSO,13,METROPOLITANA,SAN JOSE DE MAIPO,334406,701804,379469,6266471,1092,2006,6,42.813,m3/s
05704002,RIO MAIPO EN SAN ALFONSO,13,METROPOLITANA,SAN JOSE DE MAIPO,334406,701804,379469,6266471,1092,2006,7,58.01,m3/s
05704002,RIO MAIPO EN SAN ALFONSO,13,METROPOLITANA,SAN JOSE DE MAIPO,334406,701804,379469,6266471,1092,2006,8,47.497,m3/s
05704002,RIO MAIPO EN SAN ALFONSO,13,METROPOLITANA,SAN JOSE DE MAIPO,334406,701804,379469,6266471,1092,2006,9,50.193,m3/s
05704002,RIO MAIPO EN SAN ALFONSO,13,METROPOLITANA,SAN JOSE DE MAIPO,334406,701804,379469,6266471,1092,2006,10,89.535,m3/s
05704002,RIO MAIPO EN SAN ALFONSO,13,METROPOLITANA,SAN JOSE DE MAIPO,334406,701804,379469,6266471,1092,2006,11,155.797,m3/s
05704002,RIO MAIPO EN SAN ALFONSO,13,METROPOLITANA,SAN JOSE DE MAIPO,334406,701804,379469,6266471,1092,2006,12,205.548,m3/s
05704002,RIO MAIPO EN SAN ALFONSO,13,METROPOLITANA,SAN JOSE DE MAIPO,334406,701804,379469,6266471,1092,2007,1,191.129,m3/s
05704002,RIO MAIPO EN SAN ALFONSO,13,METROPOLITANA,SAN JOSE DE MAIPO,334406,701804,379469,6266471,1092,2007,2,101.354,m3/s
05704002,RIO MAIPO EN SAN ALFONSO,13,METROPOLITANA,SAN JOSE DE MAIPO,334406,701804,379469,6266471,1092,2007,3,70.645,m3/s
05704002,RIO MAIPO EN SAN ALFONSO,13,METROPOLITANA,SAN JOSE DE MAIPO,334406,701804,379469,6266471,1092,2007,4,46.593,m3/s
05704002,RIO MAIPO EN SAN ALFONSO,13,METROPOLITANA,SAN JOSE DE MAIPO,334406,701804,379469,6266471,1092,2007,5,37.281,m3/s
05704002,RIO MAIPO EN SAN ALFONSO,13,METROPOLITANA,SAN JOSE DE MAIPO,334406,701804,379469,6266471,1092,2007,6,34.807,m3/s
05704002,RIO MAIPO EN SAN ALFONSO,13,METROPOLITANA,SAN JOSE DE MAIPO,334406,701804,379469,6266471,1092,2007,7,35.297,m3/s
05704002,RIO MAIPO EN SAN ALFONSO,13,METROPOLITANA,SAN JOSE DE MAIPO,334406,701804,379469,6266471,1092,2007,8,32.145,m3/s
05704002,RIO MAIPO EN SAN ALFONSO,13,METROPOLITANA,SAN JOSE DE MAIPO,334406,701804,379469,6266471,1092,2007,9,37.607,m3/s
05704002,RIO MAIPO EN SAN ALFONSO,13,METROPOLITANA,SAN JOSE DE MAIPO,334406,701804,379469,6266471,1092,2007,10,62.85,m3/s
05704002,RIO MAIPO EN SAN ALFONSO,13,METROPOLITANA,SAN JOSE DE MAIPO,334406,701804,379469,6266471,1092,2007,11,92.57,m3/s
05704002,RIO MAIPO EN SAN ALFONSO,13,METROPOLITANA,SAN JOSE DE MAIPO,334406,701804,379469,6266471,1092,2007,12,86.268,m3/s
05704002,RIO MAIPO EN SAN ALFONSO,13,METROPOLITANA,SAN JOSE DE MAIPO,334406,701804,379469,6266471,1092,2008,1,81.961,m3/s
05704002,RIO MAIPO EN SAN ALFONSO,13,METROPOLITANA,SAN JOSE DE MAIPO,334406,701804,379469,6266471,1092,2008,2,86.712,m3/s
05704002,RIO MAIPO EN SAN ALFONSO,13,METROPOLITANA,SAN JOSE DE MAIPO,334406,701804,379469,6266471,1092,2008,3,41.427,m3/s
05704002,RIO MAIPO EN SAN ALFONSO,13,METROPOLITANA,SAN JOSE DE MAIPO,334406,701804,379469,6266471,1092,2008,4,36.173,m3/s
05704002,RIO MAIPO EN SAN ALFONSO,13,METROPOLITANA,SAN JOSE DE MAIPO,334406,701804,379469,6266471,1092,2008,5,53.187,m3/s
05704002,RIO MAIPO EN SAN ALFONSO,13,METROPOLITANA,SAN JOSE DE MAIPO,334406,701804,379469,6266471,1092,2008,6,53.31,m3/s
05704002,RIO MAIPO EN SAN ALFONSO,13,METROPOLITANA,SAN JOSE DE MAIPO,334406,701804,379469,6266471,1092,2008,7,38.99,m3/s
05704002,RIO MAIPO EN SAN ALFONSO,13,METROPOLITANA,SAN JOSE DE MAIPO,334406,701804,379469,6266471,1092,2008,8,44.652,m3/s
05704002,RIO MAIPO EN SAN ALFONSO,13,METROPOLITANA,SAN JOSE DE MAIPO,334406,701804,379469,6266471,1092,2008,9,71.943,m3/s
05704002,RIO MAIPO EN SAN ALFONSO,13,METROPOLITANA,SAN JOSE DE MAIPO,334406,701804,379469,6266471,1092,2008,10,88.871,m3/s
05704002,RIO MAIPO EN SAN ALFONSO,13,METROPOLITANA,SAN JOSE DE MAIPO,334406,701804,379469,6266471,1092,2008,11,227.1,m3/s
05704002,RIO MAIPO EN SAN ALFONSO,13,METROPOLITANA,SAN JOSE DE MAIPO,334406,701804,379469,6266471,1092,2008,12,241.484,m3/s
05704002,RIO MAIPO EN SAN ALFONSO,13,METROPOLITANA,SAN JOSE DE MAIPO,334406,701804,379469,6266471,1092,2009,1,132.742,m3/s
05704002,RIO MAIPO EN SAN ALFONSO,13,METROPOLITANA,SAN JOSE DE MAIPO,334406,701804,379469,6266471,1092,2009,2,85.432,m3/s
05704002,RIO MAIPO EN SAN ALFONSO,13,METROPOLITANA,SAN JOSE DE MAIPO,334406,701804,379469,6266471,1092,2009,3,61.226,m3/s
05704002,RIO MAIPO EN SAN ALFONSO,13,METROPOLITANA,SAN JOSE DE MAIPO,334406,701804,379469,6266471,1092,2009,4,44.567,m3/s
05704002,RIO MAIPO EN SAN ALFONSO,13,METROPOLITANA,SAN JOSE DE MAIPO,334406,701804,379469,6266471,1092,2009,5,41.932,m3/s
05704002,RIO MAIPO EN SAN ALFONSO,13,METROPOLITANA,SAN JOSE DE MAIPO,334406,701804,379469,6266471,1092,2009,6,40.567,m3/s
05704002,RIO MAIPO EN SAN ALFONSO,13,METROPOLITANA,SAN JOSE DE MAIPO,334406,701804,379469,6266471,1092,2009,9,42.49,m3/s
05704002,RIO MAIPO EN SAN ALFONSO,13,METROPOLITANA,SAN JOSE DE MAIPO,334406,701804,379469,6266471,1092,2009,10,53.842,m3/s
05704002,RIO MAIPO EN SAN ALFONSO,13,METROPOLITANA,SAN JOSE DE MAIPO,334406,701804,379469,6266471,1092,2009,11,81.457,m3/s
05704002,RIO MAIPO EN SAN ALFONSO,13,METROPOLITANA,SAN JOSE DE MAIPO,334406,701804,379469,6266471,1092,2009,12,151.952,m3/s
05704002,RIO MAIPO EN SAN ALFONSO,13,METROPOLITANA,SAN JOSE DE MAIPO,334406,701804,379469,6266471,1092,2010,1,149.677,m3/s
05704002,RIO MAIPO EN SAN ALFONSO,13,METROPOLITANA,SAN JOSE DE MAIPO,334406,701804,379469,6266471,1092,2010,2,97.907,m3/s
05704002,RIO MAIPO EN SAN ALFONSO,13,METROPOLITANA,SAN JOSE DE MAIPO,334406,701804,379469,6266471,1092,2010,3,74.41,m3/s
05704002,RIO MAIPO EN SAN ALFONSO,13,METROPOLITANA,SAN JOSE DE MAIPO,334406,701804,379469,6266471,1092,2010,4,50.52,m3/s
05704002,RIO MAIPO EN SAN ALFONSO,13,METROPOLITANA,SAN JOSE DE MAIPO,334406,701804,379469,6266471,1092,2010,5,39.777,m3/s
05704002,RIO MAIPO EN SAN ALFONSO,13,METROPOLITANA,SAN JOSE DE MAIPO,334406,701804,379469,6266471,1092,2010,6,37.767,m3/s
05704002,RIO MAIPO EN SAN ALFONSO,13,METROPOLITANA,SAN JOSE DE MAIPO,334406,701804,379469,6266471,1092,2010,7,32.717,m3/s
05704002,RIO MAIPO EN SAN ALFONSO,13,METROPOLITANA,SAN JOSE DE MAIPO,334406,701804,379469,6266471,1092,2010,8,33.968,m3/s
05704002,RIO MAIPO EN SAN ALFONSO,13,METROPOLITANA,SAN JOSE DE MAIPO,334406,701804,379469,6266471,1092,2010,9,36.787,m3/s
05704002,RIO MAIPO EN SAN ALFONSO,13,METROPOLITANA,SAN JOSE DE MAIPO,334406,701804,379469,6266471,1092,2010,10,51.413,m3/s
05704002,RIO MAIPO EN SAN ALFONSO,13,METROPOLITANA,SAN JOSE DE MAIPO,334406,701804,379469,6266471,1092,2010,11,66.163,m3/s
05704002,RIO MAIPO EN SAN ALFONSO,13,METROPOLITANA,SAN JOSE DE MAIPO,334406,701804,379469,6266471,1092,2010,12,64.294,m3/s
05704002,RIO MAIPO EN SAN ALFONSO,13,METROPOLITANA,SAN JOSE DE MAIPO,334406,701804,379469,6266471,1092,2011,1,57.219,m3/s
05704002,RIO MAIPO EN SAN ALFONSO,13,METROPOLITANA,SAN JOSE DE MAIPO,334406,701804,379469,6266471,1092,2011,2,51.286,m3/s
05704002,RIO MAIPO EN SAN ALFONSO,13,METROPOLITANA,SAN JOSE DE MAIPO,334406,701804,379469,6266471,1092,2011,3,43.0,m3/s
05704002,RIO MAIPO EN SAN ALFONSO,13,METROPOLITANA,SAN JOSE DE MAIPO,334406,701804,379469,6266471,1092,2011,4,34.823,m3/s
05704002,RIO MAIPO EN SAN ALFONSO,13,METROPOLITANA,SAN JOSE DE MAIPO,334406,701804,379469,6266471,1092,2011,5,30.029,m3/s
05704002,RIO MAIPO EN SAN ALFONSO,13,METROPOLITANA,SAN JOSE DE MAIPO,334406,701804,379469,6266471,1092,2011,6,27.807,m3/s
05704002,RIO MAIPO EN SAN ALFONSO,13,METROPOLITANA,SAN JOSE DE MAIPO,334406,701804,379469,6266471,1092,2011,7,25.913,m3/s
05704002,RIO MAIPO EN SAN ALFONSO,13,METROPOLITANA,SAN JOSE DE MAIPO,334406,701804,379469,6266471,1092,2011,8,26.252,m3/s
05704002,RIO MAIPO EN SAN ALFONSO,13,METROPOLITANA,SAN JOSE DE MAIPO,334406,701804,379469,6266471,1092,2011,9,31.843,m3/s
05704002,RIO MAIPO EN SAN ALFONSO,13,METROPOLITANA,SAN JOSE DE MAIPO,334406,701804,379469,6266471,1092,2011,10,53.09,m3/s
05704002,RIO MAIPO EN SAN ALFONSO,13,METROPOLITANA,SAN JOSE DE MAIPO,334406,701804,379469,6266471,1092,2012,1,51.743,m3/s
05704002,RIO MAIPO EN SAN ALFONSO,13,METROPOLITANA,SAN JOSE DE MAIPO,334406,701804,379469,6266471,1092,2012,2,42.49,m3/s
05704002,RIO MAIPO EN SAN ALFONSO,13,METROPOLITANA,SAN JOSE DE MAIPO,334406,701804,379469,6266471,1092,2012,3,43.045,m3/s
05704002,RIO MAIPO EN SAN ALFONSO,13,METROPOLITANA,SAN JOSE DE MAIPO,334406,701804,379469,6266471,1092,2012,4,34.743,m3/s
05704002,RIO MAIPO EN SAN ALFONSO,13,METROPOLITANA,SAN JOSE DE MAIPO,334406,701804,379469,6266471,1092,2012,5,37.513,m3/s
05704002,RIO MAIPO EN SAN ALFONSO,13,METROPOLITANA,SAN JOSE DE MAIPO,334406,701804,379469,6266471,1092,2012,6,28.543,m3/s
05704002,RIO MAIPO EN SAN ALFONSO,13,METROPOLITANA,SAN JOSE DE MAIPO,334406,701804,379469,6266471,1092,2012,7,28.884,m3/s
05704002,RIO MAIPO EN SAN ALFONSO,13,METROPOLITANA,SAN JOSE DE MAIPO,334406,701804,379469,6266471,1092,2012,8,26.697,m3/s
05704002,RIO MAIPO EN SAN ALFONSO,13,METROPOLITANA,SAN JOSE DE MAIPO,334406,701804,379469,6266471,1092,2012,9,35.637,m3/s
05704002,RIO MAIPO EN SAN ALFONSO,13,METROPOLITANA,SAN JOSE DE MAIPO,334406,701804,379469,6266471,1092,2012,10,42.177,m3/s
05704002,RIO MAIPO EN SAN ALFONSO,13,METROPOLITANA,SAN JOSE DE MAIPO,334406,701804,379469,6266471,1092,2012,11,97.45,m3/s
05704002,RIO MAIPO EN SAN ALFONSO,13,METROPOLITANA,SAN JOSE DE MAIPO,334406,701804,379469,6266471,1092,2012,12,102.787,m3/s
05704002,RIO MAIPO EN SAN ALFONSO,13,METROPOLITANA,SAN JOSE DE MAIPO,334406,701804,379469,6266471,1092,2013,1,117.952,m3/s
05704002,RIO MAIPO EN SAN ALFONSO,13,METROPOLITANA,SAN JOSE DE MAIPO,334406,701804,379469,6266471,1092,2013,2,67.967,m3/s
05704002,RIO MAIPO EN SAN ALFONSO,13,METROPOLITANA,SAN JOSE DE MAIPO,334406,701804,379469,6266471,1092,2013,3,48.984,m3/s
05704002,RIO MAIPO EN SAN ALFONSO,13,METROPOLITANA,SAN JOSE DE MAIPO,334406,701804,379469,6266471,1092,2013,4,38.57,m3/s
05704002,RIO MAIPO EN SAN ALFONSO,13,METROPOLITANA,SAN JOSE DE MAIPO,334406,701804,379469,6266471,1092,2013,5,33.645,m3/s
05704002,RIO MAIPO EN SAN ALFONSO,13,METROPOLITANA,SAN JOSE DE MAIPO,334406,701804,379469,6266471,1092,2013,6,32.13,m3/s
05704002,RIO MAIPO EN SAN ALFONSO,13,METROPOLITANA,SAN JOSE DE MAIPO,334406,701804,379469,6266471,1092,2013,7,27.274,m3/s
05704002,RIO MAIPO EN SAN ALFONSO,13,METROPOLITANA,SAN JOSE DE MAIPO,334406,701804,379469,6266471,1092,2013,8,31.948,m3/s
05704002,RIO MAIPO EN SAN ALFONSO,13,METROPOLITANA,SAN JOSE DE MAIPO,334406,701804,379469,6266471,1092,2013,9,39.667,m3/s
05704002,RIO MAIPO EN SAN ALFONSO,13,METROPOLITANA,SAN JOSE DE MAIPO,334406,701804,379469,6266471,1092,2013,10,56.39,m3/s
05704002,RIO MAIPO EN SAN ALFONSO,13,METROPOLITANA,SAN JOSE DE MAIPO,334406,701804,379469,6266471,1092,2013,11,79.917,m3/s
05704002,RIO MAIPO EN SAN ALFONSO,13,METROPOLITANA,SAN JOSE DE MAIPO,334406,701804,379469,6266471,1092,2013,12,88.771,m3/s
05704002,RIO MAIPO EN SAN ALFONSO,13,METROPOLITANA,SAN JOSE DE MAIPO,334406,701804,379469,6266471,1092,2014,1,61.597,m3/s
05704002,RIO MAIPO EN SAN ALFONSO,13,METROPOLITANA,SAN JOSE DE MAIPO,334406,701804,379469,6266471,1092,2014,2,46.154,m3/s
05704002,RIO MAIPO EN SAN ALFONSO,13,METROPOLITANA,SAN JOSE DE MAIPO,334406,701804,379469,6266471,1092,2014,3,42.548,m3/s
05704002,RIO MAIPO EN SAN ALFONSO,13,METROPOLITANA,SAN JOSE DE MAIPO,334406,701804,379469,6266471,1092,2014,4,36.707,m3/s
05704002,RIO MAIPO EN SAN ALFONSO,13,METROPOLITANA,SAN JOSE DE MAIPO,334406,701804,379469,6266471,1092,2014,5,31.555,m3/s
05704002,RIO MAIPO EN SAN ALFONSO,13,METROPOLITANA,SAN JOSE DE MAIPO,334406,701804,379469,6266471,1092,2014,6,29.15,m3/s
05704002,RIO MAIPO EN SAN ALFONSO,13,METROPOLITANA,SAN JOSE DE MAIPO,334406,701804,379469,6266471,1092,2014,7,26.148,m3/s
05704002,RIO MAIPO EN SAN ALFONSO,13,METROPOLITANA,SAN JOSE DE MAIPO,334406,701804,379469,6266471,1092,2014,8,26.677,m3/s
05704002,RIO MAIPO EN SAN ALFONSO,13,METROPOLITANA,SAN JOSE DE MAIPO,334406,701804,379469,6266471,1092,2014,9,25.933,m3/s
05704002,RIO MAIPO EN SAN ALFONSO,13,METROPOLITANA,SAN JOSE DE MAIPO,334406,701804,379469,6266471,1092,2014,10,49.265,m3/s
05704002,RIO MAIPO EN SAN ALFONSO,13,METROPOLITANA,SAN JOSE DE MAIPO,334406,701804,379469,6266471,1092,2014,11,67.55,m3/s
05704002,RIO MAIPO EN SAN ALFONSO,13,METROPOLITANA,SAN JOSE DE MAIPO,334406,701804,379469,6266471,1092,2014,12,64.845,m3/s
05704002,RIO MAIPO EN SAN ALFONSO,13,METROPOLITANA,SAN JOSE DE MAIPO,334406,701804,379469,6266471,1092,2015,1,57.552,m3/s
05704002,RIO MAIPO EN SAN ALFONSO,13,METROPOLITANA,SAN JOSE DE MAIPO,334406,701804,379469,6266471,1092,2015,2,41.907,m3/s
05704002,RIO MAIPO EN SAN ALFONSO,13,METROPOLITANA,SAN JOSE DE MAIPO,334406,701804,379469,6266471,1092,2015,3,33.074,m3/s
05704002,RIO MAIPO EN SAN ALFONSO,13,METROPOLITANA,SAN JOSE DE MAIPO,334406,701804,379469,6266471,1092,2015,4,31.49,m3/s
05704002,RIO MAIPO EN SAN ALFONSO,13,METROPOLITANA,SAN JOSE DE MAIPO,334406,701804,379469,6266471,1092,2015,5,28.029,m3/s
05704002,RIO MAIPO EN SAN ALFONSO,13,METROPOLITANA,SAN JOSE DE MAIPO,334406,701804,379469,6266471,1092,2015,6,24.197,m3/s
05704002,RIO MAIPO EN SAN ALFONSO,13,METROPOLITANA,SAN JOSE DE MAIPO,334406,701804,379469,6266471,1092,2015,7,21.942,m3/s
05704002,RIO MAIPO EN SAN ALFONSO,13,METROPOLITANA,SAN JOSE DE MAIPO,334406,701804,379469,6266471,1092,2015,8,25.094,m3/s
05704002,RIO MAIPO EN SAN ALFONSO,13,METROPOLITANA,SAN JOSE DE MAIPO,334406,701804,379469,6266471,1092,2015,9,30.63,m3/s
05704002,RIO MAIPO EN SAN ALFONSO,13,METROPOLITANA,SAN JOSE DE MAIPO,334406,701804,379469,6266471,1092,2015,10,38.461,m3/s
05704002,RIO MAIPO EN SAN ALFONSO,13,METROPOLITANA,SAN JOSE DE MAIPO,334406,701804,379469,6266471,1092,2015,11,78.61,m3/s
05704002,RIO MAIPO EN SAN ALFONSO,13,METROPOLITANA,SAN JOSE DE MAIPO,334406,701804,379469,6266471,1092,2015,12,163.194,m3/s
05704002,RIO MAIPO EN SAN ALFONSO,13,METROPOLITANA,SAN JOSE DE MAIPO,334406,701804,379469,6266471,1092,2016,1,127.284,m3/s
05704002,RIO MAIPO EN SAN ALFONSO,13,METROPOLITANA,SAN JOSE DE MAIPO,334406,701804,379469,6266471,1092,2016,2,73.148,m3/s
05704002,RIO MAIPO EN SAN ALFONSO,13,METROPOLITANA,SAN JOSE DE MAIPO,334406,701804,379469,6266471,1092,2016,3,52.316,m3/s
05704002,RIO MAIPO EN SAN ALFONSO,13,METROPOLITANA,SAN JOSE DE MAIPO,334406,701804,379469,6266471,1092,2016,4,68.753,m3/s
05704002,RIO MAIPO EN SAN ALFONSO,13,METROPOLITANA,SAN JOSE DE MAIPO,334406,701804,379469,6266471,1092,2016,5,49.974,m3/s
05704002,RIO MAIPO EN SAN ALFONSO,13,METROPOLITANA,SAN JOSE DE MAIPO,334406,701804,379469,6266471,1092,2016,6,48.11,m3/s
05704002,RIO MAIPO EN SAN ALFONSO,13,METROPOLITANA,SAN JOSE DE MAIPO,334406,701804,379469,6266471,1092,2016,7,42.587,m3/s
05704002,RIO MAIPO EN SAN ALFONSO,13,METROPOLITANA,SAN JOSE DE MAIPO,334406,701804,379469,6266471,1092,2016,8,43.606,m3/s
05704002,RIO MAIPO EN SAN ALFONSO,13,METROPOLITANA,SAN JOSE DE MAIPO,334406,701804,379469,6266471,1092,2016,9,50.32,m3/s
05704002,RIO MAIPO EN SAN ALFONSO,13,METROPOLITANA,SAN JOSE DE MAIPO,334406,701804,379469,6266471,1092,2016,10,59.9,m3/s
05704002,RIO MAIPO EN SAN ALFONSO,13,METROPOLITANA,SAN JOSE DE MAIPO,334406,701804,379469,6266471,1092,2016,11,103.543,m3/s
05704002,RIO MAIPO EN SAN ALFONSO,13,METROPOLITANA,SAN JOSE DE MAIPO,334406,701804,379469,6266471,1092,2016,12,120.687,m3/s
05403002,RIO ACONCAGUA EN RIO BLANCO,5,DE VALPARAISO,LOS ANDES,0325437  ,0701826  ,377747,6357917,1420,1970,4,10.192,m3/s
05403002,RIO ACONCAGUA EN RIO BLANCO,5,DE VALPARAISO,LOS ANDES,0325437  ,0701826  ,377747,6357917,1420,1970,5,7.275,m3/s
05403002,RIO ACONCAGUA EN RIO BLANCO,5,DE VALPARAISO,LOS ANDES,0325437  ,0701826  ,377747,6357917,1420,1970,6,6.213,m3/s
05403002,RIO ACONCAGUA EN RIO BLANCO,5,DE VALPARAISO,LOS ANDES,0325437  ,0701826  ,377747,6357917,1420,1970,7,5.9030000000000005,m3/s
05403002,RIO ACONCAGUA EN RIO BLANCO,5,DE VALPARAISO,LOS ANDES,0325437  ,0701826  ,377747,6357917,1420,1970,8,7.261,m3/s
05403002,RIO ACONCAGUA EN RIO BLANCO,5,DE VALPARAISO,LOS ANDES,0325437  ,0701826  ,377747,6357917,1420,1970,9,8.037,m3/s
05403002,RIO ACONCAGUA EN RIO BLANCO,5,DE VALPARAISO,LOS ANDES,0325437  ,0701826  ,377747,6357917,1420,1970,10,12.261,m3/s
05403002,RIO ACONCAGUA EN RIO BLANCO,5,DE VALPARAISO,LOS ANDES,0325437  ,0701826  ,377747,6357917,1420,1970,11,24.273,m3/s
05403002,RIO ACONCAGUA EN RIO BLANCO,5,DE VALPARAISO,LOS ANDES,0325437  ,0701826  ,377747,6357917,1420,1970,12,32.442,m3/s
05403002,RIO ACONCAGUA EN RIO BLANCO,5,DE VALPARAISO,LOS ANDES,0325437  ,0701826  ,377747,6357917,1420,1971,1,22.077,m3/s
05403002,RIO ACONCAGUA EN RIO BLANCO,5,DE VALPARAISO,LOS ANDES,0325437  ,0701826  ,377747,6357917,1420,1971,2,19.393,m3/s
05403002,RIO ACONCAGUA EN RIO BLANCO,5,DE VALPARAISO,LOS ANDES,0325437  ,0701826  ,377747,6357917,1420,1971,3,11.701,m3/s
05403002,RIO ACONCAGUA EN RIO BLANCO,5,DE VALPARAISO,LOS ANDES,0325437  ,0701826  ,377747,6357917,1420,1971,4,7.371,m3/s
05403002,RIO ACONCAGUA EN RIO BLANCO,5,DE VALPARAISO,LOS ANDES,0325437  ,0701826  ,377747,6357917,1420,1971,5,5.659,m3/s
05403002,RIO ACONCAGUA EN RIO BLANCO,5,DE VALPARAISO,LOS ANDES,0325437  ,0701826  ,377747,6357917,1420,1971,6,4.817,m3/s
05403002,RIO ACONCAGUA EN RIO BLANCO,5,DE VALPARAISO,LOS ANDES,0325437  ,0701826  ,377747,6357917,1420,1971,7,6.202,m3/s
05403002,RIO ACONCAGUA EN RIO BLANCO,5,DE VALPARAISO,LOS ANDES,0325437  ,0701826  ,377747,6357917,1420,1971,8,7.0,m3/s
05403002,RIO ACONCAGUA EN RIO BLANCO,5,DE VALPARAISO,LOS ANDES,0325437  ,0701826  ,377747,6357917,1420,1971,9,8.925,m3/s
05403002,RIO ACONCAGUA EN RIO BLANCO,5,DE VALPARAISO,LOS ANDES,0325437  ,0701826  ,377747,6357917,1420,1971,10,17.623,m3/s
05403002,RIO ACONCAGUA EN RIO BLANCO,5,DE VALPARAISO,LOS ANDES,0325437  ,0701826  ,377747,6357917,1420,1971,11,37.457,m3/s
05403002,RIO ACONCAGUA EN RIO BLANCO,5,DE VALPARAISO,LOS ANDES,0325437  ,0701826  ,377747,6357917,1420,1971,12,35.39,m3/s
05403002,RIO ACONCAGUA EN RIO BLANCO,5,DE VALPARAISO,LOS ANDES,0325437  ,0701826  ,377747,6357917,1420,1972,1,31.39,m3/s
05403002,RIO ACONCAGUA EN RIO BLANCO,5,DE VALPARAISO,LOS ANDES,0325437  ,0701826  ,377747,6357917,1420,1972,2,22.7,m3/s
05403002,RIO ACONCAGUA EN RIO BLANCO,5,DE VALPARAISO,LOS ANDES,0325437  ,0701826  ,377747,6357917,1420,1972,3,11.79,m3/s
05403002,RIO ACONCAGUA EN RIO BLANCO,5,DE VALPARAISO,LOS ANDES,0325437  ,0701826  ,377747,6357917,1420,1972,4,7.899,m3/s
05403002,RIO ACONCAGUA EN RIO BLANCO,5,DE VALPARAISO,LOS ANDES,0325437  ,0701826  ,377747,6357917,1420,1972,5,9.3,m3/s
05403002,RIO ACONCAGUA EN RIO BLANCO,5,DE VALPARAISO,LOS ANDES,0325437  ,0701826  ,377747,6357917,1420,1972,6,10.785,m3/s
05403002,RIO ACONCAGUA EN RIO BLANCO,5,DE VALPARAISO,LOS ANDES,0325437  ,0701826  ,377747,6357917,1420,1972,7,9.128,m3/s
05403002,RIO ACONCAGUA EN RIO BLANCO,5,DE VALPARAISO,LOS ANDES,0325437  ,0701826  ,377747,6357917,1420,1972,8,9.937,m3/s
05403002,RIO ACONCAGUA EN RIO BLANCO,5,DE VALPARAISO,LOS ANDES,0325437  ,0701826  ,377747,6357917,1420,1972,9,12.916,m3/s
05403002,RIO ACONCAGUA EN RIO BLANCO,5,DE VALPARAISO,LOS ANDES,0325437  ,0701826  ,377747,6357917,1420,1972,10,16.394,m3/s
05403002,RIO ACONCAGUA EN RIO BLANCO,5,DE VALPARAISO,LOS ANDES,0325437  ,0701826  ,377747,6357917,1420,1972,11,27.267,m3/s
05403002,RIO ACONCAGUA EN RIO BLANCO,5,DE VALPARAISO,LOS ANDES,0325437  ,0701826  ,377747,6357917,1420,1972,12,69.032,m3/s
05403002,RIO ACONCAGUA EN RIO BLANCO,5,DE VALPARAISO,LOS ANDES,0325437  ,0701826  ,377747,6357917,1420,1973,1,92.326,m3/s
05403002,RIO ACONCAGUA EN RIO BLANCO,5,DE VALPARAISO,LOS ANDES,0325437  ,0701826  ,377747,6357917,1420,1973,2,66.264,m3/s
05403002,RIO ACONCAGUA EN RIO BLANCO,5,DE VALPARAISO,LOS ANDES,0325437  ,0701826  ,377747,6357917,1420,1973,3,44.18,m3/s
05403002,RIO ACONCAGUA EN RIO BLANCO,5,DE VALPARAISO,LOS ANDES,0325437  ,0701826  ,377747,6357917,1420,1973,4,20.27,m3/s
05403002,RIO ACONCAGUA EN RIO BLANCO,5,DE VALPARAISO,LOS ANDES,0325437  ,0701826  ,377747,6357917,1420,1973,5,11.805,m3/s
05403002,RIO ACONCAGUA EN RIO BLANCO,5,DE VALPARAISO,LOS ANDES,0325437  ,0701826  ,377747,6357917,1420,1973,6,11.021,m3/s
05403002,RIO ACONCAGUA EN RIO BLANCO,5,DE VALPARAISO,LOS ANDES,0325437  ,0701826  ,377747,6357917,1420,1973,7,10.05,m3/s
05403002,RIO ACONCAGUA EN RIO BLANCO,5,DE VALPARAISO,LOS ANDES,0325437  ,0701826  ,377747,6357917,1420,1973,8,8.393,m3/s
05403002,RIO ACONCAGUA EN RIO BLANCO,5,DE VALPARAISO,LOS ANDES,0325437  ,0701826  ,377747,6357917,1420,1973,9,9.21,m3/s
05403002,RIO ACONCAGUA EN RIO BLANCO,5,DE VALPARAISO,LOS ANDES,0325437  ,0701826  ,377747,6357917,1420,1973,10,15.662,m3/s
05403002,RIO ACONCAGUA EN RIO BLANCO,5,DE VALPARAISO,LOS ANDES,0325437  ,0701826  ,377747,6357917,1420,1973,11,32.003,m3/s
05403002,RIO ACONCAGUA EN RIO BLANCO,5,DE VALPARAISO,LOS ANDES,0325437  ,0701826  ,377747,6357917,1420,1973,12,43.852,m3/s
05403002,RIO ACONCAGUA EN RIO BLANCO,5,DE VALPARAISO,LOS ANDES,0325437  ,0701826  ,377747,6357917,1420,1974,1,47.184,m3/s
05403002,RIO ACONCAGUA EN RIO BLANCO,5,DE VALPARAISO,LOS ANDES,0325437  ,0701826  ,377747,6357917,1420,1974,2,35.129,m3/s
05403002,RIO ACONCAGUA EN RIO BLANCO,5,DE VALPARAISO,LOS ANDES,0325437  ,0701826  ,377747,6357917,1420,1974,3,23.47,m3/s
05403002,RIO ACONCAGUA EN RIO BLANCO,5,DE VALPARAISO,LOS ANDES,0325437  ,0701826  ,377747,6357917,1420,1974,4,12.833,m3/s
05403002,RIO ACONCAGUA EN RIO BLANCO,5,DE VALPARAISO,LOS ANDES,0325437  ,0701826  ,377747,6357917,1420,1974,5,8.539,m3/s
05403002,RIO ACONCAGUA EN RIO BLANCO,5,DE VALPARAISO,LOS ANDES,0325437  ,0701826  ,377747,6357917,1420,1974,6,7.872,m3/s
05403002,RIO ACONCAGUA EN RIO BLANCO,5,DE VALPARAISO,LOS ANDES,0325437  ,0701826  ,377747,6357917,1420,1974,7,9.376,m3/s
05403002,RIO ACONCAGUA EN RIO BLANCO,5,DE VALPARAISO,LOS ANDES,0325437  ,0701826  ,377747,6357917,1420,1974,8,8.205,m3/s
05403002,RIO ACONCAGUA EN RIO BLANCO,5,DE VALPARAISO,LOS ANDES,0325437  ,0701826  ,377747,6357917,1420,1974,9,9.508,m3/s
05403002,RIO ACONCAGUA EN RIO BLANCO,5,DE VALPARAISO,LOS ANDES,0325437  ,0701826  ,377747,6357917,1420,1974,10,21.177,m3/s
05403002,RIO ACONCAGUA EN RIO BLANCO,5,DE VALPARAISO,LOS ANDES,0325437  ,0701826  ,377747,6357917,1420,1974,11,37.477,m3/s
05403002,RIO ACONCAGUA EN RIO BLANCO,5,DE VALPARAISO,LOS ANDES,0325437  ,0701826  ,377747,6357917,1420,1974,12,43.3,m3/s
05403002,RIO ACONCAGUA EN RIO BLANCO,5,DE VALPARAISO,LOS ANDES,0325437  ,0701826  ,377747,6357917,1420,1975,1,51.106,m3/s
05403002,RIO ACONCAGUA EN RIO BLANCO,5,DE VALPARAISO,LOS ANDES,0325437  ,0701826  ,377747,6357917,1420,1975,2,31.993,m3/s
05403002,RIO ACONCAGUA EN RIO BLANCO,5,DE VALPARAISO,LOS ANDES,0325437  ,0701826  ,377747,6357917,1420,1975,3,20.593,m3/s
05403002,RIO ACONCAGUA EN RIO BLANCO,5,DE VALPARAISO,LOS ANDES,0325437  ,0701826  ,377747,6357917,1420,1975,4,9.194,m3/s
05403002,RIO ACONCAGUA EN RIO BLANCO,5,DE VALPARAISO,LOS ANDES,0325437  ,0701826  ,377747,6357917,1420,1975,7,6.525,m3/s
05403002,RIO ACONCAGUA EN RIO BLANCO,5,DE VALPARAISO,LOS ANDES,0325437  ,0701826  ,377747,6357917,1420,1975,8,6.92,m3/s
05403002,RIO ACONCAGUA EN RIO BLANCO,5,DE VALPARAISO,LOS ANDES,0325437  ,0701826  ,377747,6357917,1420,1975,9,8.574,m3/s
05403002,RIO ACONCAGUA EN RIO BLANCO,5,DE VALPARAISO,LOS ANDES,0325437  ,0701826  ,377747,6357917,1420,1975,10,12.11,m3/s
05403002,RIO ACONCAGUA EN RIO BLANCO,5,DE VALPARAISO,LOS ANDES,0325437  ,0701826  ,377747,6357917,1420,1975,11,18.1,m3/s
05403002,RIO ACONCAGUA EN RIO BLANCO,5,DE VALPARAISO,LOS ANDES,0325437  ,0701826  ,377747,6357917,1420,1975,12,40.342,m3/s
05403002,RIO ACONCAGUA EN RIO BLANCO,5,DE VALPARAISO,LOS ANDES,0325437  ,0701826  ,377747,6357917,1420,1976,1,35.265,m3/s
05403002,RIO ACONCAGUA EN RIO BLANCO,5,DE VALPARAISO,LOS ANDES,0325437  ,0701826  ,377747,6357917,1420,1976,2,24.521,m3/s
05403002,RIO ACONCAGUA EN RIO BLANCO,5,DE VALPARAISO,LOS ANDES,0325437  ,0701826  ,377747,6357917,1420,1976,3,15.674,m3/s
05403002,RIO ACONCAGUA EN RIO BLANCO,5,DE VALPARAISO,LOS ANDES,0325437  ,0701826  ,377747,6357917,1420,1976,4,9.138,m3/s
05403002,RIO ACONCAGUA EN RIO BLANCO,5,DE VALPARAISO,LOS ANDES,0325437  ,0701826  ,377747,6357917,1420,1976,5,6.526,m3/s
05403002,RIO ACONCAGUA EN RIO BLANCO,5,DE VALPARAISO,LOS ANDES,0325437  ,0701826  ,377747,6357917,1420,1976,6,6.142,m3/s
05403002,RIO ACONCAGUA EN RIO BLANCO,5,DE VALPARAISO,LOS ANDES,0325437  ,0701826  ,377747,6357917,1420,1976,7,6.033,m3/s
05403002,RIO ACONCAGUA EN RIO BLANCO,5,DE VALPARAISO,LOS ANDES,0325437  ,0701826  ,377747,6357917,1420,1976,8,6.346,m3/s
05403002,RIO ACONCAGUA EN RIO BLANCO,5,DE VALPARAISO,LOS ANDES,0325437  ,0701826  ,377747,6357917,1420,1976,9,8.012,m3/s
05403002,RIO ACONCAGUA EN RIO BLANCO,5,DE VALPARAISO,LOS ANDES,0325437  ,0701826  ,377747,6357917,1420,1976,10,10.141,m3/s
05403002,RIO ACONCAGUA EN RIO BLANCO,5,DE VALPARAISO,LOS ANDES,0325437  ,0701826  ,377747,6357917,1420,1976,11,28.35,m3/s
05403002,RIO ACONCAGUA EN RIO BLANCO,5,DE VALPARAISO,LOS ANDES,0325437  ,0701826  ,377747,6357917,1420,1976,12,38.235,m3/s
05403002,RIO ACONCAGUA EN RIO BLANCO,5,DE VALPARAISO,LOS ANDES,0325437  ,0701826  ,377747,6357917,1420,1977,1,36.423,m3/s
05403002,RIO ACONCAGUA EN RIO BLANCO,5,DE VALPARAISO,LOS ANDES,0325437  ,0701826  ,377747,6357917,1420,1977,2,21.146,m3/s
05403002,RIO ACONCAGUA EN RIO BLANCO,5,DE VALPARAISO,LOS ANDES,0325437  ,0701826  ,377747,6357917,1420,1977,3,16.642,m3/s
05403002,RIO ACONCAGUA EN RIO BLANCO,5,DE VALPARAISO,LOS ANDES,0325437  ,0701826  ,377747,6357917,1420,1977,4,9.077,m3/s
05403002,RIO ACONCAGUA EN RIO BLANCO,5,DE VALPARAISO,LOS ANDES,0325437  ,0701826  ,377747,6357917,1420,1977,5,8.316,m3/s
05403002,RIO ACONCAGUA EN RIO BLANCO,5,DE VALPARAISO,LOS ANDES,0325437  ,0701826  ,377747,6357917,1420,1977,6,7.352,m3/s
05403002,RIO ACONCAGUA EN RIO BLANCO,5,DE VALPARAISO,LOS ANDES,0325437  ,0701826  ,377747,6357917,1420,1977,7,9.905,m3/s
05403002,RIO ACONCAGUA EN RIO BLANCO,5,DE VALPARAISO,LOS ANDES,0325437  ,0701826  ,377747,6357917,1420,1977,8,13.682,m3/s
05403002,RIO ACONCAGUA EN RIO BLANCO,5,DE VALPARAISO,LOS ANDES,0325437  ,0701826  ,377747,6357917,1420,1977,9,17.517,m3/s
05403002,RIO ACONCAGUA EN RIO BLANCO,5,DE VALPARAISO,LOS ANDES,0325437  ,0701826  ,377747,6357917,1420,1977,10,28.187,m3/s
05403002,RIO ACONCAGUA EN RIO BLANCO,5,DE VALPARAISO,LOS ANDES,0325437  ,0701826  ,377747,6357917,1420,1977,11,41.997,m3/s
05403002,RIO ACONCAGUA EN RIO BLANCO,5,DE VALPARAISO,LOS ANDES,0325437  ,0701826  ,377747,6357917,1420,1977,12,57.623,m3/s
05403002,RIO ACONCAGUA EN RIO BLANCO,5,DE VALPARAISO,LOS ANDES,0325437  ,0701826  ,377747,6357917,1420,1978,1,40.648,m3/s
05403002,RIO ACONCAGUA EN RIO BLANCO,5,DE VALPARAISO,LOS ANDES,0325437  ,0701826  ,377747,6357917,1420,1978,2,30.082,m3/s
05403002,RIO ACONCAGUA EN RIO BLANCO,5,DE VALPARAISO,LOS ANDES,0325437  ,0701826  ,377747,6357917,1420,1978,3,19.039,m3/s
05403002,RIO ACONCAGUA EN RIO BLANCO,5,DE VALPARAISO,LOS ANDES,0325437  ,0701826  ,377747,6357917,1420,1978,4,13.593,m3/s
05403002,RIO ACONCAGUA EN RIO BLANCO,5,DE VALPARAISO,LOS ANDES,0325437  ,0701826  ,377747,6357917,1420,1978,5,9.023,m3/s
05403002,RIO ACONCAGUA EN RIO BLANCO,5,DE VALPARAISO,LOS ANDES,0325437  ,0701826  ,377747,6357917,1420,1978,6,7.201,m3/s
05403002,RIO ACONCAGUA EN RIO BLANCO,5,DE VALPARAISO,LOS ANDES,0325437  ,0701826  ,377747,6357917,1420,1978,7,9.416,m3/s
05403002,RIO ACONCAGUA EN RIO BLANCO,5,DE VALPARAISO,LOS ANDES,0325437  ,0701826  ,377747,6357917,1420,1978,8,9.968,m3/s
05403002,RIO ACONCAGUA EN RIO BLANCO,5,DE VALPARAISO,LOS ANDES,0325437  ,0701826  ,377747,6357917,1420,1978,9,11.231,m3/s
05403002,RIO ACONCAGUA EN RIO BLANCO,5,DE VALPARAISO,LOS ANDES,0325437  ,0701826  ,377747,6357917,1420,1978,10,19.632,m3/s
05403002,RIO ACONCAGUA EN RIO BLANCO,5,DE VALPARAISO,LOS ANDES,0325437  ,0701826  ,377747,6357917,1420,1978,11,35.16,m3/s
05403002,RIO ACONCAGUA EN RIO BLANCO,5,DE VALPARAISO,LOS ANDES,0325437  ,0701826  ,377747,6357917,1420,1978,12,70.835,m3/s
05403002,RIO ACONCAGUA EN RIO BLANCO,5,DE VALPARAISO,LOS ANDES,0325437  ,0701826  ,377747,6357917,1420,1979,1,73.987,m3/s
05403002,RIO ACONCAGUA EN RIO BLANCO,5,DE VALPARAISO,LOS ANDES,0325437  ,0701826  ,377747,6357917,1420,1979,2,43.414,m3/s
05403002,RIO ACONCAGUA EN RIO BLANCO,5,DE VALPARAISO,LOS ANDES,0325437  ,0701826  ,377747,6357917,1420,1979,3,25.123,m3/s
05403002,RIO ACONCAGUA EN RIO BLANCO,5,DE VALPARAISO,LOS ANDES,0325437  ,0701826  ,377747,6357917,1420,1979,4,13.337,m3/s
05403002,RIO ACONCAGUA EN RIO BLANCO,5,DE VALPARAISO,LOS ANDES,0325437  ,0701826  ,377747,6357917,1420,1979,5,10.019,m3/s
05403002,RIO ACONCAGUA EN RIO BLANCO,5,DE VALPARAISO,LOS ANDES,0325437  ,0701826  ,377747,6357917,1420,1979,6,8.72,m3/s
05403002,RIO ACONCAGUA EN RIO BLANCO,5,DE VALPARAISO,LOS ANDES,0325437  ,0701826  ,377747,6357917,1420,1979,7,7.182,m3/s
05403002,RIO ACONCAGUA EN RIO BLANCO,5,DE VALPARAISO,LOS ANDES,0325437  ,0701826  ,377747,6357917,1420,1979,8,8.153,m3/s
05403002,RIO ACONCAGUA EN RIO BLANCO,5,DE VALPARAISO,LOS ANDES,0325437  ,0701826  ,377747,6357917,1420,1979,9,9.011,m3/s
05403002,RIO ACONCAGUA EN RIO BLANCO,5,DE VALPARAISO,LOS ANDES,0325437  ,0701826  ,377747,6357917,1420,1979,10,14.153,m3/s
05403002,RIO ACONCAGUA EN RIO BLANCO,5,DE VALPARAISO,LOS ANDES,0325437  ,0701826  ,377747,6357917,1420,1979,11,21.77,m3/s
05403002,RIO ACONCAGUA EN RIO BLANCO,5,DE VALPARAISO,LOS ANDES,0325437  ,0701826  ,377747,6357917,1420,1979,12,36.694,m3/s
05403002,RIO ACONCAGUA EN RIO BLANCO,5,DE VALPARAISO,LOS ANDES,0325437  ,0701826  ,377747,6357917,1420,1980,1,49.874,m3/s
05403002,RIO ACONCAGUA EN RIO BLANCO,5,DE VALPARAISO,LOS ANDES,0325437  ,0701826  ,377747,6357917,1420,1980,2,29.672,m3/s
05403002,RIO ACONCAGUA EN RIO BLANCO,5,DE VALPARAISO,LOS ANDES,0325437  ,0701826  ,377747,6357917,1420,1980,3,23.19,m3/s
05403002,RIO ACONCAGUA EN RIO BLANCO,5,DE VALPARAISO,LOS ANDES,0325437  ,0701826  ,377747,6357917,1420,1980,4,18.252,m3/s
05403002,RIO ACONCAGUA EN RIO BLANCO,5,DE VALPARAISO,LOS ANDES,0325437  ,0701826  ,377747,6357917,1420,1980,5,16.087,m3/s
05403002,RIO ACONCAGUA EN RIO BLANCO,5,DE VALPARAISO,LOS ANDES,0325437  ,0701826  ,377747,6357917,1420,1980,6,12.65,m3/s
05403002,RIO ACONCAGUA EN RIO BLANCO,5,DE VALPARAISO,LOS ANDES,0325437  ,0701826  ,377747,6357917,1420,1980,7,11.297,m3/s
05403002,RIO ACONCAGUA EN RIO BLANCO,5,DE VALPARAISO,LOS ANDES,0325437  ,0701826  ,377747,6357917,1420,1980,8,11.242,m3/s
05403002,RIO ACONCAGUA EN RIO BLANCO,5,DE VALPARAISO,LOS ANDES,0325437  ,0701826  ,377747,6357917,1420,1980,9,13.107,m3/s
05403002,RIO ACONCAGUA EN RIO BLANCO,5,DE VALPARAISO,LOS ANDES,0325437  ,0701826  ,377747,6357917,1420,1980,10,18.442,m3/s
05403002,RIO ACONCAGUA EN RIO BLANCO,5,DE VALPARAISO,LOS ANDES,0325437  ,0701826  ,377747,6357917,1420,1980,11,35.073,m3/s
05403002,RIO ACONCAGUA EN RIO BLANCO,5,DE VALPARAISO,LOS ANDES,0325437  ,0701826  ,377747,6357917,1420,1980,12,71.806,m3/s
05403002,RIO ACONCAGUA EN RIO BLANCO,5,DE VALPARAISO,LOS ANDES,0325437  ,0701826  ,377747,6357917,1420,1981,1,57.113,m3/s
05403002,RIO ACONCAGUA EN RIO BLANCO,5,DE VALPARAISO,LOS ANDES,0325437  ,0701826  ,377747,6357917,1420,1981,2,46.383,m3/s
05403002,RIO ACONCAGUA EN RIO BLANCO,5,DE VALPARAISO,LOS ANDES,0325437  ,0701826  ,377747,6357917,1420,1981,3,29.014,m3/s
05403002,RIO ACONCAGUA EN RIO BLANCO,5,DE VALPARAISO,LOS ANDES,0325437  ,0701826  ,377747,6357917,1420,1981,4,13.54,m3/s
05403002,RIO ACONCAGUA EN RIO BLANCO,5,DE VALPARAISO,LOS ANDES,0325437  ,0701826  ,377747,6357917,1420,1981,5,11.968,m3/s
05403002,RIO ACONCAGUA EN RIO BLANCO,5,DE VALPARAISO,LOS ANDES,0325437  ,0701826  ,377747,6357917,1420,1981,6,9.121,m3/s
05403002,RIO ACONCAGUA EN RIO BLANCO,5,DE VALPARAISO,LOS ANDES,0325437  ,0701826  ,377747,6357917,1420,1981,7,8.146,m3/s
05403002,RIO ACONCAGUA EN RIO BLANCO,5,DE VALPARAISO,LOS ANDES,0325437  ,0701826  ,377747,6357917,1420,1981,8,8.087,m3/s
05403002,RIO ACONCAGUA EN RIO BLANCO,5,DE VALPARAISO,LOS ANDES,0325437  ,0701826  ,377747,6357917,1420,1981,9,8.703,m3/s
05403002,RIO ACONCAGUA EN RIO BLANCO,5,DE VALPARAISO,LOS ANDES,0325437  ,0701826  ,377747,6357917,1420,1981,10,12.924,m3/s
05403002,RIO ACONCAGUA EN RIO BLANCO,5,DE VALPARAISO,LOS ANDES,0325437  ,0701826  ,377747,6357917,1420,1981,11,25.85,m3/s
05403002,RIO ACONCAGUA EN RIO BLANCO,5,DE VALPARAISO,LOS ANDES,0325437  ,0701826  ,377747,6357917,1420,1981,12,28.471,m3/s
05403002,RIO ACONCAGUA EN RIO BLANCO,5,DE VALPARAISO,LOS ANDES,0325437  ,0701826  ,377747,6357917,1420,1982,1,31.916,m3/s
05403002,RIO ACONCAGUA EN RIO BLANCO,5,DE VALPARAISO,LOS ANDES,0325437  ,0701826  ,377747,6357917,1420,1982,2,24.232,m3/s
05403002,RIO ACONCAGUA EN RIO BLANCO,5,DE VALPARAISO,LOS ANDES,0325437  ,0701826  ,377747,6357917,1420,1982,3,14.932,m3/s
05403002,RIO ACONCAGUA EN RIO BLANCO,5,DE VALPARAISO,LOS ANDES,0325437  ,0701826  ,377747,6357917,1420,1982,4,10.679,m3/s
05403002,RIO ACONCAGUA EN RIO BLANCO,5,DE VALPARAISO,LOS ANDES,0325437  ,0701826  ,377747,6357917,1420,1982,5,9.043,m3/s
05403002,RIO ACONCAGUA EN RIO BLANCO,5,DE VALPARAISO,LOS ANDES,0325437  ,0701826  ,377747,6357917,1420,1982,6,10.864,m3/s
05403002,RIO ACONCAGUA EN RIO BLANCO,5,DE VALPARAISO,LOS ANDES,0325437  ,0701826  ,377747,6357917,1420,1982,7,14.268,m3/s
05403002,RIO ACONCAGUA EN RIO BLANCO,5,DE VALPARAISO,LOS ANDES,0325437  ,0701826  ,377747,6357917,1420,1982,8,12.139,m3/s
05403002,RIO ACONCAGUA EN RIO BLANCO,5,DE VALPARAISO,LOS ANDES,0325437  ,0701826  ,377747,6357917,1420,1982,9,17.513,m3/s
05403002,RIO ACONCAGUA EN RIO BLANCO,5,DE VALPARAISO,LOS ANDES,0325437  ,0701826  ,377747,6357917,1420,1982,10,20.381,m3/s
05403002,RIO ACONCAGUA EN RIO BLANCO,5,DE VALPARAISO,LOS ANDES,0325437  ,0701826  ,377747,6357917,1420,1982,11,38.813,m3/s
05403002,RIO ACONCAGUA EN RIO BLANCO,5,DE VALPARAISO,LOS ANDES,0325437  ,0701826  ,377747,6357917,1420,1982,12,84.571,m3/s
05403002,RIO ACONCAGUA EN RIO BLANCO,5,DE VALPARAISO,LOS ANDES,0325437  ,0701826  ,377747,6357917,1420,1983,1,88.981,m3/s
05403002,RIO ACONCAGUA EN RIO BLANCO,5,DE VALPARAISO,LOS ANDES,0325437  ,0701826  ,377747,6357917,1420,1983,2,75.571,m3/s
05403002,RIO ACONCAGUA EN RIO BLANCO,5,DE VALPARAISO,LOS ANDES,0325437  ,0701826  ,377747,6357917,1420,1983,3,38.519,m3/s
05403002,RIO ACONCAGUA EN RIO BLANCO,5,DE VALPARAISO,LOS ANDES,0325437  ,0701826  ,377747,6357917,1420,1983,4,20.88,m3/s
05403002,RIO ACONCAGUA EN RIO BLANCO,5,DE VALPARAISO,LOS ANDES,0325437  ,0701826  ,377747,6357917,1420,1983,5,12.519,m3/s
05403002,RIO ACONCAGUA EN RIO BLANCO,5,DE VALPARAISO,LOS ANDES,0325437  ,0701826  ,377747,6357917,1420,1983,6,9.591,m3/s
05403002,RIO ACONCAGUA EN RIO BLANCO,5,DE VALPARAISO,LOS ANDES,0325437  ,0701826  ,377747,6357917,1420,1983,7,9.143,m3/s
05403002,RIO ACONCAGUA EN RIO BLANCO,5,DE VALPARAISO,LOS ANDES,0325437  ,0701826  ,377747,6357917,1420,1983,8,9.568999999999999,m3/s
05403002,RIO ACONCAGUA EN RIO BLANCO,5,DE VALPARAISO,LOS ANDES,0325437  ,0701826  ,377747,6357917,1420,1983,9,9.573,m3/s
05403002,RIO ACONCAGUA EN RIO BLANCO,5,DE VALPARAISO,LOS ANDES,0325437  ,0701826  ,377747,6357917,1420,1983,10,21.881,m3/s
05403002,RIO ACONCAGUA EN RIO BLANCO,5,DE VALPARAISO,LOS ANDES,0325437  ,0701826  ,377747,6357917,1420,1983,11,39.631,m3/s
05403002,RIO ACONCAGUA EN RIO BLANCO,5,DE VALPARAISO,LOS ANDES,0325437  ,0701826  ,377747,6357917,1420,1984,12,59.233,m3/s
05403002,RIO ACONCAGUA EN RIO BLANCO,5,DE VALPARAISO,LOS ANDES,0325437  ,0701826  ,377747,6357917,1420,1985,1,58.01,m3/s
05403002,RIO ACONCAGUA EN RIO BLANCO,5,DE VALPARAISO,LOS ANDES,0325437  ,0701826  ,377747,6357917,1420,1985,2,45.336,m3/s
05403002,RIO ACONCAGUA EN RIO BLANCO,5,DE VALPARAISO,LOS ANDES,0325437  ,0701826  ,377747,6357917,1420,1985,3,34.752,m3/s
05403002,RIO ACONCAGUA EN RIO BLANCO,5,DE VALPARAISO,LOS ANDES,0325437  ,0701826  ,377747,6357917,1420,1985,4,15.777,m3/s
05403002,RIO ACONCAGUA EN RIO BLANCO,5,DE VALPARAISO,LOS ANDES,0325437  ,0701826  ,377747,6357917,1420,1985,5,10.839,m3/s
05403002,RIO ACONCAGUA EN RIO BLANCO,5,DE VALPARAISO,LOS ANDES,0325437  ,0701826  ,377747,6357917,1420,1985,6,10.07,m3/s
05403002,RIO ACONCAGUA EN RIO BLANCO,5,DE VALPARAISO,LOS ANDES,0325437  ,0701826  ,377747,6357917,1420,1985,7,9.568,m3/s
05403002,RIO ACONCAGUA EN RIO BLANCO,5,DE VALPARAISO,LOS ANDES,0325437  ,0701826  ,377747,6357917,1420,1985,8,8.504,m3/s
05403002,RIO ACONCAGUA EN RIO BLANCO,5,DE VALPARAISO,LOS ANDES,0325437  ,0701826  ,377747,6357917,1420,1985,9,7.965,m3/s
05403002,RIO ACONCAGUA EN RIO BLANCO,5,DE VALPARAISO,LOS ANDES,0325437  ,0701826  ,377747,6357917,1420,1985,10,12.309,m3/s
05403002,RIO ACONCAGUA EN RIO BLANCO,5,DE VALPARAISO,LOS ANDES,0325437  ,0701826  ,377747,6357917,1420,1985,11,36.213,m3/s
05403002,RIO ACONCAGUA EN RIO BLANCO,5,DE VALPARAISO,LOS ANDES,0325437  ,0701826  ,377747,6357917,1420,1985,12,45.9,m3/s
05403002,RIO ACONCAGUA EN RIO BLANCO,5,DE VALPARAISO,LOS ANDES,0325437  ,0701826  ,377747,6357917,1420,1986,1,40.29,m3/s
05403002,RIO ACONCAGUA EN RIO BLANCO,5,DE VALPARAISO,LOS ANDES,0325437  ,0701826  ,377747,6357917,1420,1986,2,31.132,m3/s
05403002,RIO ACONCAGUA EN RIO BLANCO,5,DE VALPARAISO,LOS ANDES,0325437  ,0701826  ,377747,6357917,1420,1986,3,20.126,m3/s
05403002,RIO ACONCAGUA EN RIO BLANCO,5,DE VALPARAISO,LOS ANDES,0325437  ,0701826  ,377747,6357917,1420,1986,4,9.761,m3/s
05403002,RIO ACONCAGUA EN RIO BLANCO,5,DE VALPARAISO,LOS ANDES,0325437  ,0701826  ,377747,6357917,1420,1986,5,8.806000000000001,m3/s
05403002,RIO ACONCAGUA EN RIO BLANCO,5,DE VALPARAISO,LOS ANDES,0325437  ,0701826  ,377747,6357917,1420,1986,6,25.1,m3/s
05403002,RIO ACONCAGUA EN RIO BLANCO,5,DE VALPARAISO,LOS ANDES,0325437  ,0701826  ,377747,6357917,1420,1986,7,15.242,m3/s
05403002,RIO ACONCAGUA EN RIO BLANCO,5,DE VALPARAISO,LOS ANDES,0325437  ,0701826  ,377747,6357917,1420,1986,8,13.113,m3/s
05403002,RIO ACONCAGUA EN RIO BLANCO,5,DE VALPARAISO,LOS ANDES,0325437  ,0701826  ,377747,6357917,1420,1986,9,13.953,m3/s
05403002,RIO ACONCAGUA EN RIO BLANCO,5,DE VALPARAISO,LOS ANDES,0325437  ,0701826  ,377747,6357917,1420,1986,10,21.684,m3/s
05403002,RIO ACONCAGUA EN RIO BLANCO,5,DE VALPARAISO,LOS ANDES,0325437  ,0701826  ,377747,6357917,1420,1986,11,36.437,m3/s
05403002,RIO ACONCAGUA EN RIO BLANCO,5,DE VALPARAISO,LOS ANDES,0325437  ,0701826  ,377747,6357917,1420,1986,12,71.661,m3/s
05403002,RIO ACONCAGUA EN RIO BLANCO,5,DE VALPARAISO,LOS ANDES,0325437  ,0701826  ,377747,6357917,1420,1987,1,68.461,m3/s
05403002,RIO ACONCAGUA EN RIO BLANCO,5,DE VALPARAISO,LOS ANDES,0325437  ,0701826  ,377747,6357917,1420,1987,2,49.011,m3/s
05403002,RIO ACONCAGUA EN RIO BLANCO,5,DE VALPARAISO,LOS ANDES,0325437  ,0701826  ,377747,6357917,1420,1987,3,32.723,m3/s
05403002,RIO ACONCAGUA EN RIO BLANCO,5,DE VALPARAISO,LOS ANDES,0325437  ,0701826  ,377747,6357917,1420,1987,4,13.98,m3/s
05403002,RIO ACONCAGUA EN RIO BLANCO,5,DE VALPARAISO,LOS ANDES,0325437  ,0701826  ,377747,6357917,1420,1987,5,9.536,m3/s
05403002,RIO ACONCAGUA EN RIO BLANCO,5,DE VALPARAISO,LOS ANDES,0325437  ,0701826  ,377747,6357917,1420,1987,6,10.479,m3/s
05403002,RIO ACONCAGUA EN RIO BLANCO,5,DE VALPARAISO,LOS ANDES,0325437  ,0701826  ,377747,6357917,1420,1987,7,18.734,m3/s
05403002,RIO ACONCAGUA EN RIO BLANCO,5,DE VALPARAISO,LOS ANDES,0325437  ,0701826  ,377747,6357917,1420,1987,8,16.819,m3/s
05403002,RIO ACONCAGUA EN RIO BLANCO,5,DE VALPARAISO,LOS ANDES,0325437  ,0701826  ,377747,6357917,1420,1987,9,14.11,m3/s
05403002,RIO ACONCAGUA EN RIO BLANCO,5,DE VALPARAISO,LOS ANDES,0325437  ,0701826  ,377747,6357917,1420,1987,10,22.884,m3/s
05403002,RIO ACONCAGUA EN RIO BLANCO,5,DE VALPARAISO,LOS ANDES,0325437  ,0701826  ,377747,6357917,1420,1987,11,60.257,m3/s
05403002,RIO ACONCAGUA EN RIO BLANCO,5,DE VALPARAISO,LOS ANDES,0325437  ,0701826  ,377747,6357917,1420,1987,12,87.929,m3/s
05403002,RIO ACONCAGUA EN RIO BLANCO,5,DE VALPARAISO,LOS ANDES,0325437  ,0701826  ,377747,6357917,1420,1988,1,83.61,m3/s
05403002,RIO ACONCAGUA EN RIO BLANCO,5,DE VALPARAISO,LOS ANDES,0325437  ,0701826  ,377747,6357917,1420,1988,2,54.383,m3/s
05403002,RIO ACONCAGUA EN RIO BLANCO,5,DE VALPARAISO,LOS ANDES,0325437  ,0701826  ,377747,6357917,1420,1988,3,36.787,m3/s
05403002,RIO ACONCAGUA EN RIO BLANCO,5,DE VALPARAISO,LOS ANDES,0325437  ,0701826  ,377747,6357917,1420,1988,4,19.587,m3/s
05403002,RIO ACONCAGUA EN RIO BLANCO,5,DE VALPARAISO,LOS ANDES,0325437  ,0701826  ,377747,6357917,1420,1988,5,11.197,m3/s
05403002,RIO ACONCAGUA EN RIO BLANCO,5,DE VALPARAISO,LOS ANDES,0325437  ,0701826  ,377747,6357917,1420,1988,6,7.646,m3/s
05403002,RIO ACONCAGUA EN RIO BLANCO,5,DE VALPARAISO,LOS ANDES,0325437  ,0701826  ,377747,6357917,1420,1988,7,6.823,m3/s
05403002,RIO ACONCAGUA EN RIO BLANCO,5,DE VALPARAISO,LOS ANDES,0325437  ,0701826  ,377747,6357917,1420,1988,8,6.9399999999999995,m3/s
05403002,RIO ACONCAGUA EN RIO BLANCO,5,DE VALPARAISO,LOS ANDES,0325437  ,0701826  ,377747,6357917,1420,1988,9,7.235,m3/s
05403002,RIO ACONCAGUA EN RIO BLANCO,5,DE VALPARAISO,LOS ANDES,0325437  ,0701826  ,377747,6357917,1420,1988,10,13.281,m3/s
05403002,RIO ACONCAGUA EN RIO BLANCO,5,DE VALPARAISO,LOS ANDES,0325437  ,0701826  ,377747,6357917,1420,1988,11,29.23,m3/s
05403002,RIO ACONCAGUA EN RIO BLANCO,5,DE VALPARAISO,LOS ANDES,0325437  ,0701826  ,377747,6357917,1420,1988,12,32.323,m3/s
05403002,RIO ACONCAGUA EN RIO BLANCO,5,DE VALPARAISO,LOS ANDES,0325437  ,0701826  ,377747,6357917,1420,1989,1,32.581,m3/s
05403002,RIO ACONCAGUA EN RIO BLANCO,5,DE VALPARAISO,LOS ANDES,0325437  ,0701826  ,377747,6357917,1420,1989,2,30.396,m3/s
05403002,RIO ACONCAGUA EN RIO BLANCO,5,DE VALPARAISO,LOS ANDES,0325437  ,0701826  ,377747,6357917,1420,1989,3,16.91,m3/s
05403002,RIO ACONCAGUA EN RIO BLANCO,5,DE VALPARAISO,LOS ANDES,0325437  ,0701826  ,377747,6357917,1420,1989,4,10.157,m3/s
05403002,RIO ACONCAGUA EN RIO BLANCO,5,DE VALPARAISO,LOS ANDES,0325437  ,0701826  ,377747,6357917,1420,1989,5,7.614,m3/s
05403002,RIO ACONCAGUA EN RIO BLANCO,5,DE VALPARAISO,LOS ANDES,0325437  ,0701826  ,377747,6357917,1420,1989,6,5.31,m3/s
05403002,RIO ACONCAGUA EN RIO BLANCO,5,DE VALPARAISO,LOS ANDES,0325437  ,0701826  ,377747,6357917,1420,1989,7,5.159,m3/s
05403002,RIO ACONCAGUA EN RIO BLANCO,5,DE VALPARAISO,LOS ANDES,0325437  ,0701826  ,377747,6357917,1420,1989,8,8.217,m3/s
05403002,RIO ACONCAGUA EN RIO BLANCO,5,DE VALPARAISO,LOS ANDES,0325437  ,0701826  ,377747,6357917,1420,1989,9,12.983,m3/s
05403002,RIO ACONCAGUA EN RIO BLANCO,5,DE VALPARAISO,LOS ANDES,0325437  ,0701826  ,377747,6357917,1420,1989,10,20.016,m3/s
05403002,RIO ACONCAGUA EN RIO BLANCO,5,DE VALPARAISO,LOS ANDES,0325437  ,0701826  ,377747,6357917,1420,1989,11,42.64,m3/s
05403002,RIO ACONCAGUA EN RIO BLANCO,5,DE VALPARAISO,LOS ANDES,0325437  ,0701826  ,377747,6357917,1420,1989,12,39.755,m3/s
05403002,RIO ACONCAGUA EN RIO BLANCO,5,DE VALPARAISO,LOS ANDES,0325437  ,0701826  ,377747,6357917,1420,1990,1,31.0,m3/s
05403002,RIO ACONCAGUA EN RIO BLANCO,5,DE VALPARAISO,LOS ANDES,0325437  ,0701826  ,377747,6357917,1420,1990,2,21.968,m3/s
05403002,RIO ACONCAGUA EN RIO BLANCO,5,DE VALPARAISO,LOS ANDES,0325437  ,0701826  ,377747,6357917,1420,1990,3,13.37,m3/s
05403002,RIO ACONCAGUA EN RIO BLANCO,5,DE VALPARAISO,LOS ANDES,0325437  ,0701826  ,377747,6357917,1420,1990,4,7.963,m3/s
05403002,RIO ACONCAGUA EN RIO BLANCO,5,DE VALPARAISO,LOS ANDES,0325437  ,0701826  ,377747,6357917,1420,1990,5,5.775,m3/s
05403002,RIO ACONCAGUA EN RIO BLANCO,5,DE VALPARAISO,LOS ANDES,0325437  ,0701826  ,377747,6357917,1420,1990,6,5.127,m3/s
05403002,RIO ACONCAGUA EN RIO BLANCO,5,DE VALPARAISO,LOS ANDES,0325437  ,0701826  ,377747,6357917,1420,1990,7,5.122,m3/s
05403002,RIO ACONCAGUA EN RIO BLANCO,5,DE VALPARAISO,LOS ANDES,0325437  ,0701826  ,377747,6357917,1420,1990,8,5.079,m3/s
05403002,RIO ACONCAGUA EN RIO BLANCO,5,DE VALPARAISO,LOS ANDES,0325437  ,0701826  ,377747,6357917,1420,1990,9,6.674,m3/s
05403002,RIO ACONCAGUA EN RIO BLANCO,5,DE VALPARAISO,LOS ANDES,0325437  ,0701826  ,377747,6357917,1420,1990,10,11.68,m3/s
05403002,RIO ACONCAGUA EN RIO BLANCO,5,DE VALPARAISO,LOS ANDES,0325437  ,0701826  ,377747,6357917,1420,1990,11,24.273,m3/s
05403002,RIO ACONCAGUA EN RIO BLANCO,5,DE VALPARAISO,LOS ANDES,0325437  ,0701826  ,377747,6357917,1420,1990,12,25.303,m3/s
05403002,RIO ACONCAGUA EN RIO BLANCO,5,DE VALPARAISO,LOS ANDES,0325437  ,0701826  ,377747,6357917,1420,1991,1,20.429,m3/s
05403002,RIO ACONCAGUA EN RIO BLANCO,5,DE VALPARAISO,LOS ANDES,0325437  ,0701826  ,377747,6357917,1420,1991,2,17.836,m3/s
05403002,RIO ACONCAGUA EN RIO BLANCO,5,DE VALPARAISO,LOS ANDES,0325437  ,0701826  ,377747,6357917,1420,1991,3,13.551,m3/s
05403002,RIO ACONCAGUA EN RIO BLANCO,5,DE VALPARAISO,LOS ANDES,0325437  ,0701826  ,377747,6357917,1420,1991,4,9.216,m3/s
05403002,RIO ACONCAGUA EN RIO BLANCO,5,DE VALPARAISO,LOS ANDES,0325437  ,0701826  ,377747,6357917,1420,1991,5,9.392,m3/s
05403002,RIO ACONCAGUA EN RIO BLANCO,5,DE VALPARAISO,LOS ANDES,0325437  ,0701826  ,377747,6357917,1420,1991,6,10.346,m3/s
05403002,RIO ACONCAGUA EN RIO BLANCO,5,DE VALPARAISO,LOS ANDES,0325437  ,0701826  ,377747,6357917,1420,1991,7,12.369,m3/s
05403002,RIO ACONCAGUA EN RIO BLANCO,5,DE VALPARAISO,LOS ANDES,0325437  ,0701826  ,377747,6357917,1420,1991,8,9.498,m3/s
05403002,RIO ACONCAGUA EN RIO BLANCO,5,DE VALPARAISO,LOS ANDES,0325437  ,0701826  ,377747,6357917,1420,1991,9,15.15,m3/s
05403002,RIO ACONCAGUA EN RIO BLANCO,5,DE VALPARAISO,LOS ANDES,0325437  ,0701826  ,377747,6357917,1420,1991,10,18.106,m3/s
05403002,RIO ACONCAGUA EN RIO BLANCO,5,DE VALPARAISO,LOS ANDES,0325437  ,0701826  ,377747,6357917,1420,1991,11,34.777,m3/s
05403002,RIO ACONCAGUA EN RIO BLANCO,5,DE VALPARAISO,LOS ANDES,0325437  ,0701826  ,377747,6357917,1420,1991,12,44.639,m3/s
05403002,RIO ACONCAGUA EN RIO BLANCO,5,DE VALPARAISO,LOS ANDES,0325437  ,0701826  ,377747,6357917,1420,1992,1,61.132,m3/s
05403002,RIO ACONCAGUA EN RIO BLANCO,5,DE VALPARAISO,LOS ANDES,0325437  ,0701826  ,377747,6357917,1420,1992,2,37.534,m3/s
05403002,RIO ACONCAGUA EN RIO BLANCO,5,DE VALPARAISO,LOS ANDES,0325437  ,0701826  ,377747,6357917,1420,1992,3,27.455,m3/s
05403002,RIO ACONCAGUA EN RIO BLANCO,5,DE VALPARAISO,LOS ANDES,0325437  ,0701826  ,377747,6357917,1420,1992,4,13.193,m3/s
05403002,RIO ACONCAGUA EN RIO BLANCO,5,DE VALPARAISO,LOS ANDES,0325437  ,0701826  ,377747,6357917,1420,1992,5,11.164,m3/s
05403002,RIO ACONCAGUA EN RIO BLANCO,5,DE VALPARAISO,LOS ANDES,0325437  ,0701826  ,377747,6357917,1420,1992,6,10.41,m3/s
05403002,RIO ACONCAGUA EN RIO BLANCO,5,DE VALPARAISO,LOS ANDES,0325437  ,0701826  ,377747,6357917,1420,1992,7,9.291,m3/s
05403002,RIO ACONCAGUA EN RIO BLANCO,5,DE VALPARAISO,LOS ANDES,0325437  ,0701826  ,377747,6357917,1420,1992,8,8.864,m3/s
05403002,RIO ACONCAGUA EN RIO BLANCO,5,DE VALPARAISO,LOS ANDES,0325437  ,0701826  ,377747,6357917,1420,1992,9,11.086,m3/s
05403002,RIO ACONCAGUA EN RIO BLANCO,5,DE VALPARAISO,LOS ANDES,0325437  ,0701826  ,377747,6357917,1420,1992,10,21.097,m3/s
05403002,RIO ACONCAGUA EN RIO BLANCO,5,DE VALPARAISO,LOS ANDES,0325437  ,0701826  ,377747,6357917,1420,1992,11,35.757,m3/s
05403002,RIO ACONCAGUA EN RIO BLANCO,5,DE VALPARAISO,LOS ANDES,0325437  ,0701826  ,377747,6357917,1420,1992,12,46.723,m3/s
05403002,RIO ACONCAGUA EN RIO BLANCO,5,DE VALPARAISO,LOS ANDES,0325437  ,0701826  ,377747,6357917,1420,1993,1,48.397,m3/s
05403002,RIO ACONCAGUA EN RIO BLANCO,5,DE VALPARAISO,LOS ANDES,0325437  ,0701826  ,377747,6357917,1420,1993,2,33.996,m3/s
05403002,RIO ACONCAGUA EN RIO BLANCO,5,DE VALPARAISO,LOS ANDES,0325437  ,0701826  ,377747,6357917,1420,1993,3,23.152,m3/s
05403002,RIO ACONCAGUA EN RIO BLANCO,5,DE VALPARAISO,LOS ANDES,0325437  ,0701826  ,377747,6357917,1420,1993,4,14.053,m3/s
05403002,RIO ACONCAGUA EN RIO BLANCO,5,DE VALPARAISO,LOS ANDES,0325437  ,0701826  ,377747,6357917,1420,1993,5,24.803,m3/s
05403002,RIO ACONCAGUA EN RIO BLANCO,5,DE VALPARAISO,LOS ANDES,0325437  ,0701826  ,377747,6357917,1420,1993,6,11.627,m3/s
05403002,RIO ACONCAGUA EN RIO BLANCO,5,DE VALPARAISO,LOS ANDES,0325437  ,0701826  ,377747,6357917,1420,1993,7,10.454,m3/s
05403002,RIO ACONCAGUA EN RIO BLANCO,5,DE VALPARAISO,LOS ANDES,0325437  ,0701826  ,377747,6357917,1420,1993,8,10.138,m3/s
05403002,RIO ACONCAGUA EN RIO BLANCO,5,DE VALPARAISO,LOS ANDES,0325437  ,0701826  ,377747,6357917,1420,1993,9,5.721,m3/s
05403002,RIO ACONCAGUA EN RIO BLANCO,5,DE VALPARAISO,LOS ANDES,0325437  ,0701826  ,377747,6357917,1420,1993,10,9.54,m3/s
05403002,RIO ACONCAGUA EN RIO BLANCO,5,DE VALPARAISO,LOS ANDES,0325437  ,0701826  ,377747,6357917,1420,1993,11,17.819,m3/s
05403002,RIO ACONCAGUA EN RIO BLANCO,5,DE VALPARAISO,LOS ANDES,0325437  ,0701826  ,377747,6357917,1420,1993,12,30.045,m3/s
05403002,RIO ACONCAGUA EN RIO BLANCO,5,DE VALPARAISO,LOS ANDES,0325437  ,0701826  ,377747,6357917,1420,1994,1,31.035,m3/s
05403002,RIO ACONCAGUA EN RIO BLANCO,5,DE VALPARAISO,LOS ANDES,0325437  ,0701826  ,377747,6357917,1420,1994,2,16.182,m3/s
05403002,RIO ACONCAGUA EN RIO BLANCO,5,DE VALPARAISO,LOS ANDES,0325437  ,0701826  ,377747,6357917,1420,1994,3,13.254,m3/s
05403002,RIO ACONCAGUA EN RIO BLANCO,5,DE VALPARAISO,LOS ANDES,0325437  ,0701826  ,377747,6357917,1420,1994,4,7.072,m3/s
05403002,RIO ACONCAGUA EN RIO BLANCO,5,DE VALPARAISO,LOS ANDES,0325437  ,0701826  ,377747,6357917,1420,1994,5,7.25,m3/s
05403002,RIO ACONCAGUA EN RIO BLANCO,5,DE VALPARAISO,LOS ANDES,0325437  ,0701826  ,377747,6357917,1420,1994,6,5.86,m3/s
05403002,RIO ACONCAGUA EN RIO BLANCO,5,DE VALPARAISO,LOS ANDES,0325437  ,0701826  ,377747,6357917,1420,1994,7,5.694,m3/s
05403002,RIO ACONCAGUA EN RIO BLANCO,5,DE VALPARAISO,LOS ANDES,0325437  ,0701826  ,377747,6357917,1420,1994,8,6.342,m3/s
05403002,RIO ACONCAGUA EN RIO BLANCO,5,DE VALPARAISO,LOS ANDES,0325437  ,0701826  ,377747,6357917,1420,1994,9,8.222,m3/s
05403002,RIO ACONCAGUA EN RIO BLANCO,5,DE VALPARAISO,LOS ANDES,0325437  ,0701826  ,377747,6357917,1420,1994,10,4.163,m3/s
05403002,RIO ACONCAGUA EN RIO BLANCO,5,DE VALPARAISO,LOS ANDES,0325437  ,0701826  ,377747,6357917,1420,1994,11,13.401,m3/s
05403002,RIO ACONCAGUA EN RIO BLANCO,5,DE VALPARAISO,LOS ANDES,0325437  ,0701826  ,377747,6357917,1420,1994,12,25.612,m3/s
05403002,RIO ACONCAGUA EN RIO BLANCO,5,DE VALPARAISO,LOS ANDES,0325437  ,0701826  ,377747,6357917,1420,1995,1,11.869,m3/s
05403002,RIO ACONCAGUA EN RIO BLANCO,5,DE VALPARAISO,LOS ANDES,0325437  ,0701826  ,377747,6357917,1420,1995,2,3.024,m3/s
05403002,RIO ACONCAGUA EN RIO BLANCO,5,DE VALPARAISO,LOS ANDES,0325437  ,0701826  ,377747,6357917,1420,1995,3,1.917,m3/s
05403002,RIO ACONCAGUA EN RIO BLANCO,5,DE VALPARAISO,LOS ANDES,0325437  ,0701826  ,377747,6357917,1420,1995,4,2.508,m3/s
05403002,RIO ACONCAGUA EN RIO BLANCO,5,DE VALPARAISO,LOS ANDES,0325437  ,0701826  ,377747,6357917,1420,1995,5,1.2690000000000001,m3/s
05403002,RIO ACONCAGUA EN RIO BLANCO,5,DE VALPARAISO,LOS ANDES,0325437  ,0701826  ,377747,6357917,1420,1995,6,1.758,m3/s
05403002,RIO ACONCAGUA EN RIO BLANCO,5,DE VALPARAISO,LOS ANDES,0325437  ,0701826  ,377747,6357917,1420,1995,7,1.7029999999999998,m3/s
05403002,RIO ACONCAGUA EN RIO BLANCO,5,DE VALPARAISO,LOS ANDES,0325437  ,0701826  ,377747,6357917,1420,1995,8,1.67,m3/s
05403002,RIO ACONCAGUA EN RIO BLANCO,5,DE VALPARAISO,LOS ANDES,0325437  ,0701826  ,377747,6357917,1420,1995,9,2.758,m3/s
05403002,RIO ACONCAGUA EN RIO BLANCO,5,DE VALPARAISO,LOS ANDES,0325437  ,0701826  ,377747,6357917,1420,1995,10,2.802,m3/s
05403002,RIO ACONCAGUA EN RIO BLANCO,5,DE VALPARAISO,LOS ANDES,0325437  ,0701826  ,377747,6357917,1420,1995,11,9.395,m3/s
05403002,RIO ACONCAGUA EN RIO BLANCO,5,DE VALPARAISO,LOS ANDES,0325437  ,0701826  ,377747,6357917,1420,1995,12,11.195,m3/s
05403002,RIO ACONCAGUA EN RIO BLANCO,5,DE VALPARAISO,LOS ANDES,0325437  ,0701826  ,377747,6357917,1420,1996,1,2.697,m3/s
05403002,RIO ACONCAGUA EN RIO BLANCO,5,DE VALPARAISO,LOS ANDES,0325437  ,0701826  ,377747,6357917,1420,1996,2,1.605,m3/s
05403002,RIO ACONCAGUA EN RIO BLANCO,5,DE VALPARAISO,LOS ANDES,0325437  ,0701826  ,377747,6357917,1420,1996,3,1.275,m3/s
05403002,RIO ACONCAGUA EN RIO BLANCO,5,DE VALPARAISO,LOS ANDES,0325437  ,0701826  ,377747,6357917,1420,1996,4,0.965,m3/s
05403002,RIO ACONCAGUA EN RIO BLANCO,5,DE VALPARAISO,LOS ANDES,0325437  ,0701826  ,377747,6357917,1420,1996,5,0.825,m3/s
05403002,RIO ACONCAGUA EN RIO BLANCO,5,DE VALPARAISO,LOS ANDES,0325437  ,0701826  ,377747,6357917,1420,1996,6,0.83,m3/s
05403002,RIO ACONCAGUA EN RIO BLANCO,5,DE VALPARAISO,LOS ANDES,0325437  ,0701826  ,377747,6357917,1420,1996,7,0.888,m3/s
05403002,RIO ACONCAGUA EN RIO BLANCO,5,DE VALPARAISO,LOS ANDES,0325437  ,0701826  ,377747,6357917,1420,1996,8,0.849,m3/s
05403002,RIO ACONCAGUA EN RIO BLANCO,5,DE VALPARAISO,LOS ANDES,0325437  ,0701826  ,377747,6357917,1420,1996,9,0.854,m3/s
05403002,RIO ACONCAGUA EN RIO BLANCO,5,DE VALPARAISO,LOS ANDES,0325437  ,0701826  ,377747,6357917,1420,1996,10,1.046,m3/s
05403002,RIO ACONCAGUA EN RIO BLANCO,5,DE VALPARAISO,LOS ANDES,0325437  ,0701826  ,377747,6357917,1420,1996,11,1.218,m3/s
05403002,RIO ACONCAGUA EN RIO BLANCO,5,DE VALPARAISO,LOS ANDES,0325437  ,0701826  ,377747,6357917,1420,1996,12,1.444,m3/s
05403002,RIO ACONCAGUA EN RIO BLANCO,5,DE VALPARAISO,LOS ANDES,0325437  ,0701826  ,377747,6357917,1420,1997,1,1.927,m3/s
05403002,RIO ACONCAGUA EN RIO BLANCO,5,DE VALPARAISO,LOS ANDES,0325437  ,0701826  ,377747,6357917,1420,1997,2,1.222,m3/s
05403002,RIO ACONCAGUA EN RIO BLANCO,5,DE VALPARAISO,LOS ANDES,0325437  ,0701826  ,377747,6357917,1420,1997,3,1.188,m3/s
05403002,RIO ACONCAGUA EN RIO BLANCO,5,DE VALPARAISO,LOS ANDES,0325437  ,0701826  ,377747,6357917,1420,1997,4,1.035,m3/s
05403002,RIO ACONCAGUA EN RIO BLANCO,5,DE VALPARAISO,LOS ANDES,0325437  ,0701826  ,377747,6357917,1420,1997,5,1.003,m3/s
05403002,RIO ACONCAGUA EN RIO BLANCO,5,DE VALPARAISO,LOS ANDES,0325437  ,0701826  ,377747,6357917,1420,1997,6,7.739,m3/s
05403002,RIO ACONCAGUA EN RIO BLANCO,5,DE VALPARAISO,LOS ANDES,0325437  ,0701826  ,377747,6357917,1420,1997,7,2.233,m3/s
05403002,RIO ACONCAGUA EN RIO BLANCO,5,DE VALPARAISO,LOS ANDES,0325437  ,0701826  ,377747,6357917,1420,1997,8,4.474,m3/s
05403002,RIO ACONCAGUA EN RIO BLANCO,5,DE VALPARAISO,LOS ANDES,0325437  ,0701826  ,377747,6357917,1420,1997,9,7.431,m3/s
05403002,RIO ACONCAGUA EN RIO BLANCO,5,DE VALPARAISO,LOS ANDES,0325437  ,0701826  ,377747,6357917,1420,1997,10,7.858,m3/s
05403002,RIO ACONCAGUA EN RIO BLANCO,5,DE VALPARAISO,LOS ANDES,0325437  ,0701826  ,377747,6357917,1420,1997,11,18.062,m3/s
05403002,RIO ACONCAGUA EN RIO BLANCO,5,DE VALPARAISO,LOS ANDES,0325437  ,0701826  ,377747,6357917,1420,1997,12,37.239,m3/s
05403002,RIO ACONCAGUA EN RIO BLANCO,5,DE VALPARAISO,LOS ANDES,0325437  ,0701826  ,377747,6357917,1420,1998,1,50.5,m3/s
05403002,RIO ACONCAGUA EN RIO BLANCO,5,DE VALPARAISO,LOS ANDES,0325437  ,0701826  ,377747,6357917,1420,1998,2,16.201,m3/s
05403002,RIO ACONCAGUA EN RIO BLANCO,5,DE VALPARAISO,LOS ANDES,0325437  ,0701826  ,377747,6357917,1420,1998,3,5.21,m3/s
05403002,RIO ACONCAGUA EN RIO BLANCO,5,DE VALPARAISO,LOS ANDES,0325437  ,0701826  ,377747,6357917,1420,1998,4,2.787,m3/s
05403002,RIO ACONCAGUA EN RIO BLANCO,5,DE VALPARAISO,LOS ANDES,0325437  ,0701826  ,377747,6357917,1420,1998,5,1.9260000000000002,m3/s
05403002,RIO ACONCAGUA EN RIO BLANCO,5,DE VALPARAISO,LOS ANDES,0325437  ,0701826  ,377747,6357917,1420,1998,6,1.514,m3/s
05403002,RIO ACONCAGUA EN RIO BLANCO,5,DE VALPARAISO,LOS ANDES,0325437  ,0701826  ,377747,6357917,1420,1998,7,1.369,m3/s
05403002,RIO ACONCAGUA EN RIO BLANCO,5,DE VALPARAISO,LOS ANDES,0325437  ,0701826  ,377747,6357917,1420,1998,8,1.221,m3/s
05403002,RIO ACONCAGUA EN RIO BLANCO,5,DE VALPARAISO,LOS ANDES,0325437  ,0701826  ,377747,6357917,1420,1998,9,1.147,m3/s
05403002,RIO ACONCAGUA EN RIO BLANCO,5,DE VALPARAISO,LOS ANDES,0325437  ,0701826  ,377747,6357917,1420,1998,10,1.351,m3/s
05403002,RIO ACONCAGUA EN RIO BLANCO,5,DE VALPARAISO,LOS ANDES,0325437  ,0701826  ,377747,6357917,1420,1998,11,2.006,m3/s
05403002,RIO ACONCAGUA EN RIO BLANCO,5,DE VALPARAISO,LOS ANDES,0325437  ,0701826  ,377747,6357917,1420,1998,12,6.485,m3/s
05403002,RIO ACONCAGUA EN RIO BLANCO,5,DE VALPARAISO,LOS ANDES,0325437  ,0701826  ,377747,6357917,1420,1999,1,4.819,m3/s
05403002,RIO ACONCAGUA EN RIO BLANCO,5,DE VALPARAISO,LOS ANDES,0325437  ,0701826  ,377747,6357917,1420,1999,2,3.659,m3/s
05403002,RIO ACONCAGUA EN RIO BLANCO,5,DE VALPARAISO,LOS ANDES,0325437  ,0701826  ,377747,6357917,1420,1999,3,2.092,m3/s
05403002,RIO ACONCAGUA EN RIO BLANCO,5,DE VALPARAISO,LOS ANDES,0325437  ,0701826  ,377747,6357917,1420,1999,4,1.324,m3/s
05403002,RIO ACONCAGUA EN RIO BLANCO,5,DE VALPARAISO,LOS ANDES,0325437  ,0701826  ,377747,6357917,1420,1999,5,1.197,m3/s
05403002,RIO ACONCAGUA EN RIO BLANCO,5,DE VALPARAISO,LOS ANDES,0325437  ,0701826  ,377747,6357917,1420,1999,6,1.159,m3/s
05403002,RIO ACONCAGUA EN RIO BLANCO,5,DE VALPARAISO,LOS ANDES,0325437  ,0701826  ,377747,6357917,1420,1999,7,1.537,m3/s
05403002,RIO ACONCAGUA EN RIO BLANCO,5,DE VALPARAISO,LOS ANDES,0325437  ,0701826  ,377747,6357917,1420,1999,8,1.858,m3/s
05403002,RIO ACONCAGUA EN RIO BLANCO,5,DE VALPARAISO,LOS ANDES,0325437  ,0701826  ,377747,6357917,1420,1999,9,3.475,m3/s
05403002,RIO ACONCAGUA EN RIO BLANCO,5,DE VALPARAISO,LOS ANDES,0325437  ,0701826  ,377747,6357917,1420,1999,10,5.012,m3/s
05403002,RIO ACONCAGUA EN RIO BLANCO,5,DE VALPARAISO,LOS ANDES,0325437  ,0701826  ,377747,6357917,1420,1999,11,9.441,m3/s
05403002,RIO ACONCAGUA EN RIO BLANCO,5,DE VALPARAISO,LOS ANDES,0325437  ,0701826  ,377747,6357917,1420,1999,12,10.239,m3/s
05403002,RIO ACONCAGUA EN RIO BLANCO,5,DE VALPARAISO,LOS ANDES,0325437  ,0701826  ,377747,6357917,1420,2000,1,4.839,m3/s
05403002,RIO ACONCAGUA EN RIO BLANCO,5,DE VALPARAISO,LOS ANDES,0325437  ,0701826  ,377747,6357917,1420,2000,2,2.22,m3/s
05403002,RIO ACONCAGUA EN RIO BLANCO,5,DE VALPARAISO,LOS ANDES,0325437  ,0701826  ,377747,6357917,1420,2000,3,1.984,m3/s
05403002,RIO ACONCAGUA EN RIO BLANCO,5,DE VALPARAISO,LOS ANDES,0325437  ,0701826  ,377747,6357917,1420,2000,4,1.78,m3/s
05403002,RIO ACONCAGUA EN RIO BLANCO,5,DE VALPARAISO,LOS ANDES,0325437  ,0701826  ,377747,6357917,1420,2000,5,1.324,m3/s
05403002,RIO ACONCAGUA EN RIO BLANCO,5,DE VALPARAISO,LOS ANDES,0325437  ,0701826  ,377747,6357917,1420,2000,6,2.346,m3/s
05403002,RIO ACONCAGUA EN RIO BLANCO,5,DE VALPARAISO,LOS ANDES,0325437  ,0701826  ,377747,6357917,1420,2000,7,4.163,m3/s
05403002,RIO ACONCAGUA EN RIO BLANCO,5,DE VALPARAISO,LOS ANDES,0325437  ,0701826  ,377747,6357917,1420,2000,8,3.277,m3/s
05403002,RIO ACONCAGUA EN RIO BLANCO,5,DE VALPARAISO,LOS ANDES,0325437  ,0701826  ,377747,6357917,1420,2000,9,3.648,m3/s
05403002,RIO ACONCAGUA EN RIO BLANCO,5,DE VALPARAISO,LOS ANDES,0325437  ,0701826  ,377747,6357917,1420,2000,10,6.886,m3/s
05403002,RIO ACONCAGUA EN RIO BLANCO,5,DE VALPARAISO,LOS ANDES,0325437  ,0701826  ,377747,6357917,1420,2000,11,13.207,m3/s
05403002,RIO ACONCAGUA EN RIO BLANCO,5,DE VALPARAISO,LOS ANDES,0325437  ,0701826  ,377747,6357917,1420,2000,12,44.642,m3/s
05403002,RIO ACONCAGUA EN RIO BLANCO,5,DE VALPARAISO,LOS ANDES,0325437  ,0701826  ,377747,6357917,1420,2001,1,29.023,m3/s
05403002,RIO ACONCAGUA EN RIO BLANCO,5,DE VALPARAISO,LOS ANDES,0325437  ,0701826  ,377747,6357917,1420,2001,2,17.39,m3/s
05403002,RIO ACONCAGUA EN RIO BLANCO,5,DE VALPARAISO,LOS ANDES,0325437  ,0701826  ,377747,6357917,1420,2001,3,3.6630000000000003,m3/s
05403002,RIO ACONCAGUA EN RIO BLANCO,5,DE VALPARAISO,LOS ANDES,0325437  ,0701826  ,377747,6357917,1420,2001,4,1.6520000000000001,m3/s
05403002,RIO ACONCAGUA EN RIO BLANCO,5,DE VALPARAISO,LOS ANDES,0325437  ,0701826  ,377747,6357917,1420,2001,5,1.552,m3/s
05403002,RIO ACONCAGUA EN RIO BLANCO,5,DE VALPARAISO,LOS ANDES,0325437  ,0701826  ,377747,6357917,1420,2001,6,1.287,m3/s
05403002,RIO ACONCAGUA EN RIO BLANCO,5,DE VALPARAISO,LOS ANDES,0325437  ,0701826  ,377747,6357917,1420,2001,7,2.414,m3/s
05403002,RIO ACONCAGUA EN RIO BLANCO,5,DE VALPARAISO,LOS ANDES,0325437  ,0701826  ,377747,6357917,1420,2001,8,3.267,m3/s
05403002,RIO ACONCAGUA EN RIO BLANCO,5,DE VALPARAISO,LOS ANDES,0325437  ,0701826  ,377747,6357917,1420,2001,9,3.6630000000000003,m3/s
05403002,RIO ACONCAGUA EN RIO BLANCO,5,DE VALPARAISO,LOS ANDES,0325437  ,0701826  ,377747,6357917,1420,2001,10,5.949,m3/s
05403002,RIO ACONCAGUA EN RIO BLANCO,5,DE VALPARAISO,LOS ANDES,0325437  ,0701826  ,377747,6357917,1420,2001,11,11.347,m3/s
05403002,RIO ACONCAGUA EN RIO BLANCO,5,DE VALPARAISO,LOS ANDES,0325437  ,0701826  ,377747,6357917,1420,2001,12,41.994,m3/s
05403002,RIO ACONCAGUA EN RIO BLANCO,5,DE VALPARAISO,LOS ANDES,0325437  ,0701826  ,377747,6357917,1420,2002,1,17.371,m3/s
05403002,RIO ACONCAGUA EN RIO BLANCO,5,DE VALPARAISO,LOS ANDES,0325437  ,0701826  ,377747,6357917,1420,2002,2,7.351,m3/s
05403002,RIO ACONCAGUA EN RIO BLANCO,5,DE VALPARAISO,LOS ANDES,0325437  ,0701826  ,377747,6357917,1420,2002,3,2.416,m3/s
05403002,RIO ACONCAGUA EN RIO BLANCO,5,DE VALPARAISO,LOS ANDES,0325437  ,0701826  ,377747,6357917,1420,2002,4,1.654,m3/s
05403002,RIO ACONCAGUA EN RIO BLANCO,5,DE VALPARAISO,LOS ANDES,0325437  ,0701826  ,377747,6357917,1420,2002,5,2.224,m3/s
05403002,RIO ACONCAGUA EN RIO BLANCO,5,DE VALPARAISO,LOS ANDES,0325437  ,0701826  ,377747,6357917,1420,2002,6,3.85,m3/s
05403002,RIO ACONCAGUA EN RIO BLANCO,5,DE VALPARAISO,LOS ANDES,0325437  ,0701826  ,377747,6357917,1420,2002,7,3.4,m3/s
05403002,RIO ACONCAGUA EN RIO BLANCO,5,DE VALPARAISO,LOS ANDES,0325437  ,0701826  ,377747,6357917,1420,2002,8,5.711,m3/s
05403002,RIO ACONCAGUA EN RIO BLANCO,5,DE VALPARAISO,LOS ANDES,0325437  ,0701826  ,377747,6357917,1420,2002,9,4.9,m3/s
05403002,RIO ACONCAGUA EN RIO BLANCO,5,DE VALPARAISO,LOS ANDES,0325437  ,0701826  ,377747,6357917,1420,2002,10,7.382,m3/s
05403002,RIO ACONCAGUA EN RIO BLANCO,5,DE VALPARAISO,LOS ANDES,0325437  ,0701826  ,377747,6357917,1420,2002,11,23.795,m3/s
05403002,RIO ACONCAGUA EN RIO BLANCO,5,DE VALPARAISO,LOS ANDES,0325437  ,0701826  ,377747,6357917,1420,2002,12,41.587,m3/s
05403002,RIO ACONCAGUA EN RIO BLANCO,5,DE VALPARAISO,LOS ANDES,0325437  ,0701826  ,377747,6357917,1420,2003,1,51.984,m3/s
05403002,RIO ACONCAGUA EN RIO BLANCO,5,DE VALPARAISO,LOS ANDES,0325437  ,0701826  ,377747,6357917,1420,2003,2,28.632,m3/s
05403002,RIO ACONCAGUA EN RIO BLANCO,5,DE VALPARAISO,LOS ANDES,0325437  ,0701826  ,377747,6357917,1420,2003,3,7.723,m3/s
05403002,RIO ACONCAGUA EN RIO BLANCO,5,DE VALPARAISO,LOS ANDES,0325437  ,0701826  ,377747,6357917,1420,2003,4,1.799,m3/s
05403002,RIO ACONCAGUA EN RIO BLANCO,5,DE VALPARAISO,LOS ANDES,0325437  ,0701826  ,377747,6357917,1420,2003,5,1.892,m3/s
05403002,RIO ACONCAGUA EN RIO BLANCO,5,DE VALPARAISO,LOS ANDES,0325437  ,0701826  ,377747,6357917,1420,2003,6,2.468,m3/s
05403002,RIO ACONCAGUA EN RIO BLANCO,5,DE VALPARAISO,LOS ANDES,0325437  ,0701826  ,377747,6357917,1420,2003,7,2.59,m3/s
05403002,RIO ACONCAGUA EN RIO BLANCO,5,DE VALPARAISO,LOS ANDES,0325437  ,0701826  ,377747,6357917,1420,2003,8,2.419,m3/s
05403002,RIO ACONCAGUA EN RIO BLANCO,5,DE VALPARAISO,LOS ANDES,0325437  ,0701826  ,377747,6357917,1420,2003,9,2.38,m3/s
05403002,RIO ACONCAGUA EN RIO BLANCO,5,DE VALPARAISO,LOS ANDES,0325437  ,0701826  ,377747,6357917,1420,2003,10,7.294,m3/s
05403002,RIO ACONCAGUA EN RIO BLANCO,5,DE VALPARAISO,LOS ANDES,0325437  ,0701826  ,377747,6357917,1420,2003,11,10.36,m3/s
05403002,RIO ACONCAGUA EN RIO BLANCO,5,DE VALPARAISO,LOS ANDES,0325437  ,0701826  ,377747,6357917,1420,2003,12,13.772,m3/s
05403002,RIO ACONCAGUA EN RIO BLANCO,5,DE VALPARAISO,LOS ANDES,0325437  ,0701826  ,377747,6357917,1420,2004,1,13.153,m3/s
05403002,RIO ACONCAGUA EN RIO BLANCO,5,DE VALPARAISO,LOS ANDES,0325437  ,0701826  ,377747,6357917,1420,2004,2,5.049,m3/s
05403002,RIO ACONCAGUA EN RIO BLANCO,5,DE VALPARAISO,LOS ANDES,0325437  ,0701826  ,377747,6357917,1420,2004,3,2.277,m3/s
05403002,RIO ACONCAGUA EN RIO BLANCO,5,DE VALPARAISO,LOS ANDES,0325437  ,0701826  ,377747,6357917,1420,2004,4,1.562,m3/s
05403002,RIO ACONCAGUA EN RIO BLANCO,5,DE VALPARAISO,LOS ANDES,0325437  ,0701826  ,377747,6357917,1420,2004,5,1.324,m3/s
05403002,RIO ACONCAGUA EN RIO BLANCO,5,DE VALPARAISO,LOS ANDES,0325437  ,0701826  ,377747,6357917,1420,2004,6,1.3860000000000001,m3/s
05403002,RIO ACONCAGUA EN RIO BLANCO,5,DE VALPARAISO,LOS ANDES,0325437  ,0701826  ,377747,6357917,1420,2004,7,1.498,m3/s
05403002,RIO ACONCAGUA EN RIO BLANCO,5,DE VALPARAISO,LOS ANDES,0325437  ,0701826  ,377747,6357917,1420,2004,8,1.915,m3/s
05403002,RIO ACONCAGUA EN RIO BLANCO,5,DE VALPARAISO,LOS ANDES,0325437  ,0701826  ,377747,6357917,1420,2004,9,2.584,m3/s
05403002,RIO ACONCAGUA EN RIO BLANCO,5,DE VALPARAISO,LOS ANDES,0325437  ,0701826  ,377747,6357917,1420,2004,10,2.35,m3/s
05403002,RIO ACONCAGUA EN RIO BLANCO,5,DE VALPARAISO,LOS ANDES,0325437  ,0701826  ,377747,6357917,1420,2004,11,4.64,m3/s
05403002,RIO ACONCAGUA EN RIO BLANCO,5,DE VALPARAISO,LOS ANDES,0325437  ,0701826  ,377747,6357917,1420,2004,12,7.332,m3/s
05403002,RIO ACONCAGUA EN RIO BLANCO,5,DE VALPARAISO,LOS ANDES,0325437  ,0701826  ,377747,6357917,1420,2005,1,6.34,m3/s
05403002,RIO ACONCAGUA EN RIO BLANCO,5,DE VALPARAISO,LOS ANDES,0325437  ,0701826  ,377747,6357917,1420,2005,2,2.683,m3/s
05403002,RIO ACONCAGUA EN RIO BLANCO,5,DE VALPARAISO,LOS ANDES,0325437  ,0701826  ,377747,6357917,1420,2005,3,2.192,m3/s
05403002,RIO ACONCAGUA EN RIO BLANCO,5,DE VALPARAISO,LOS ANDES,0325437  ,0701826  ,377747,6357917,1420,2005,4,1.528,m3/s
05403002,RIO ACONCAGUA EN RIO BLANCO,5,DE VALPARAISO,LOS ANDES,0325437  ,0701826  ,377747,6357917,1420,2005,5,1.737,m3/s
05403002,RIO ACONCAGUA EN RIO BLANCO,5,DE VALPARAISO,LOS ANDES,0325437  ,0701826  ,377747,6357917,1420,2005,6,4.873,m3/s
05403002,RIO ACONCAGUA EN RIO BLANCO,5,DE VALPARAISO,LOS ANDES,0325437  ,0701826  ,377747,6357917,1420,2005,7,3.586,m3/s
05403002,RIO ACONCAGUA EN RIO BLANCO,5,DE VALPARAISO,LOS ANDES,0325437  ,0701826  ,377747,6357917,1420,2005,8,5.886,m3/s
05403002,RIO ACONCAGUA EN RIO BLANCO,5,DE VALPARAISO,LOS ANDES,0325437  ,0701826  ,377747,6357917,1420,2005,9,5.442,m3/s
05403002,RIO ACONCAGUA EN RIO BLANCO,5,DE VALPARAISO,LOS ANDES,0325437  ,0701826  ,377747,6357917,1420,2005,10,6.868,m3/s
05403002,RIO ACONCAGUA EN RIO BLANCO,5,DE VALPARAISO,LOS ANDES,0325437  ,0701826  ,377747,6357917,1420,2005,11,22.596,m3/s
05403002,RIO ACONCAGUA EN RIO BLANCO,5,DE VALPARAISO,LOS ANDES,0325437  ,0701826  ,377747,6357917,1420,2005,12,34.247,m3/s
05403002,RIO ACONCAGUA EN RIO BLANCO,5,DE VALPARAISO,LOS ANDES,0325437  ,0701826  ,377747,6357917,1420,2006,9,4.089,m3/s
05403002,RIO ACONCAGUA EN RIO BLANCO,5,DE VALPARAISO,LOS ANDES,0325437  ,0701826  ,377747,6357917,1420,2006,10,4.5,m3/s
05403002,RIO ACONCAGUA EN RIO BLANCO,5,DE VALPARAISO,LOS ANDES,0325437  ,0701826  ,377747,6357917,1420,2006,11,30.2,m3/s
05403002,RIO ACONCAGUA EN RIO BLANCO,5,DE VALPARAISO,LOS ANDES,0325437  ,0701826  ,377747,6357917,1420,2007,1,22.8,m3/s
05403002,RIO ACONCAGUA EN RIO BLANCO,5,DE VALPARAISO,LOS ANDES,0325437  ,0701826  ,377747,6357917,1420,2007,2,8.094,m3/s
05403002,RIO ACONCAGUA EN RIO BLANCO,5,DE VALPARAISO,LOS ANDES,0325437  ,0701826  ,377747,6357917,1420,2007,3,2.424,m3/s
05403002,RIO ACONCAGUA EN RIO BLANCO,5,DE VALPARAISO,LOS ANDES,0325437  ,0701826  ,377747,6357917,1420,2007,4,1.865,m3/s
05403002,RIO ACONCAGUA EN RIO BLANCO,5,DE VALPARAISO,LOS ANDES,0325437  ,0701826  ,377747,6357917,1420,2007,5,1.576,m3/s
05403002,RIO ACONCAGUA EN RIO BLANCO,5,DE VALPARAISO,LOS ANDES,0325437  ,0701826  ,377747,6357917,1420,2007,6,1.77,m3/s
05403002,RIO ACONCAGUA EN RIO BLANCO,5,DE VALPARAISO,LOS ANDES,0325437  ,0701826  ,377747,6357917,1420,2007,7,2.305,m3/s
05403002,RIO ACONCAGUA EN RIO BLANCO,5,DE VALPARAISO,LOS ANDES,0325437  ,0701826  ,377747,6357917,1420,2008,1,9.7,m3/s
05403002,RIO ACONCAGUA EN RIO BLANCO,5,DE VALPARAISO,LOS ANDES,0325437  ,0701826  ,377747,6357917,1420,2008,2,2.84,m3/s
05403002,RIO ACONCAGUA EN RIO BLANCO,5,DE VALPARAISO,LOS ANDES,0325437  ,0701826  ,377747,6357917,1420,2008,3,2.01,m3/s
05403002,RIO ACONCAGUA EN RIO BLANCO,5,DE VALPARAISO,LOS ANDES,0325437  ,0701826  ,377747,6357917,1420,2008,4,1.92,m3/s
05403002,RIO ACONCAGUA EN RIO BLANCO,5,DE VALPARAISO,LOS ANDES,0325437  ,0701826  ,377747,6357917,1420,2008,6,4.256,m3/s
05403002,RIO ACONCAGUA EN RIO BLANCO,5,DE VALPARAISO,LOS ANDES,0325437  ,0701826  ,377747,6357917,1420,2008,7,3.184,m3/s
05403002,RIO ACONCAGUA EN RIO BLANCO,5,DE VALPARAISO,LOS ANDES,0325437  ,0701826  ,377747,6357917,1420,2008,8,4.765,m3/s
05403002,RIO ACONCAGUA EN RIO BLANCO,5,DE VALPARAISO,LOS ANDES,0325437  ,0701826  ,377747,6357917,1420,2008,9,3.683,m3/s
05403002,RIO ACONCAGUA EN RIO BLANCO,5,DE VALPARAISO,LOS ANDES,0325437  ,0701826  ,377747,6357917,1420,2008,10,8.126,m3/s
05403002,RIO ACONCAGUA EN RIO BLANCO,5,DE VALPARAISO,LOS ANDES,0325437  ,0701826  ,377747,6357917,1420,2008,11,30.7,m3/s
05403002,RIO ACONCAGUA EN RIO BLANCO,5,DE VALPARAISO,LOS ANDES,0325437  ,0701826  ,377747,6357917,1420,2008,12,36.935,m3/s
05403002,RIO ACONCAGUA EN RIO BLANCO,5,DE VALPARAISO,LOS ANDES,0325437  ,0701826  ,377747,6357917,1420,2009,1,15.322,m3/s
05403002,RIO ACONCAGUA EN RIO BLANCO,5,DE VALPARAISO,LOS ANDES,0325437  ,0701826  ,377747,6357917,1420,2009,2,4.771,m3/s
05403002,RIO ACONCAGUA EN RIO BLANCO,5,DE VALPARAISO,LOS ANDES,0325437  ,0701826  ,377747,6357917,1420,2009,3,1.99,m3/s
05403002,RIO ACONCAGUA EN RIO BLANCO,5,DE VALPARAISO,LOS ANDES,0325437  ,0701826  ,377747,6357917,1420,2009,4,1.74,m3/s
05403002,RIO ACONCAGUA EN RIO BLANCO,5,DE VALPARAISO,LOS ANDES,0325437  ,0701826  ,377747,6357917,1420,2009,9,2.26,m3/s
05403002,RIO ACONCAGUA EN RIO BLANCO,5,DE VALPARAISO,LOS ANDES,0325437  ,0701826  ,377747,6357917,1420,2009,10,4.6,m3/s
05403002,RIO ACONCAGUA EN RIO BLANCO,5,DE VALPARAISO,LOS ANDES,0325437  ,0701826  ,377747,6357917,1420,2009,11,3.439,m3/s
05403002,RIO ACONCAGUA EN RIO BLANCO,5,DE VALPARAISO,LOS ANDES,0325437  ,0701826  ,377747,6357917,1420,2009,12,17.204,m3/s
05403002,RIO ACONCAGUA EN RIO BLANCO,5,DE VALPARAISO,LOS ANDES,0325437  ,0701826  ,377747,6357917,1420,2010,1,16.53,m3/s
05403002,RIO ACONCAGUA EN RIO BLANCO,5,DE VALPARAISO,LOS ANDES,0325437  ,0701826  ,377747,6357917,1420,2010,2,4.715,m3/s
05403002,RIO ACONCAGUA EN RIO BLANCO,5,DE VALPARAISO,LOS ANDES,0325437  ,0701826  ,377747,6357917,1420,2010,3,4.031,m3/s
05403002,RIO ACONCAGUA EN RIO BLANCO,5,DE VALPARAISO,LOS ANDES,0325437  ,0701826  ,377747,6357917,1420,2010,4,1.182,m3/s
05403002,RIO ACONCAGUA EN RIO BLANCO,5,DE VALPARAISO,LOS ANDES,0325437  ,0701826  ,377747,6357917,1420,2010,5,1.124,m3/s
05403002,RIO ACONCAGUA EN RIO BLANCO,5,DE VALPARAISO,LOS ANDES,0325437  ,0701826  ,377747,6357917,1420,2010,6,1.129,m3/s
05403002,RIO ACONCAGUA EN RIO BLANCO,5,DE VALPARAISO,LOS ANDES,0325437  ,0701826  ,377747,6357917,1420,2010,7,1.1320000000000001,m3/s
05403002,RIO ACONCAGUA EN RIO BLANCO,5,DE VALPARAISO,LOS ANDES,0325437  ,0701826  ,377747,6357917,1420,2010,8,1.133,m3/s
05403002,RIO ACONCAGUA EN RIO BLANCO,5,DE VALPARAISO,LOS ANDES,0325437  ,0701826  ,377747,6357917,1420,2010,9,1.154,m3/s
05403002,RIO ACONCAGUA EN RIO BLANCO,5,DE VALPARAISO,LOS ANDES,0325437  ,0701826  ,377747,6357917,1420,2010,10,2.433,m3/s
05403002,RIO ACONCAGUA EN RIO BLANCO,5,DE VALPARAISO,LOS ANDES,0325437  ,0701826  ,377747,6357917,1420,2010,11,2.777,m3/s
05403002,RIO ACONCAGUA EN RIO BLANCO,5,DE VALPARAISO,LOS ANDES,0325437  ,0701826  ,377747,6357917,1420,2010,12,2.597,m3/s
05403002,RIO ACONCAGUA EN RIO BLANCO,5,DE VALPARAISO,LOS ANDES,0325437  ,0701826  ,377747,6357917,1420,2011,1,2.261,m3/s
05403002,RIO ACONCAGUA EN RIO BLANCO,5,DE VALPARAISO,LOS ANDES,0325437  ,0701826  ,377747,6357917,1420,2011,2,7.475,m3/s
05403002,RIO ACONCAGUA EN RIO BLANCO,5,DE VALPARAISO,LOS ANDES,0325437  ,0701826  ,377747,6357917,1420,2011,3,4.1370000000000005,m3/s
05403002,RIO ACONCAGUA EN RIO BLANCO,5,DE VALPARAISO,LOS ANDES,0325437  ,0701826  ,377747,6357917,1420,2011,4,1.407,m3/s
05403002,RIO ACONCAGUA EN RIO BLANCO,5,DE VALPARAISO,LOS ANDES,0325437  ,0701826  ,377747,6357917,1420,2011,5,1.006,m3/s
05403002,RIO ACONCAGUA EN RIO BLANCO,5,DE VALPARAISO,LOS ANDES,0325437  ,0701826  ,377747,6357917,1420,2011,6,1.002,m3/s
05403002,RIO ACONCAGUA EN RIO BLANCO,5,DE VALPARAISO,LOS ANDES,0325437  ,0701826  ,377747,6357917,1420,2011,7,1.082,m3/s
05403002,RIO ACONCAGUA EN RIO BLANCO,5,DE VALPARAISO,LOS ANDES,0325437  ,0701826  ,377747,6357917,1420,2011,8,1.251,m3/s
05403002,RIO ACONCAGUA EN RIO BLANCO,5,DE VALPARAISO,LOS ANDES,0325437  ,0701826  ,377747,6357917,1420,2012,1,3.311,m3/s
05403002,RIO ACONCAGUA EN RIO BLANCO,5,DE VALPARAISO,LOS ANDES,0325437  ,0701826  ,377747,6357917,1420,2012,2,2.623,m3/s
05403002,RIO ACONCAGUA EN RIO BLANCO,5,DE VALPARAISO,LOS ANDES,0325437  ,0701826  ,377747,6357917,1420,2012,3,1.617,m3/s
05403002,RIO ACONCAGUA EN RIO BLANCO,5,DE VALPARAISO,LOS ANDES,0325437  ,0701826  ,377747,6357917,1420,2012,4,3.158,m3/s
05403002,RIO ACONCAGUA EN RIO BLANCO,5,DE VALPARAISO,LOS ANDES,0325437  ,0701826  ,377747,6357917,1420,2012,6,2.005,m3/s
05403002,RIO ACONCAGUA EN RIO BLANCO,5,DE VALPARAISO,LOS ANDES,0325437  ,0701826  ,377747,6357917,1420,2012,8,1.076,m3/s
05403002,RIO ACONCAGUA EN RIO BLANCO,5,DE VALPARAISO,LOS ANDES,0325437  ,0701826  ,377747,6357917,1420,2012,9,1.604,m3/s
05403002,RIO ACONCAGUA EN RIO BLANCO,5,DE VALPARAISO,LOS ANDES,0325437  ,0701826  ,377747,6357917,1420,2012,10,2.105,m3/s
05403002,RIO ACONCAGUA EN RIO BLANCO,5,DE VALPARAISO,LOS ANDES,0325437  ,0701826  ,377747,6357917,1420,2012,11,5.471,m3/s
05403002,RIO ACONCAGUA EN RIO BLANCO,5,DE VALPARAISO,LOS ANDES,0325437  ,0701826  ,377747,6357917,1420,2012,12,4.141,m3/s
05403002,RIO ACONCAGUA EN RIO BLANCO,5,DE VALPARAISO,LOS ANDES,0325437  ,0701826  ,377747,6357917,1420,2013,1,4.914,m3/s
05403002,RIO ACONCAGUA EN RIO BLANCO,5,DE VALPARAISO,LOS ANDES,0325437  ,0701826  ,377747,6357917,1420,2013,2,3.322,m3/s
05403002,RIO ACONCAGUA EN RIO BLANCO,5,DE VALPARAISO,LOS ANDES,0325437  ,0701826  ,377747,6357917,1420,2013,3,3.513,m3/s
05403002,RIO ACONCAGUA EN RIO BLANCO,5,DE VALPARAISO,LOS ANDES,0325437  ,0701826  ,377747,6357917,1420,2013,4,1.65,m3/s
05403002,RIO ACONCAGUA EN RIO BLANCO,5,DE VALPARAISO,LOS ANDES,0325437  ,0701826  ,377747,6357917,1420,2013,5,1.869,m3/s
05403002,RIO ACONCAGUA EN RIO BLANCO,5,DE VALPARAISO,LOS ANDES,0325437  ,0701826  ,377747,6357917,1420,2013,6,2.229,m3/s
05403002,RIO ACONCAGUA EN RIO BLANCO,5,DE VALPARAISO,LOS ANDES,0325437  ,0701826  ,377747,6357917,1420,2013,7,3.4939999999999998,m3/s
05403002,RIO ACONCAGUA EN RIO BLANCO,5,DE VALPARAISO,LOS ANDES,0325437  ,0701826  ,377747,6357917,1420,2013,8,2.544,m3/s
05403002,RIO ACONCAGUA EN RIO BLANCO,5,DE VALPARAISO,LOS ANDES,0325437  ,0701826  ,377747,6357917,1420,2013,9,2.593,m3/s
05403002,RIO ACONCAGUA EN RIO BLANCO,5,DE VALPARAISO,LOS ANDES,0325437  ,0701826  ,377747,6357917,1420,2013,10,4.103,m3/s
05403002,RIO ACONCAGUA EN RIO BLANCO,5,DE VALPARAISO,LOS ANDES,0325437  ,0701826  ,377747,6357917,1420,2013,11,6.874,m3/s
05403002,RIO ACONCAGUA EN RIO BLANCO,5,DE VALPARAISO,LOS ANDES,0325437  ,0701826  ,377747,6357917,1420,2013,12,12.102,m3/s
05403002,RIO ACONCAGUA EN RIO BLANCO,5,DE VALPARAISO,LOS ANDES,0325437  ,0701826  ,377747,6357917,1420,2014,1,12.038,m3/s
05403002,RIO ACONCAGUA EN RIO BLANCO,5,DE VALPARAISO,LOS ANDES,0325437  ,0701826  ,377747,6357917,1420,2014,2,9.071,m3/s
05403002,RIO ACONCAGUA EN RIO BLANCO,5,DE VALPARAISO,LOS ANDES,0325437  ,0701826  ,377747,6357917,1420,2014,3,5.205,m3/s
05403002,RIO ACONCAGUA EN RIO BLANCO,5,DE VALPARAISO,LOS ANDES,0325437  ,0701826  ,377747,6357917,1420,2014,4,3.134,m3/s
05403002,RIO ACONCAGUA EN RIO BLANCO,5,DE VALPARAISO,LOS ANDES,0325437  ,0701826  ,377747,6357917,1420,2014,5,2.375,m3/s
05403002,RIO ACONCAGUA EN RIO BLANCO,5,DE VALPARAISO,LOS ANDES,0325437  ,0701826  ,377747,6357917,1420,2014,6,2.329,m3/s
05403002,RIO ACONCAGUA EN RIO BLANCO,5,DE VALPARAISO,LOS ANDES,0325437  ,0701826  ,377747,6357917,1420,2014,7,3.295,m3/s
05403002,RIO ACONCAGUA EN RIO BLANCO,5,DE VALPARAISO,LOS ANDES,0325437  ,0701826  ,377747,6357917,1420,2014,8,2.52,m3/s
05403002,RIO ACONCAGUA EN RIO BLANCO,5,DE VALPARAISO,LOS ANDES,0325437  ,0701826  ,377747,6357917,1420,2014,9,2.797,m3/s
05403002,RIO ACONCAGUA EN RIO BLANCO,5,DE VALPARAISO,LOS ANDES,0325437  ,0701826  ,377747,6357917,1420,2014,10,7.154,m3/s
05403002,RIO ACONCAGUA EN RIO BLANCO,5,DE VALPARAISO,LOS ANDES,0325437  ,0701826  ,377747,6357917,1420,2014,11,9.586,m3/s
05403002,RIO ACONCAGUA EN RIO BLANCO,5,DE VALPARAISO,LOS ANDES,0325437  ,0701826  ,377747,6357917,1420,2014,12,10.547,m3/s
05403002,RIO ACONCAGUA EN RIO BLANCO,5,DE VALPARAISO,LOS ANDES,0325437  ,0701826  ,377747,6357917,1420,2015,1,11.015,m3/s
05403002,RIO ACONCAGUA EN RIO BLANCO,5,DE VALPARAISO,LOS ANDES,0325437  ,0701826  ,377747,6357917,1420,2015,2,2.924,m3/s
05403002,RIO ACONCAGUA EN RIO BLANCO,5,DE VALPARAISO,LOS ANDES,0325437  ,0701826  ,377747,6357917,1420,2015,3,0.983,m3/s
05403002,RIO ACONCAGUA EN RIO BLANCO,5,DE VALPARAISO,LOS ANDES,0325437  ,0701826  ,377747,6357917,1420,2015,4,0.813,m3/s
05403002,RIO ACONCAGUA EN RIO BLANCO,5,DE VALPARAISO,LOS ANDES,0325437  ,0701826  ,377747,6357917,1420,2015,5,1.2530000000000001,m3/s
05403002,RIO ACONCAGUA EN RIO BLANCO,5,DE VALPARAISO,LOS ANDES,0325437  ,0701826  ,377747,6357917,1420,2015,6,0.665,m3/s
05403002,RIO ACONCAGUA EN RIO BLANCO,5,DE VALPARAISO,LOS ANDES,0325437  ,0701826  ,377747,6357917,1420,2015,7,0.529,m3/s
05403002,RIO ACONCAGUA EN RIO BLANCO,5,DE VALPARAISO,LOS ANDES,0325437  ,0701826  ,377747,6357917,1420,2015,8,2.39,m3/s
05403002,RIO ACONCAGUA EN RIO BLANCO,5,DE VALPARAISO,LOS ANDES,0325437  ,0701826  ,377747,6357917,1420,2015,11,3.662,m3/s
05403002,RIO ACONCAGUA EN RIO BLANCO,5,DE VALPARAISO,LOS ANDES,0325437  ,0701826  ,377747,6357917,1420,2015,12,18.973,m3/s
05403002,RIO ACONCAGUA EN RIO BLANCO,5,DE VALPARAISO,LOS ANDES,0325437  ,0701826  ,377747,6357917,1420,2016,1,21.055,m3/s
05403002,RIO ACONCAGUA EN RIO BLANCO,5,DE VALPARAISO,LOS ANDES,0325437  ,0701826  ,377747,6357917,1420,2016,2,7.842,m3/s
05403002,RIO ACONCAGUA EN RIO BLANCO,5,DE VALPARAISO,LOS ANDES,0325437  ,0701826  ,377747,6357917,1420,2016,3,1.278,m3/s
05403002,RIO ACONCAGUA EN RIO BLANCO,5,DE VALPARAISO,LOS ANDES,0325437  ,0701826  ,377747,6357917,1420,2016,4,4.292,m3/s
05403002,RIO ACONCAGUA EN RIO BLANCO,5,DE VALPARAISO,LOS ANDES,0325437  ,0701826  ,377747,6357917,1420,2016,5,4.187,m3/s
05403002,RIO ACONCAGUA EN RIO BLANCO,5,DE VALPARAISO,LOS ANDES,0325437  ,0701826  ,377747,6357917,1420,2016,6,9.315,m3/s
05403002,RIO ACONCAGUA EN RIO BLANCO,5,DE VALPARAISO,LOS ANDES,0325437  ,0701826  ,377747,6357917,1420,2016,7,12.22,m3/s
05403002,RIO ACONCAGUA EN RIO BLANCO,5,DE VALPARAISO,LOS ANDES,0325437  ,0701826  ,377747,6357917,1420,2016,8,9.338,m3/s
05403002,RIO ACONCAGUA EN RIO BLANCO,5,DE VALPARAISO,LOS ANDES,0325437  ,0701826  ,377747,6357917,1420,2016,9,7.742,m3/s
05403002,RIO ACONCAGUA EN RIO BLANCO,5,DE VALPARAISO,LOS ANDES,0325437  ,0701826  ,377747,6357917,1420,2016,11,9.334,m3/s
05403002,RIO ACONCAGUA EN RIO BLANCO,5,DE VALPARAISO,LOS ANDES,0325437  ,0701826  ,377747,6357917,1420,2016,12,28.72,m3/s
05403002,RIO ACONCAGUA EN RIO BLANCO,5,DE VALPARAISO,LOS ANDES,0325437  ,0701826  ,377747,6357917,1420,2017,1,19.243,m3/s
05403002,RIO ACONCAGUA EN RIO BLANCO,5,DE VALPARAISO,LOS ANDES,0325437  ,0701826  ,377747,6357917,1420,2017,2,6.652,m3/s
05403002,RIO ACONCAGUA EN RIO BLANCO,5,DE VALPARAISO,LOS ANDES,0325437  ,0701826  ,377747,6357917,1420,2017,3,5.303,m3/s
05403002,RIO ACONCAGUA EN RIO BLANCO,5,DE VALPARAISO,LOS ANDES,0325437  ,0701826  ,377747,6357917,1420,2017,4,4.981,m3/s
05403002,RIO ACONCAGUA EN RIO BLANCO,5,DE VALPARAISO,LOS ANDES,0325437  ,0701826  ,377747,6357917,1420,2017,5,4.241,m3/s
05403002,RIO ACONCAGUA EN RIO BLANCO,5,DE VALPARAISO,LOS ANDES,0325437  ,0701826  ,377747,6357917,1420,2017,6,5.033,m3/s
05403002,RIO ACONCAGUA EN RIO BLANCO,5,DE VALPARAISO,LOS ANDES,0325437  ,0701826  ,377747,6357917,1420,2017,7,3.152,m3/s
05403002,RIO ACONCAGUA EN RIO BLANCO,5,DE VALPARAISO,LOS ANDES,0325437  ,0701826  ,377747,6357917,1420,2017,8,3.212,m3/s
05403002,RIO ACONCAGUA EN RIO BLANCO,5,DE VALPARAISO,LOS ANDES,0325437  ,0701826  ,377747,6357917,1420,2017,9,2.673,m3/s
05403002,RIO ACONCAGUA EN RIO BLANCO,5,DE VALPARAISO,LOS ANDES,0325437  ,0701826  ,377747,6357917,1420,2017,10,2.893,m3/s
05403002,RIO ACONCAGUA EN RIO BLANCO,5,DE VALPARAISO,LOS ANDES,0325437  ,0701826  ,377747,6357917,1420,2017,11,6.047,m3/s
05403002,RIO ACONCAGUA EN RIO BLANCO,5,DE VALPARAISO,LOS ANDES,0325437  ,0701826  ,377747,6357917,1420,2017,12,8.827,m3/s
05403002,RIO ACONCAGUA EN RIO BLANCO,5,DE VALPARAISO,LOS ANDES,0325437  ,0701826  ,377747,6357917,1420,2018,1,2.621,m3/s
05403002,RIO ACONCAGUA EN RIO BLANCO,5,DE VALPARAISO,LOS ANDES,0325437  ,0701826  ,377747,6357917,1420,2018,2,2.636,m3/s
05403002,RIO ACONCAGUA EN RIO BLANCO,5,DE VALPARAISO,LOS ANDES,0325437  ,0701826  ,377747,6357917,1420,2018,3,0.903,m3/s
05403002,RIO ACONCAGUA EN RIO BLANCO,5,DE VALPARAISO,LOS ANDES,0325437  ,0701826  ,377747,6357917,1420,2018,4,0.746,m3/s
05403002,RIO ACONCAGUA EN RIO BLANCO,5,DE VALPARAISO,LOS ANDES,0325437  ,0701826  ,377747,6357917,1420,2018,5,0.56,m3/s
05403002,RIO ACONCAGUA EN RIO BLANCO,5,DE VALPARAISO,LOS ANDES,0325437  ,0701826  ,377747,6357917,1420,2018,6,0.62,m3/s
05403002,RIO ACONCAGUA EN RIO BLANCO,5,DE VALPARAISO,LOS ANDES,0325437  ,0701826  ,377747,6357917,1420,2018,7,0.476,m3/s
05403002,RIO ACONCAGUA EN RIO BLANCO,5,DE VALPARAISO,LOS ANDES,0325437  ,0701826  ,377747,6357917,1420,2018,8,0.491,m3/s
05403002,RIO ACONCAGUA EN RIO BLANCO,5,DE VALPARAISO,LOS ANDES,0325437  ,0701826  ,377747,6357917,1420,2018,9,1.9689999999999999,m3/s
05403002,RIO ACONCAGUA EN RIO BLANCO,5,DE VALPARAISO,LOS ANDES,0325437  ,0701826  ,377747,6357917,1420,2018,10,6.54,m3/s
05403002,RIO ACONCAGUA EN RIO BLANCO,5,DE VALPARAISO,LOS ANDES,0325437  ,0701826  ,377747,6357917,1420,2018,11,3.308,m3/s
05403002,RIO ACONCAGUA EN RIO BLANCO,5,DE VALPARAISO,LOS ANDES,0325437  ,0701826  ,377747,6357917,1420,2018,12,4.084,m3/s
05403002,RIO ACONCAGUA EN RIO BLANCO,5,DE VALPARAISO,LOS ANDES,0325437  ,0701826  ,377747,6357917,1420,2019,1,3.493,m3/s
05403002,RIO ACONCAGUA EN RIO BLANCO,5,DE VALPARAISO,LOS ANDES,0325437  ,0701826  ,377747,6357917,1420,2019,2,2.379,m3/s
05403002,RIO ACONCAGUA EN RIO BLANCO,5,DE VALPARAISO,LOS ANDES,0325437  ,0701826  ,377747,6357917,1420,2019,3,1.089,m3/s
05403002,RIO ACONCAGUA EN RIO BLANCO,5,DE VALPARAISO,LOS ANDES,0325437  ,0701826  ,377747,6357917,1420,2019,4,0.735,m3/s
05403002,RIO ACONCAGUA EN RIO BLANCO,5,DE VALPARAISO,LOS ANDES,0325437  ,0701826  ,377747,6357917,1420,2019,5,0.58,m3/s
05403002,RIO ACONCAGUA EN RIO BLANCO,5,DE VALPARAISO,LOS ANDES,0325437  ,0701826  ,377747,6357917,1420,2019,6,0.53,m3/s
05403002,RIO ACONCAGUA EN RIO BLANCO,5,DE VALPARAISO,LOS ANDES,0325437  ,0701826  ,377747,6357917,1420,2019,7,4.2620000000000005,m3/s
05403002,RIO ACONCAGUA EN RIO BLANCO,5,DE VALPARAISO,LOS ANDES,0325437  ,0701826  ,377747,6357917,1420,2019,8,2.099,m3/s
05403002,RIO ACONCAGUA EN RIO BLANCO,5,DE VALPARAISO,LOS ANDES,0325437  ,0701826  ,377747,6357917,1420,2019,9,0.965,m3/s
05403002,RIO ACONCAGUA EN RIO BLANCO,5,DE VALPARAISO,LOS ANDES,0325437  ,0701826  ,377747,6357917,1420,2019,10,0.899,m3/s
05403002,RIO ACONCAGUA EN RIO BLANCO,5,DE VALPARAISO,LOS ANDES,0325437  ,0701826  ,377747,6357917,1420,2019,11,1.411,m3/s
05403002,RIO ACONCAGUA EN RIO BLANCO,5,DE VALPARAISO,LOS ANDES,0325437  ,0701826  ,377747,6357917,1420,2019,12,1.591,m3/s
05403002,RIO ACONCAGUA EN RIO BLANCO,5,DE VALPARAISO,LOS ANDES,0325437  ,0701826  ,377747,6357917,1420,2020,1,4.652,m3/s
05403002,RIO ACONCAGUA EN RIO BLANCO,5,DE VALPARAISO,LOS ANDES,0325437  ,0701826  ,377747,6357917,1420,2020,2,2.7560000000000002,m3/s
05403002,RIO ACONCAGUA EN RIO BLANCO,5,DE VALPARAISO,LOS ANDES,0325437  ,0701826  ,377747,6357917,1420,2020,3,1.6989999999999998,m3/s
05403002,RIO ACONCAGUA EN RIO BLANCO,5,DE VALPARAISO,LOS ANDES,0325437  ,0701826  ,377747,6357917,1420,2020,4,0.458,m3/s
05403002,RIO ACONCAGUA EN RIO BLANCO,5,DE VALPARAISO,LOS ANDES,0325437  ,0701826  ,377747,6357917,1420,2020,5,0.527,m3/s
05403002,RIO ACONCAGUA EN RIO BLANCO,5,DE VALPARAISO,LOS ANDES,0325437  ,0701826  ,377747,6357917,1420,2020,7,1.241,m3/s
05403002,RIO ACONCAGUA EN RIO BLANCO,5,DE VALPARAISO,LOS ANDES,0325437  ,0701826  ,377747,6357917,1420,2020,8,3.098,m3/s
05403002,RIO ACONCAGUA EN RIO BLANCO,5,DE VALPARAISO,LOS ANDES,0325437  ,0701826  ,377747,6357917,1420,2020,9,5.492,m3/s
05403002,RIO ACONCAGUA EN RIO BLANCO,5,DE VALPARAISO,LOS ANDES,0325437  ,0701826  ,377747,6357917,1420,2020,10,5.866,m3/s
05403002,RIO ACONCAGUA EN RIO BLANCO,5,DE VALPARAISO,LOS ANDES,0325437  ,0701826  ,377747,6357917,1420,2020,11,4.039,m3/s
05403002,RIO ACONCAGUA EN RIO BLANCO,5,DE VALPARAISO,LOS ANDES,0325437  ,0701826  ,377747,6357917,1420,2020,12,3.89,m3/s
05403002,RIO ACONCAGUA EN RIO BLANCO,5,DE VALPARAISO,LOS ANDES,0325437  ,0701826  ,377747,6357917,1420,2021,1,4.105,m3/s
05403002,RIO ACONCAGUA EN RIO BLANCO,5,DE VALPARAISO,LOS ANDES,0325437  ,0701826  ,377747,6357917,1420,2021,2,4.05,m3/s
05403002,RIO ACONCAGUA EN RIO BLANCO,5,DE VALPARAISO,LOS ANDES,0325437  ,0701826  ,377747,6357917,1420,2021,3,2.657,m3/s
05403002,RIO ACONCAGUA EN RIO BLANCO,5,DE VALPARAISO,LOS ANDES,0325437  ,0701826  ,377747,6357917,1420,2021,4,1.7149999999999999,m3/s
05403002,RIO ACONCAGUA EN RIO BLANCO,5,DE VALPARAISO,LOS ANDES,0325437  ,0701826  ,377747,6357917,1420,2021,5,4.31,m3/s
05403002,RIO ACONCAGUA EN RIO BLANCO,5,DE VALPARAISO,LOS ANDES,0325437  ,0701826  ,377747,6357917,1420,2021,6,2.83,m3/s
05403002,RIO ACONCAGUA EN RIO BLANCO,5,DE VALPARAISO,LOS ANDES,0325437  ,0701826  ,377747,6357917,1420,2021,7,2.407,m3/s
05403002,RIO ACONCAGUA EN RIO BLANCO,5,DE VALPARAISO,LOS ANDES,0325437  ,0701826  ,377747,6357917,1420,2021,8,1.9100000000000001,m3/s
05403002,RIO ACONCAGUA EN RIO BLANCO,5,DE VALPARAISO,LOS ANDES,0325437  ,0701826  ,377747,6357917,1420,2021,9,2.376,m3/s
05403002,RIO ACONCAGUA EN RIO BLANCO,5,DE VALPARAISO,LOS ANDES,0325437  ,0701826  ,377747,6357917,1420,2021,10,2.633,m3/s
05403002,RIO ACONCAGUA EN RIO BLANCO,5,DE VALPARAISO,LOS ANDES,0325437  ,0701826  ,377747,6357917,1420,2021,11,1.998,m3/s
05403002,RIO ACONCAGUA EN RIO BLANCO,5,DE VALPARAISO,LOS ANDES,0325437  ,0701826  ,377747,6357917,1420,2021,12,3.248,m3/s
05403002,RIO ACONCAGUA EN RIO BLANCO,5,DE VALPARAISO,LOS ANDES,0325437  ,0701826  ,377747,6357917,1420,2022,1,3.824,m3/s
05403002,RIO ACONCAGUA EN RIO BLANCO,5,DE VALPARAISO,LOS ANDES,0325437  ,0701826  ,377747,6357917,1420,2022,2,2.438,m3/s
05403002,RIO ACONCAGUA EN RIO BLANCO,5,DE VALPARAISO,LOS ANDES,0325437  ,0701826  ,377747,6357917,1420,2022,3,1.766,m3/s
05403002,RIO ACONCAGUA EN RIO BLANCO,5,DE VALPARAISO,LOS ANDES,0325437  ,0701826  ,377747,6357917,1420,2022,4,1.042,m3/s
05403002,RIO ACONCAGUA EN RIO BLANCO,5,DE VALPARAISO,LOS ANDES,0325437  ,0701826  ,377747,6357917,1420,2022,5,0.819,m3/s
05403002,RIO ACONCAGUA EN RIO BLANCO,5,DE VALPARAISO,LOS ANDES,0325437  ,0701826  ,377747,6357917,1420,2022,6,1.183,m3/s
05403002,RIO ACONCAGUA EN RIO BLANCO,5,DE VALPARAISO,LOS ANDES,0325437  ,0701826  ,377747,6357917,1420,2022,7,1.3940000000000001,m3/s
05403002,RIO ACONCAGUA EN RIO BLANCO,5,DE VALPARAISO,LOS ANDES,0325437  ,0701826  ,377747,6357917,1420,2022,8,1.127,m3/s
05403002,RIO ACONCAGUA EN RIO BLANCO,5,DE VALPARAISO,LOS ANDES,0325437  ,0701826  ,377747,6357917,1420,2022,9,1.215,m3/s
05403002,RIO ACONCAGUA EN RIO BLANCO,5,DE VALPARAISO,LOS ANDES,0325437  ,0701826  ,377747,6357917,1420,2022,10,2.204,m3/s
05403002,RIO ACONCAGUA EN RIO BLANCO,5,DE VALPARAISO,LOS ANDES,0325437  ,0701826  ,377747,6357917,1420,2022,11,6.01,m3/s
05403002,RIO ACONCAGUA EN RIO BLANCO,5,DE VALPARAISO,LOS ANDES,0325437  ,0701826  ,377747,6357917,1420,2022,12,3.099,m3/s
05403002,RIO ACONCAGUA EN RIO BLANCO,5,DE VALPARAISO,LOS ANDES,0325437  ,0701826  ,377747,6357917,1420,2023,1,3.192,m3/s
05403002,RIO ACONCAGUA EN RIO BLANCO,5,DE VALPARAISO,LOS ANDES,0325437  ,0701826  ,377747,6357917,1420,2023,2,2.841,m3/s
05403002,RIO ACONCAGUA EN RIO BLANCO,5,DE VALPARAISO,LOS ANDES,0325437  ,0701826  ,377747,6357917,1420,2023,3,2.081,m3/s
05403002,RIO ACONCAGUA EN RIO BLANCO,5,DE VALPARAISO,LOS ANDES,0325437  ,0701826  ,377747,6357917,1420,2023,4,1.607,m3/s
05403002,RIO ACONCAGUA EN RIO BLANCO,5,DE VALPARAISO,LOS ANDES,0325437  ,0701826  ,377747,6357917,1420,2023,5,1.671,m3/s
05403002,RIO ACONCAGUA EN RIO BLANCO,5,DE VALPARAISO,LOS ANDES,0325437  ,0701826  ,377747,6357917,1420,2023,6,10.584,m3/s
05403002,RIO ACONCAGUA EN RIO BLANCO,5,DE VALPARAISO,LOS ANDES,0325437  ,0701826  ,377747,6357917,1420,2023,7,3.38,m3/s
05403002,RIO ACONCAGUA EN RIO BLANCO,5,DE VALPARAISO,LOS ANDES,0325437  ,0701826  ,377747,6357917,1420,2024,10,6.559,m3/s
05403002,RIO ACONCAGUA EN RIO BLANCO,5,DE VALPARAISO,LOS ANDES,0325437  ,0701826  ,377747,6357917,1420,2024,11,27.775,m3/s
05403002,RIO ACONCAGUA EN RIO BLANCO,5,DE VALPARAISO,LOS ANDES,0325437  ,0701826  ,377747,6357917,1420,2024,12,21.294,m3/s
05403002,RIO ACONCAGUA EN RIO BLANCO,5,DE VALPARAISO,LOS ANDES,0325437  ,0701826  ,377747,6357917,1420,2025,1,6.444,m3/s
05403002,RIO ACONCAGUA EN RIO BLANCO,5,DE VALPARAISO,LOS ANDES,0325437  ,0701826  ,377747,6357917,1420,2025,2,4.429,m3/s
05403002,RIO ACONCAGUA EN RIO BLANCO,5,DE VALPARAISO,LOS ANDES,0325437  ,0701826  ,377747,6357917,1420,2025,3,2.672,m3/s
05403002,RIO ACONCAGUA EN RIO BLANCO,5,DE VALPARAISO,LOS ANDES,0325437  ,0701826  ,377747,6357917,1420,2025,4,1.302,m3/s
05403002,RIO ACONCAGUA EN RIO BLANCO,5,DE VALPARAISO,LOS ANDES,0325437  ,0701826  ,377747,6357917,1420,2025,5,1.339,m3/s
05403002,RIO ACONCAGUA EN RIO BLANCO,5,DE VALPARAISO,LOS ANDES,0325437  ,0701826  ,377747,6357917,1420,2025,6,2.087,m3/s
05403002,RIO ACONCAGUA EN RIO BLANCO,5,DE VALPARAISO,LOS ANDES,0325437  ,0701826  ,377747,6357917,1420,2025,7,2.873,m3/s
05403002,RIO ACONCAGUA EN RIO BLANCO,5,DE VALPARAISO,LOS ANDES,0325437  ,0701826  ,377747,6357917,1420,2025,8,1.418,m3/s
05403002,RIO ACONCAGUA EN RIO BLANCO,5,DE VALPARAISO,LOS ANDES,0325437  ,0701826  ,377747,6357917,1420,2025,9,1.654,m3/s
05403002,RIO ACONCAGUA EN RIO BLANCO,5,DE VALPARAISO,LOS ANDES,0325437  ,0701826  ,377747,6357917,1420,2025,10,2.447,m3/s
05403002,RIO ACONCAGUA EN RIO BLANCO,5,DE VALPARAISO,LOS ANDES,0325437  ,0701826  ,377747,6357917,1420,2025,11,3.594,m3/s
05403002,RIO ACONCAGUA EN RIO BLANCO,5,DE VALPARAISO,LOS ANDES,0325437  ,0701826  ,377747,6357917,1420,2025,12,3.157,m3/s
05403002,RIO ACONCAGUA EN RIO BLANCO,5,DE VALPARAISO,LOS ANDES,0325437  ,0701826  ,377747,6357917,1420,2026,1,4.604,m3/s
05403002,RIO ACONCAGUA EN RIO BLANCO,5,DE VALPARAISO,LOS ANDES,0325437  ,0701826  ,377747,6357917,1420,2026,2,2.5460000000000003,m3/s
05403002,RIO ACONCAGUA EN RIO BLANCO,5,DE VALPARAISO,LOS ANDES,0325437  ,0701826  ,377747,6357917,1420,2026,3,1.7,m3/s
05403002,RIO ACONCAGUA EN RIO BLANCO,5,DE VALPARAISO,LOS ANDES,0325437  ,0701826  ,377747,6357917,1420,2026,4,1.092,m3/s
05403003,RIO ACONCAGUA EN LOS QUILOS,5,DE VALPARAISO,LOS ANDES,0325138  ,0702540  ,366398,6363274,1062,1965,1,15.1,m3/s
05403003,RIO ACONCAGUA EN LOS QUILOS,5,DE VALPARAISO,LOS ANDES,0325138  ,0702540  ,366398,6363274,1062,1965,2,16.072,m3/s
05403003,RIO ACONCAGUA EN LOS QUILOS,5,DE VALPARAISO,LOS ANDES,0325138  ,0702540  ,366398,6363274,1062,1965,3,9.652,m3/s
05403003,RIO ACONCAGUA EN LOS QUILOS,5,DE VALPARAISO,LOS ANDES,0325138  ,0702540  ,366398,6363274,1062,1965,4,1.7730000000000001,m3/s
05403003,RIO ACONCAGUA EN LOS QUILOS,5,DE VALPARAISO,LOS ANDES,0325138  ,0702540  ,366398,6363274,1062,1965,5,0.367,m3/s
05403003,RIO ACONCAGUA EN LOS QUILOS,5,DE VALPARAISO,LOS ANDES,0325138  ,0702540  ,366398,6363274,1062,1965,6,0.385,m3/s
05403003,RIO ACONCAGUA EN LOS QUILOS,5,DE VALPARAISO,LOS ANDES,0325138  ,0702540  ,366398,6363274,1062,1965,7,0.359,m3/s
05403003,RIO ACONCAGUA EN LOS QUILOS,5,DE VALPARAISO,LOS ANDES,0325138  ,0702540  ,366398,6363274,1062,1965,8,5.59,m3/s
05403003,RIO ACONCAGUA EN LOS QUILOS,5,DE VALPARAISO,LOS ANDES,0325138  ,0702540  ,366398,6363274,1062,1965,9,5.308,m3/s
05403003,RIO ACONCAGUA EN LOS QUILOS,5,DE VALPARAISO,LOS ANDES,0325138  ,0702540  ,366398,6363274,1062,1965,10,19.706,m3/s
05403003,RIO ACONCAGUA EN LOS QUILOS,5,DE VALPARAISO,LOS ANDES,0325138  ,0702540  ,366398,6363274,1062,1965,11,59.12,m3/s
05403003,RIO ACONCAGUA EN LOS QUILOS,5,DE VALPARAISO,LOS ANDES,0325138  ,0702540  ,366398,6363274,1062,1965,12,63.087,m3/s
05403003,RIO ACONCAGUA EN LOS QUILOS,5,DE VALPARAISO,LOS ANDES,0325138  ,0702540  ,366398,6363274,1062,1966,1,78.084,m3/s
05403003,RIO ACONCAGUA EN LOS QUILOS,5,DE VALPARAISO,LOS ANDES,0325138  ,0702540  ,366398,6363274,1062,1966,2,35.657,m3/s
05403003,RIO ACONCAGUA EN LOS QUILOS,5,DE VALPARAISO,LOS ANDES,0325138  ,0702540  ,366398,6363274,1062,1966,3,15.035,m3/s
05403003,RIO ACONCAGUA EN LOS QUILOS,5,DE VALPARAISO,LOS ANDES,0325138  ,0702540  ,366398,6363274,1062,1966,4,3.616,m3/s
05403003,RIO ACONCAGUA EN LOS QUILOS,5,DE VALPARAISO,LOS ANDES,0325138  ,0702540  ,366398,6363274,1062,1966,5,0.603,m3/s
05403003,RIO ACONCAGUA EN LOS QUILOS,5,DE VALPARAISO,LOS ANDES,0325138  ,0702540  ,366398,6363274,1062,1966,6,0.811,m3/s
05403003,RIO ACONCAGUA EN LOS QUILOS,5,DE VALPARAISO,LOS ANDES,0325138  ,0702540  ,366398,6363274,1062,1966,7,1.186,m3/s
05403003,RIO ACONCAGUA EN LOS QUILOS,5,DE VALPARAISO,LOS ANDES,0325138  ,0702540  ,366398,6363274,1062,1966,8,0.765,m3/s
05403003,RIO ACONCAGUA EN LOS QUILOS,5,DE VALPARAISO,LOS ANDES,0325138  ,0702540  ,366398,6363274,1062,1966,9,4.572,m3/s
05403003,RIO ACONCAGUA EN LOS QUILOS,5,DE VALPARAISO,LOS ANDES,0325138  ,0702540  ,366398,6363274,1062,1966,10,12.531,m3/s
05403003,RIO ACONCAGUA EN LOS QUILOS,5,DE VALPARAISO,LOS ANDES,0325138  ,0702540  ,366398,6363274,1062,1966,11,31.877,m3/s
05403003,RIO ACONCAGUA EN LOS QUILOS,5,DE VALPARAISO,LOS ANDES,0325138  ,0702540  ,366398,6363274,1062,1966,12,37.716,m3/s
05403003,RIO ACONCAGUA EN LOS QUILOS,5,DE VALPARAISO,LOS ANDES,0325138  ,0702540  ,366398,6363274,1062,1967,1,37.39,m3/s
05403003,RIO ACONCAGUA EN LOS QUILOS,5,DE VALPARAISO,LOS ANDES,0325138  ,0702540  ,366398,6363274,1062,1967,2,30.225,m3/s
05403003,RIO ACONCAGUA EN LOS QUILOS,5,DE VALPARAISO,LOS ANDES,0325138  ,0702540  ,366398,6363274,1062,1967,3,9.631,m3/s
05403003,RIO ACONCAGUA EN LOS QUILOS,5,DE VALPARAISO,LOS ANDES,0325138  ,0702540  ,366398,6363274,1062,1967,4,3.798,m3/s
05403003,RIO ACONCAGUA EN LOS QUILOS,5,DE VALPARAISO,LOS ANDES,0325138  ,0702540  ,366398,6363274,1062,1967,5,0.579,m3/s
05403003,RIO ACONCAGUA EN LOS QUILOS,5,DE VALPARAISO,LOS ANDES,0325138  ,0702540  ,366398,6363274,1062,1967,6,0.391,m3/s
05403003,RIO ACONCAGUA EN LOS QUILOS,5,DE VALPARAISO,LOS ANDES,0325138  ,0702540  ,366398,6363274,1062,1967,7,0.321,m3/s
05403003,RIO ACONCAGUA EN LOS QUILOS,5,DE VALPARAISO,LOS ANDES,0325138  ,0702540  ,366398,6363274,1062,1967,8,0.26,m3/s
05403003,RIO ACONCAGUA EN LOS QUILOS,5,DE VALPARAISO,LOS ANDES,0325138  ,0702540  ,366398,6363274,1062,1967,9,0.658,m3/s
05403003,RIO ACONCAGUA EN LOS QUILOS,5,DE VALPARAISO,LOS ANDES,0325138  ,0702540  ,366398,6363274,1062,1967,10,3.5709999999999997,m3/s
05403003,RIO ACONCAGUA EN LOS QUILOS,5,DE VALPARAISO,LOS ANDES,0325138  ,0702540  ,366398,6363274,1062,1967,11,10.938,m3/s
05403003,RIO ACONCAGUA EN LOS QUILOS,5,DE VALPARAISO,LOS ANDES,0325138  ,0702540  ,366398,6363274,1062,1967,12,24.874,m3/s
05403003,RIO ACONCAGUA EN LOS QUILOS,5,DE VALPARAISO,LOS ANDES,0325138  ,0702540  ,366398,6363274,1062,1968,1,18.182,m3/s
05403003,RIO ACONCAGUA EN LOS QUILOS,5,DE VALPARAISO,LOS ANDES,0325138  ,0702540  ,366398,6363274,1062,1968,2,14.357,m3/s
05403003,RIO ACONCAGUA EN LOS QUILOS,5,DE VALPARAISO,LOS ANDES,0325138  ,0702540  ,366398,6363274,1062,1968,3,2.952,m3/s
05403003,RIO ACONCAGUA EN LOS QUILOS,5,DE VALPARAISO,LOS ANDES,0325138  ,0702540  ,366398,6363274,1062,1968,4,0.749,m3/s
05403003,RIO ACONCAGUA EN LOS QUILOS,5,DE VALPARAISO,LOS ANDES,0325138  ,0702540  ,366398,6363274,1062,1968,5,0.301,m3/s
05403003,RIO ACONCAGUA EN LOS QUILOS,5,DE VALPARAISO,LOS ANDES,0325138  ,0702540  ,366398,6363274,1062,1968,6,0.3,m3/s
05403003,RIO ACONCAGUA EN LOS QUILOS,5,DE VALPARAISO,LOS ANDES,0325138  ,0702540  ,366398,6363274,1062,1968,7,0.3,m3/s
05403003,RIO ACONCAGUA EN LOS QUILOS,5,DE VALPARAISO,LOS ANDES,0325138  ,0702540  ,366398,6363274,1062,1968,8,0.3,m3/s
05403003,RIO ACONCAGUA EN LOS QUILOS,5,DE VALPARAISO,LOS ANDES,0325138  ,0702540  ,366398,6363274,1062,1968,9,0.3,m3/s
05403003,RIO ACONCAGUA EN LOS QUILOS,5,DE VALPARAISO,LOS ANDES,0325138  ,0702540  ,366398,6363274,1062,1968,10,0.3,m3/s
05403003,RIO ACONCAGUA EN LOS QUILOS,5,DE VALPARAISO,LOS ANDES,0325138  ,0702540  ,366398,6363274,1062,1968,11,0.548,m3/s
05403003,RIO ACONCAGUA EN LOS QUILOS,5,DE VALPARAISO,LOS ANDES,0325138  ,0702540  ,366398,6363274,1062,1968,12,1.608,m3/s
05403003,RIO ACONCAGUA EN LOS QUILOS,5,DE VALPARAISO,LOS ANDES,0325138  ,0702540  ,366398,6363274,1062,1969,1,3.573,m3/s
05403003,RIO ACONCAGUA EN LOS QUILOS,5,DE VALPARAISO,LOS ANDES,0325138  ,0702540  ,366398,6363274,1062,1969,2,7.614,m3/s
05403003,RIO ACONCAGUA EN LOS QUILOS,5,DE VALPARAISO,LOS ANDES,0325138  ,0702540  ,366398,6363274,1062,1969,3,2.33,m3/s
05403003,RIO ACONCAGUA EN LOS QUILOS,5,DE VALPARAISO,LOS ANDES,0325138  ,0702540  ,366398,6363274,1062,1969,4,0.43,m3/s
05403003,RIO ACONCAGUA EN LOS QUILOS,5,DE VALPARAISO,LOS ANDES,0325138  ,0702540  ,366398,6363274,1062,1969,5,0.363,m3/s
05403003,RIO ACONCAGUA EN LOS QUILOS,5,DE VALPARAISO,LOS ANDES,0325138  ,0702540  ,366398,6363274,1062,1969,6,0.973,m3/s
05403003,RIO ACONCAGUA EN LOS QUILOS,5,DE VALPARAISO,LOS ANDES,0325138  ,0702540  ,366398,6363274,1062,1969,7,0.3,m3/s
05403003,RIO ACONCAGUA EN LOS QUILOS,5,DE VALPARAISO,LOS ANDES,0325138  ,0702540  ,366398,6363274,1062,1969,8,0.521,m3/s
05403003,RIO ACONCAGUA EN LOS QUILOS,5,DE VALPARAISO,LOS ANDES,0325138  ,0702540  ,366398,6363274,1062,1969,9,1.233,m3/s
05403003,RIO ACONCAGUA EN LOS QUILOS,5,DE VALPARAISO,LOS ANDES,0325138  ,0702540  ,366398,6363274,1062,1969,10,1.208,m3/s
05403003,RIO ACONCAGUA EN LOS QUILOS,5,DE VALPARAISO,LOS ANDES,0325138  ,0702540  ,366398,6363274,1062,1969,11,15.369,m3/s
05403003,RIO ACONCAGUA EN LOS QUILOS,5,DE VALPARAISO,LOS ANDES,0325138  ,0702540  ,366398,6363274,1062,1969,12,45.522,m3/s
05403003,RIO ACONCAGUA EN LOS QUILOS,5,DE VALPARAISO,LOS ANDES,0325138  ,0702540  ,366398,6363274,1062,1970,1,24.116,m3/s
05403003,RIO ACONCAGUA EN LOS QUILOS,5,DE VALPARAISO,LOS ANDES,0325138  ,0702540  ,366398,6363274,1062,1970,2,17.948,m3/s
05403003,RIO ACONCAGUA EN LOS QUILOS,5,DE VALPARAISO,LOS ANDES,0325138  ,0702540  ,366398,6363274,1062,1970,3,6.922,m3/s
05403003,RIO ACONCAGUA EN LOS QUILOS,5,DE VALPARAISO,LOS ANDES,0325138  ,0702540  ,366398,6363274,1062,1970,4,1.287,m3/s
05403003,RIO ACONCAGUA EN LOS QUILOS,5,DE VALPARAISO,LOS ANDES,0325138  ,0702540  ,366398,6363274,1062,1970,5,0.64,m3/s
05403003,RIO ACONCAGUA EN LOS QUILOS,5,DE VALPARAISO,LOS ANDES,0325138  ,0702540  ,366398,6363274,1062,1970,6,0.486,m3/s
05403003,RIO ACONCAGUA EN LOS QUILOS,5,DE VALPARAISO,LOS ANDES,0325138  ,0702540  ,366398,6363274,1062,1970,7,0.832,m3/s
05403003,RIO ACONCAGUA EN LOS QUILOS,5,DE VALPARAISO,LOS ANDES,0325138  ,0702540  ,366398,6363274,1062,1970,8,0.672,m3/s
05403003,RIO ACONCAGUA EN LOS QUILOS,5,DE VALPARAISO,LOS ANDES,0325138  ,0702540  ,366398,6363274,1062,1970,9,1.9489999999999998,m3/s
05403003,RIO ACONCAGUA EN LOS QUILOS,5,DE VALPARAISO,LOS ANDES,0325138  ,0702540  ,366398,6363274,1062,1970,10,4.311,m3/s
05403003,RIO ACONCAGUA EN LOS QUILOS,5,DE VALPARAISO,LOS ANDES,0325138  ,0702540  ,366398,6363274,1062,1970,11,32.647,m3/s
05403003,RIO ACONCAGUA EN LOS QUILOS,5,DE VALPARAISO,LOS ANDES,0325138  ,0702540  ,366398,6363274,1062,1970,12,26.71,m3/s
05403003,RIO ACONCAGUA EN LOS QUILOS,5,DE VALPARAISO,LOS ANDES,0325138  ,0702540  ,366398,6363274,1062,1971,1,22.401,m3/s
05403003,RIO ACONCAGUA EN LOS QUILOS,5,DE VALPARAISO,LOS ANDES,0325138  ,0702540  ,366398,6363274,1062,1971,2,9.57,m3/s
05403003,RIO ACONCAGUA EN LOS QUILOS,5,DE VALPARAISO,LOS ANDES,0325138  ,0702540  ,366398,6363274,1062,1971,3,3.573,m3/s
05403003,RIO ACONCAGUA EN LOS QUILOS,5,DE VALPARAISO,LOS ANDES,0325138  ,0702540  ,366398,6363274,1062,1971,4,0.501,m3/s
05403003,RIO ACONCAGUA EN LOS QUILOS,5,DE VALPARAISO,LOS ANDES,0325138  ,0702540  ,366398,6363274,1062,1971,5,0.193,m3/s
05403003,RIO ACONCAGUA EN LOS QUILOS,5,DE VALPARAISO,LOS ANDES,0325138  ,0702540  ,366398,6363274,1062,1971,6,0.159,m3/s
05403003,RIO ACONCAGUA EN LOS QUILOS,5,DE VALPARAISO,LOS ANDES,0325138  ,0702540  ,366398,6363274,1062,1971,7,0.609,m3/s
05403003,RIO ACONCAGUA EN LOS QUILOS,5,DE VALPARAISO,LOS ANDES,0325138  ,0702540  ,366398,6363274,1062,1971,8,0.925,m3/s
05403003,RIO ACONCAGUA EN LOS QUILOS,5,DE VALPARAISO,LOS ANDES,0325138  ,0702540  ,366398,6363274,1062,1971,9,2.507,m3/s
05403003,RIO ACONCAGUA EN LOS QUILOS,5,DE VALPARAISO,LOS ANDES,0325138  ,0702540  ,366398,6363274,1062,1971,10,12.415,m3/s
05403003,RIO ACONCAGUA EN LOS QUILOS,5,DE VALPARAISO,LOS ANDES,0325138  ,0702540  ,366398,6363274,1062,1971,11,35.997,m3/s
05403003,RIO ACONCAGUA EN LOS QUILOS,5,DE VALPARAISO,LOS ANDES,0325138  ,0702540  ,366398,6363274,1062,1971,12,27.477,m3/s
05403003,RIO ACONCAGUA EN LOS QUILOS,5,DE VALPARAISO,LOS ANDES,0325138  ,0702540  ,366398,6363274,1062,1972,1,23.774,m3/s
05403003,RIO ACONCAGUA EN LOS QUILOS,5,DE VALPARAISO,LOS ANDES,0325138  ,0702540  ,366398,6363274,1062,1972,2,23.462,m3/s
05403003,RIO ACONCAGUA EN LOS QUILOS,5,DE VALPARAISO,LOS ANDES,0325138  ,0702540  ,366398,6363274,1062,1972,3,5.634,m3/s
05403003,RIO ACONCAGUA EN LOS QUILOS,5,DE VALPARAISO,LOS ANDES,0325138  ,0702540  ,366398,6363274,1062,1972,4,0.445,m3/s
05403003,RIO ACONCAGUA EN LOS QUILOS,5,DE VALPARAISO,LOS ANDES,0325138  ,0702540  ,366398,6363274,1062,1972,5,2.263,m3/s
05403003,RIO ACONCAGUA EN LOS QUILOS,5,DE VALPARAISO,LOS ANDES,0325138  ,0702540  ,366398,6363274,1062,1972,6,16.571,m3/s
05403003,RIO ACONCAGUA EN LOS QUILOS,5,DE VALPARAISO,LOS ANDES,0325138  ,0702540  ,366398,6363274,1062,1972,7,6.017,m3/s
05403003,RIO ACONCAGUA EN LOS QUILOS,5,DE VALPARAISO,LOS ANDES,0325138  ,0702540  ,366398,6363274,1062,1972,8,5.557,m3/s
05403003,RIO ACONCAGUA EN LOS QUILOS,5,DE VALPARAISO,LOS ANDES,0325138  ,0702540  ,366398,6363274,1062,1972,9,11.229,m3/s
05403003,RIO ACONCAGUA EN LOS QUILOS,5,DE VALPARAISO,LOS ANDES,0325138  ,0702540  ,366398,6363274,1062,1972,10,10.29,m3/s
05403003,RIO ACONCAGUA EN LOS QUILOS,5,DE VALPARAISO,LOS ANDES,0325138  ,0702540  ,366398,6363274,1062,1972,11,30.31,m3/s
05403003,RIO ACONCAGUA EN LOS QUILOS,5,DE VALPARAISO,LOS ANDES,0325138  ,0702540  ,366398,6363274,1062,1972,12,49.467,m3/s
05403003,RIO ACONCAGUA EN LOS QUILOS,5,DE VALPARAISO,LOS ANDES,0325138  ,0702540  ,366398,6363274,1062,1974,6,5.865,m3/s
05403003,RIO ACONCAGUA EN LOS QUILOS,5,DE VALPARAISO,LOS ANDES,0325138  ,0702540  ,366398,6363274,1062,1974,7,5.354,m3/s
05403003,RIO ACONCAGUA EN LOS QUILOS,5,DE VALPARAISO,LOS ANDES,0325138  ,0702540  ,366398,6363274,1062,1974,8,3.543,m3/s
05403003,RIO ACONCAGUA EN LOS QUILOS,5,DE VALPARAISO,LOS ANDES,0325138  ,0702540  ,366398,6363274,1062,1974,9,3.81,m3/s
05403003,RIO ACONCAGUA EN LOS QUILOS,5,DE VALPARAISO,LOS ANDES,0325138  ,0702540  ,366398,6363274,1062,1974,10,19.144,m3/s
05403003,RIO ACONCAGUA EN LOS QUILOS,5,DE VALPARAISO,LOS ANDES,0325138  ,0702540  ,366398,6363274,1062,1974,11,35.633,m3/s
05403003,RIO ACONCAGUA EN LOS QUILOS,5,DE VALPARAISO,LOS ANDES,0325138  ,0702540  ,366398,6363274,1062,1974,12,43.019,m3/s
05403003,RIO ACONCAGUA EN LOS QUILOS,5,DE VALPARAISO,LOS ANDES,0325138  ,0702540  ,366398,6363274,1062,1975,1,47.8,m3/s
05403003,RIO ACONCAGUA EN LOS QUILOS,5,DE VALPARAISO,LOS ANDES,0325138  ,0702540  ,366398,6363274,1062,1975,2,23.721,m3/s
05403003,RIO ACONCAGUA EN LOS QUILOS,5,DE VALPARAISO,LOS ANDES,0325138  ,0702540  ,366398,6363274,1062,1975,3,9.850999999999999,m3/s
05403003,RIO ACONCAGUA EN LOS QUILOS,5,DE VALPARAISO,LOS ANDES,0325138  ,0702540  ,366398,6363274,1062,1975,4,2.939,m3/s
05403003,RIO ACONCAGUA EN LOS QUILOS,5,DE VALPARAISO,LOS ANDES,0325138  ,0702540  ,366398,6363274,1062,1975,5,2.099,m3/s
05403003,RIO ACONCAGUA EN LOS QUILOS,5,DE VALPARAISO,LOS ANDES,0325138  ,0702540  ,366398,6363274,1062,1975,6,0.538,m3/s
05403003,RIO ACONCAGUA EN LOS QUILOS,5,DE VALPARAISO,LOS ANDES,0325138  ,0702540  ,366398,6363274,1062,1975,7,1.258,m3/s
05403003,RIO ACONCAGUA EN LOS QUILOS,5,DE VALPARAISO,LOS ANDES,0325138  ,0702540  ,366398,6363274,1062,1975,8,2.15,m3/s
05403003,RIO ACONCAGUA EN LOS QUILOS,5,DE VALPARAISO,LOS ANDES,0325138  ,0702540  ,366398,6363274,1062,1975,9,4.766,m3/s
05403003,RIO ACONCAGUA EN LOS QUILOS,5,DE VALPARAISO,LOS ANDES,0325138  ,0702540  ,366398,6363274,1062,1975,10,6.873,m3/s
05403003,RIO ACONCAGUA EN LOS QUILOS,5,DE VALPARAISO,LOS ANDES,0325138  ,0702540  ,366398,6363274,1062,1975,11,13.37,m3/s
05403003,RIO ACONCAGUA EN LOS QUILOS,5,DE VALPARAISO,LOS ANDES,0325138  ,0702540  ,366398,6363274,1062,1975,12,30.462,m3/s
05403003,RIO ACONCAGUA EN LOS QUILOS,5,DE VALPARAISO,LOS ANDES,0325138  ,0702540  ,366398,6363274,1062,1976,2,13.439,m3/s
05403003,RIO ACONCAGUA EN LOS QUILOS,5,DE VALPARAISO,LOS ANDES,0325138  ,0702540  ,366398,6363274,1062,1976,3,6.557,m3/s
05403003,RIO ACONCAGUA EN LOS QUILOS,5,DE VALPARAISO,LOS ANDES,0325138  ,0702540  ,366398,6363274,1062,1976,4,2.105,m3/s
05403003,RIO ACONCAGUA EN LOS QUILOS,5,DE VALPARAISO,LOS ANDES,0325138  ,0702540  ,366398,6363274,1062,1976,5,0.632,m3/s
05403003,RIO ACONCAGUA EN LOS QUILOS,5,DE VALPARAISO,LOS ANDES,0325138  ,0702540  ,366398,6363274,1062,1976,6,0.595,m3/s
05403003,RIO ACONCAGUA EN LOS QUILOS,5,DE VALPARAISO,LOS ANDES,0325138  ,0702540  ,366398,6363274,1062,1976,7,0.463,m3/s
05403003,RIO ACONCAGUA EN LOS QUILOS,5,DE VALPARAISO,LOS ANDES,0325138  ,0702540  ,366398,6363274,1062,1976,8,0.493,m3/s
05403003,RIO ACONCAGUA EN LOS QUILOS,5,DE VALPARAISO,LOS ANDES,0325138  ,0702540  ,366398,6363274,1062,1976,9,1.524,m3/s
05403003,RIO ACONCAGUA EN LOS QUILOS,5,DE VALPARAISO,LOS ANDES,0325138  ,0702540  ,366398,6363274,1062,1976,10,4.904,m3/s
05403003,RIO ACONCAGUA EN LOS QUILOS,5,DE VALPARAISO,LOS ANDES,0325138  ,0702540  ,366398,6363274,1062,1976,11,25.874,m3/s
05403003,RIO ACONCAGUA EN LOS QUILOS,5,DE VALPARAISO,LOS ANDES,0325138  ,0702540  ,366398,6363274,1062,1976,12,30.871,m3/s
05403003,RIO ACONCAGUA EN LOS QUILOS,5,DE VALPARAISO,LOS ANDES,0325138  ,0702540  ,366398,6363274,1062,1977,1,34.708,m3/s
05403003,RIO ACONCAGUA EN LOS QUILOS,5,DE VALPARAISO,LOS ANDES,0325138  ,0702540  ,366398,6363274,1062,1977,2,16.429,m3/s
05403003,RIO ACONCAGUA EN LOS QUILOS,5,DE VALPARAISO,LOS ANDES,0325138  ,0702540  ,366398,6363274,1062,1977,3,9.522,m3/s
05403003,RIO ACONCAGUA EN LOS QUILOS,5,DE VALPARAISO,LOS ANDES,0325138  ,0702540  ,366398,6363274,1062,1977,4,2.294,m3/s
05403003,RIO ACONCAGUA EN LOS QUILOS,5,DE VALPARAISO,LOS ANDES,0325138  ,0702540  ,366398,6363274,1062,1977,5,0.996,m3/s
05403003,RIO ACONCAGUA EN LOS QUILOS,5,DE VALPARAISO,LOS ANDES,0325138  ,0702540  ,366398,6363274,1062,1977,6,1.104,m3/s
05403003,RIO ACONCAGUA EN LOS QUILOS,5,DE VALPARAISO,LOS ANDES,0325138  ,0702540  ,366398,6363274,1062,1977,7,6.943,m3/s
05403003,RIO ACONCAGUA EN LOS QUILOS,5,DE VALPARAISO,LOS ANDES,0325138  ,0702540  ,366398,6363274,1062,1977,8,7.525,m3/s
05403003,RIO ACONCAGUA EN LOS QUILOS,5,DE VALPARAISO,LOS ANDES,0325138  ,0702540  ,366398,6363274,1062,1977,9,16.207,m3/s
05403003,RIO ACONCAGUA EN LOS QUILOS,5,DE VALPARAISO,LOS ANDES,0325138  ,0702540  ,366398,6363274,1062,1977,10,28.448,m3/s
05403003,RIO ACONCAGUA EN LOS QUILOS,5,DE VALPARAISO,LOS ANDES,0325138  ,0702540  ,366398,6363274,1062,1977,11,45.21,m3/s
05403003,RIO ACONCAGUA EN LOS QUILOS,5,DE VALPARAISO,LOS ANDES,0325138  ,0702540  ,366398,6363274,1062,1977,12,69.89,m3/s
05403003,RIO ACONCAGUA EN LOS QUILOS,5,DE VALPARAISO,LOS ANDES,0325138  ,0702540  ,366398,6363274,1062,1978,1,49.706,m3/s
05403003,RIO ACONCAGUA EN LOS QUILOS,5,DE VALPARAISO,LOS ANDES,0325138  ,0702540  ,366398,6363274,1062,1978,2,30.9,m3/s
05403003,RIO ACONCAGUA EN LOS QUILOS,5,DE VALPARAISO,LOS ANDES,0325138  ,0702540  ,366398,6363274,1062,1978,3,14.867,m3/s
05403003,RIO ACONCAGUA EN LOS QUILOS,5,DE VALPARAISO,LOS ANDES,0325138  ,0702540  ,366398,6363274,1062,1978,4,5.163,m3/s
05403003,RIO ACONCAGUA EN LOS QUILOS,5,DE VALPARAISO,LOS ANDES,0325138  ,0702540  ,366398,6363274,1062,1978,5,1.383,m3/s
05403003,RIO ACONCAGUA EN LOS QUILOS,5,DE VALPARAISO,LOS ANDES,0325138  ,0702540  ,366398,6363274,1062,1978,6,0.607,m3/s
05403003,RIO ACONCAGUA EN LOS QUILOS,5,DE VALPARAISO,LOS ANDES,0325138  ,0702540  ,366398,6363274,1062,1978,7,8.204,m3/s
05403003,RIO ACONCAGUA EN LOS QUILOS,5,DE VALPARAISO,LOS ANDES,0325138  ,0702540  ,366398,6363274,1062,1978,8,7.381,m3/s
05403003,RIO ACONCAGUA EN LOS QUILOS,5,DE VALPARAISO,LOS ANDES,0325138  ,0702540  ,366398,6363274,1062,1978,9,9.041,m3/s
05403003,RIO ACONCAGUA EN LOS QUILOS,5,DE VALPARAISO,LOS ANDES,0325138  ,0702540  ,366398,6363274,1062,1978,10,20.648,m3/s
05403003,RIO ACONCAGUA EN LOS QUILOS,5,DE VALPARAISO,LOS ANDES,0325138  ,0702540  ,366398,6363274,1062,1978,11,44.72,m3/s
05403003,RIO ACONCAGUA EN LOS QUILOS,5,DE VALPARAISO,LOS ANDES,0325138  ,0702540  ,366398,6363274,1062,1978,12,88.326,m3/s
05403003,RIO ACONCAGUA EN LOS QUILOS,5,DE VALPARAISO,LOS ANDES,0325138  ,0702540  ,366398,6363274,1062,1979,1,73.932,m3/s
05403003,RIO ACONCAGUA EN LOS QUILOS,5,DE VALPARAISO,LOS ANDES,0325138  ,0702540  ,366398,6363274,1062,1979,2,36.379,m3/s
05403003,RIO ACONCAGUA EN LOS QUILOS,5,DE VALPARAISO,LOS ANDES,0325138  ,0702540  ,366398,6363274,1062,1979,3,19.941,m3/s
05403003,RIO ACONCAGUA EN LOS QUILOS,5,DE VALPARAISO,LOS ANDES,0325138  ,0702540  ,366398,6363274,1062,1979,4,6.705,m3/s
05403003,RIO ACONCAGUA EN LOS QUILOS,5,DE VALPARAISO,LOS ANDES,0325138  ,0702540  ,366398,6363274,1062,1979,5,2.305,m3/s
05403003,RIO ACONCAGUA EN LOS QUILOS,5,DE VALPARAISO,LOS ANDES,0325138  ,0702540  ,366398,6363274,1062,1979,6,0.594,m3/s
05403003,RIO ACONCAGUA EN LOS QUILOS,5,DE VALPARAISO,LOS ANDES,0325138  ,0702540  ,366398,6363274,1062,1979,7,0.531,m3/s
05403003,RIO ACONCAGUA EN LOS QUILOS,5,DE VALPARAISO,LOS ANDES,0325138  ,0702540  ,366398,6363274,1062,1979,8,2.044,m3/s
05403003,RIO ACONCAGUA EN LOS QUILOS,5,DE VALPARAISO,LOS ANDES,0325138  ,0702540  ,366398,6363274,1062,1979,9,3.465,m3/s
05403003,RIO ACONCAGUA EN LOS QUILOS,5,DE VALPARAISO,LOS ANDES,0325138  ,0702540  ,366398,6363274,1062,1979,10,8.501,m3/s
05403003,RIO ACONCAGUA EN LOS QUILOS,5,DE VALPARAISO,LOS ANDES,0325138  ,0702540  ,366398,6363274,1062,1979,11,16.141,m3/s
05403003,RIO ACONCAGUA EN LOS QUILOS,5,DE VALPARAISO,LOS ANDES,0325138  ,0702540  ,366398,6363274,1062,1979,12,32.145,m3/s
05403003,RIO ACONCAGUA EN LOS QUILOS,5,DE VALPARAISO,LOS ANDES,0325138  ,0702540  ,366398,6363274,1062,1980,1,38.597,m3/s
05403003,RIO ACONCAGUA EN LOS QUILOS,5,DE VALPARAISO,LOS ANDES,0325138  ,0702540  ,366398,6363274,1062,1980,2,22.403,m3/s
05403003,RIO ACONCAGUA EN LOS QUILOS,5,DE VALPARAISO,LOS ANDES,0325138  ,0702540  ,366398,6363274,1062,1980,3,17.325,m3/s
05403003,RIO ACONCAGUA EN LOS QUILOS,5,DE VALPARAISO,LOS ANDES,0325138  ,0702540  ,366398,6363274,1062,1980,5,9.631,m3/s
05403003,RIO ACONCAGUA EN LOS QUILOS,5,DE VALPARAISO,LOS ANDES,0325138  ,0702540  ,366398,6363274,1062,1980,6,5.656,m3/s
05403003,RIO ACONCAGUA EN LOS QUILOS,5,DE VALPARAISO,LOS ANDES,0325138  ,0702540  ,366398,6363274,1062,1980,7,4.525,m3/s
05403003,RIO ACONCAGUA EN LOS QUILOS,5,DE VALPARAISO,LOS ANDES,0325138  ,0702540  ,366398,6363274,1062,1980,8,5.629,m3/s
05403003,RIO ACONCAGUA EN LOS QUILOS,5,DE VALPARAISO,LOS ANDES,0325138  ,0702540  ,366398,6363274,1062,1980,9,5.878,m3/s
05403003,RIO ACONCAGUA EN LOS QUILOS,5,DE VALPARAISO,LOS ANDES,0325138  ,0702540  ,366398,6363274,1062,1980,10,13.085,m3/s
05403003,RIO ACONCAGUA EN LOS QUILOS,5,DE VALPARAISO,LOS ANDES,0325138  ,0702540  ,366398,6363274,1062,1980,11,30.757,m3/s
05403003,RIO ACONCAGUA EN LOS QUILOS,5,DE VALPARAISO,LOS ANDES,0325138  ,0702540  ,366398,6363274,1062,1980,12,76.91,m3/s
05403003,RIO ACONCAGUA EN LOS QUILOS,5,DE VALPARAISO,LOS ANDES,0325138  ,0702540  ,366398,6363274,1062,1981,1,48.623,m3/s
05403003,RIO ACONCAGUA EN LOS QUILOS,5,DE VALPARAISO,LOS ANDES,0325138  ,0702540  ,366398,6363274,1062,1981,2,37.779,m3/s
05403003,RIO ACONCAGUA EN LOS QUILOS,5,DE VALPARAISO,LOS ANDES,0325138  ,0702540  ,366398,6363274,1062,1981,3,16.859,m3/s
05410002,RIO ACONCAGUA EN CHACABUQUITO,5,DE VALPARAISO,LOS ANDES,0325102  ,0703034  ,358751,6364286,950,1960,1,32.88,m3/s
05410002,RIO ACONCAGUA EN CHACABUQUITO,5,DE VALPARAISO,LOS ANDES,0325102  ,0703034  ,358751,6364286,950,1960,2,31.321,m3/s
05410002,RIO ACONCAGUA EN CHACABUQUITO,5,DE VALPARAISO,LOS ANDES,0325102  ,0703034  ,358751,6364286,950,1960,3,19.784,m3/s
05410002,RIO ACONCAGUA EN CHACABUQUITO,5,DE VALPARAISO,LOS ANDES,0325102  ,0703034  ,358751,6364286,950,1960,4,12.146,m3/s
05410002,RIO ACONCAGUA EN CHACABUQUITO,5,DE VALPARAISO,LOS ANDES,0325102  ,0703034  ,358751,6364286,950,1960,5,8.435,m3/s
05410002,RIO ACONCAGUA EN CHACABUQUITO,5,DE VALPARAISO,LOS ANDES,0325102  ,0703034  ,358751,6364286,950,1960,6,13.258,m3/s
05410002,RIO ACONCAGUA EN CHACABUQUITO,5,DE VALPARAISO,LOS ANDES,0325102  ,0703034  ,358751,6364286,950,1960,7,11.326,m3/s
05410002,RIO ACONCAGUA EN CHACABUQUITO,5,DE VALPARAISO,LOS ANDES,0325102  ,0703034  ,358751,6364286,950,1960,8,13.135,m3/s
05410002,RIO ACONCAGUA EN CHACABUQUITO,5,DE VALPARAISO,LOS ANDES,0325102  ,0703034  ,358751,6364286,950,1960,9,16.29,m3/s
05410002,RIO ACONCAGUA EN CHACABUQUITO,5,DE VALPARAISO,LOS ANDES,0325102  ,0703034  ,358751,6364286,950,1960,10,30.31,m3/s
05410002,RIO ACONCAGUA EN CHACABUQUITO,5,DE VALPARAISO,LOS ANDES,0325102  ,0703034  ,358751,6364286,950,1960,11,71.941,m3/s
05410002,RIO ACONCAGUA EN CHACABUQUITO,5,DE VALPARAISO,LOS ANDES,0325102  ,0703034  ,358751,6364286,950,1960,12,83.748,m3/s
05410002,RIO ACONCAGUA EN CHACABUQUITO,5,DE VALPARAISO,LOS ANDES,0325102  ,0703034  ,358751,6364286,950,1961,1,44.6,m3/s
05410002,RIO ACONCAGUA EN CHACABUQUITO,5,DE VALPARAISO,LOS ANDES,0325102  ,0703034  ,358751,6364286,950,1961,2,32.068,m3/s
05410002,RIO ACONCAGUA EN CHACABUQUITO,5,DE VALPARAISO,LOS ANDES,0325102  ,0703034  ,358751,6364286,950,1961,3,28.252,m3/s
05410002,RIO ACONCAGUA EN CHACABUQUITO,5,DE VALPARAISO,LOS ANDES,0325102  ,0703034  ,358751,6364286,950,1961,4,14.623,m3/s
05410002,RIO ACONCAGUA EN CHACABUQUITO,5,DE VALPARAISO,LOS ANDES,0325102  ,0703034  ,358751,6364286,950,1961,5,10.881,m3/s
05410002,RIO ACONCAGUA EN CHACABUQUITO,5,DE VALPARAISO,LOS ANDES,0325102  ,0703034  ,358751,6364286,950,1961,6,14.013,m3/s
05410002,RIO ACONCAGUA EN CHACABUQUITO,5,DE VALPARAISO,LOS ANDES,0325102  ,0703034  ,358751,6364286,950,1961,7,12.952,m3/s
05410002,RIO ACONCAGUA EN CHACABUQUITO,5,DE VALPARAISO,LOS ANDES,0325102  ,0703034  ,358751,6364286,950,1961,8,14.51,m3/s
05410002,RIO ACONCAGUA EN CHACABUQUITO,5,DE VALPARAISO,LOS ANDES,0325102  ,0703034  ,358751,6364286,950,1961,9,18.087,m3/s
05410002,RIO ACONCAGUA EN CHACABUQUITO,5,DE VALPARAISO,LOS ANDES,0325102  ,0703034  ,358751,6364286,950,1961,10,45.506,m3/s
05410002,RIO ACONCAGUA EN CHACABUQUITO,5,DE VALPARAISO,LOS ANDES,0325102  ,0703034  ,358751,6364286,950,1961,11,85.637,m3/s
05410002,RIO ACONCAGUA EN CHACABUQUITO,5,DE VALPARAISO,LOS ANDES,0325102  ,0703034  ,358751,6364286,950,1961,12,96.645,m3/s
05410002,RIO ACONCAGUA EN CHACABUQUITO,5,DE VALPARAISO,LOS ANDES,0325102  ,0703034  ,358751,6364286,950,1962,1,52.894,m3/s
05410002,RIO ACONCAGUA EN CHACABUQUITO,5,DE VALPARAISO,LOS ANDES,0325102  ,0703034  ,358751,6364286,950,1962,2,46.983,m3/s
05410002,RIO ACONCAGUA EN CHACABUQUITO,5,DE VALPARAISO,LOS ANDES,0325102  ,0703034  ,358751,6364286,950,1962,3,20.25,m3/s
05410002,RIO ACONCAGUA EN CHACABUQUITO,5,DE VALPARAISO,LOS ANDES,0325102  ,0703034  ,358751,6364286,950,1962,4,16.177,m3/s
05410002,RIO ACONCAGUA EN CHACABUQUITO,5,DE VALPARAISO,LOS ANDES,0325102  ,0703034  ,358751,6364286,950,1962,5,11.723,m3/s
05410002,RIO ACONCAGUA EN CHACABUQUITO,5,DE VALPARAISO,LOS ANDES,0325102  ,0703034  ,358751,6364286,950,1962,6,12.528,m3/s
05410002,RIO ACONCAGUA EN CHACABUQUITO,5,DE VALPARAISO,LOS ANDES,0325102  ,0703034  ,358751,6364286,950,1962,7,15.174,m3/s
05410002,RIO ACONCAGUA EN CHACABUQUITO,5,DE VALPARAISO,LOS ANDES,0325102  ,0703034  ,358751,6364286,950,1962,8,15.277,m3/s
05410002,RIO ACONCAGUA EN CHACABUQUITO,5,DE VALPARAISO,LOS ANDES,0325102  ,0703034  ,358751,6364286,950,1962,9,16.517,m3/s
05410002,RIO ACONCAGUA EN CHACABUQUITO,5,DE VALPARAISO,LOS ANDES,0325102  ,0703034  ,358751,6364286,950,1962,10,32.865,m3/s
05410002,RIO ACONCAGUA EN CHACABUQUITO,5,DE VALPARAISO,LOS ANDES,0325102  ,0703034  ,358751,6364286,950,1962,11,77.387,m3/s
05410002,RIO ACONCAGUA EN CHACABUQUITO,5,DE VALPARAISO,LOS ANDES,0325102  ,0703034  ,358751,6364286,950,1962,12,67.456,m3/s
05410002,RIO ACONCAGUA EN CHACABUQUITO,5,DE VALPARAISO,LOS ANDES,0325102  ,0703034  ,358751,6364286,950,1963,1,40.871,m3/s
05410002,RIO ACONCAGUA EN CHACABUQUITO,5,DE VALPARAISO,LOS ANDES,0325102  ,0703034  ,358751,6364286,950,1963,2,31.404,m3/s
05410002,RIO ACONCAGUA EN CHACABUQUITO,5,DE VALPARAISO,LOS ANDES,0325102  ,0703034  ,358751,6364286,950,1963,3,20.897,m3/s
05410002,RIO ACONCAGUA EN CHACABUQUITO,5,DE VALPARAISO,LOS ANDES,0325102  ,0703034  ,358751,6364286,950,1963,4,12.725999999999999,m3/s
05410002,RIO ACONCAGUA EN CHACABUQUITO,5,DE VALPARAISO,LOS ANDES,0325102  ,0703034  ,358751,6364286,950,1963,5,9.984,m3/s
05410002,RIO ACONCAGUA EN CHACABUQUITO,5,DE VALPARAISO,LOS ANDES,0325102  ,0703034  ,358751,6364286,950,1963,6,10.47,m3/s
05410002,RIO ACONCAGUA EN CHACABUQUITO,5,DE VALPARAISO,LOS ANDES,0325102  ,0703034  ,358751,6364286,950,1963,7,15.233,m3/s
05410002,RIO ACONCAGUA EN CHACABUQUITO,5,DE VALPARAISO,LOS ANDES,0325102  ,0703034  ,358751,6364286,950,1963,8,13.585,m3/s
05410002,RIO ACONCAGUA EN CHACABUQUITO,5,DE VALPARAISO,LOS ANDES,0325102  ,0703034  ,358751,6364286,950,1963,9,27.743,m3/s
05410002,RIO ACONCAGUA EN CHACABUQUITO,5,DE VALPARAISO,LOS ANDES,0325102  ,0703034  ,358751,6364286,950,1963,10,33.077,m3/s
05410002,RIO ACONCAGUA EN CHACABUQUITO,5,DE VALPARAISO,LOS ANDES,0325102  ,0703034  ,358751,6364286,950,1963,11,43.333,m3/s
05410002,RIO ACONCAGUA EN CHACABUQUITO,5,DE VALPARAISO,LOS ANDES,0325102  ,0703034  ,358751,6364286,950,1963,12,148.935,m3/s
05410002,RIO ACONCAGUA EN CHACABUQUITO,5,DE VALPARAISO,LOS ANDES,0325102  ,0703034  ,358751,6364286,950,1964,1,127.323,m3/s
05410002,RIO ACONCAGUA EN CHACABUQUITO,5,DE VALPARAISO,LOS ANDES,0325102  ,0703034  ,358751,6364286,950,1964,2,63.748,m3/s
05410002,RIO ACONCAGUA EN CHACABUQUITO,5,DE VALPARAISO,LOS ANDES,0325102  ,0703034  ,358751,6364286,950,1964,3,31.823,m3/s
05410002,RIO ACONCAGUA EN CHACABUQUITO,5,DE VALPARAISO,LOS ANDES,0325102  ,0703034  ,358751,6364286,950,1964,4,18.073,m3/s
05410002,RIO ACONCAGUA EN CHACABUQUITO,5,DE VALPARAISO,LOS ANDES,0325102  ,0703034  ,358751,6364286,950,1964,5,13.239,m3/s
05410002,RIO ACONCAGUA EN CHACABUQUITO,5,DE VALPARAISO,LOS ANDES,0325102  ,0703034  ,358751,6364286,950,1964,6,10.916,m3/s
05410002,RIO ACONCAGUA EN CHACABUQUITO,5,DE VALPARAISO,LOS ANDES,0325102  ,0703034  ,358751,6364286,950,1964,7,9.317,m3/s
05410002,RIO ACONCAGUA EN CHACABUQUITO,5,DE VALPARAISO,LOS ANDES,0325102  ,0703034  ,358751,6364286,950,1964,8,8.714,m3/s
05410002,RIO ACONCAGUA EN CHACABUQUITO,5,DE VALPARAISO,LOS ANDES,0325102  ,0703034  ,358751,6364286,950,1964,9,11.34,m3/s
05410002,RIO ACONCAGUA EN CHACABUQUITO,5,DE VALPARAISO,LOS ANDES,0325102  ,0703034  ,358751,6364286,950,1964,10,14.176,m3/s
05410002,RIO ACONCAGUA EN CHACABUQUITO,5,DE VALPARAISO,LOS ANDES,0325102  ,0703034  ,358751,6364286,950,1964,11,18.253,m3/s
05410002,RIO ACONCAGUA EN CHACABUQUITO,5,DE VALPARAISO,LOS ANDES,0325102  ,0703034  ,358751,6364286,950,1964,12,20.187,m3/s
05410002,RIO ACONCAGUA EN CHACABUQUITO,5,DE VALPARAISO,LOS ANDES,0325102  ,0703034  ,358751,6364286,950,1965,1,25.584,m3/s
05410002,RIO ACONCAGUA EN CHACABUQUITO,5,DE VALPARAISO,LOS ANDES,0325102  ,0703034  ,358751,6364286,950,1965,2,23.139,m3/s
05410002,RIO ACONCAGUA EN CHACABUQUITO,5,DE VALPARAISO,LOS ANDES,0325102  ,0703034  ,358751,6364286,950,1965,3,19.329,m3/s
05410002,RIO ACONCAGUA EN CHACABUQUITO,5,DE VALPARAISO,LOS ANDES,0325102  ,0703034  ,358751,6364286,950,1965,4,14.948,m3/s
05410002,RIO ACONCAGUA EN CHACABUQUITO,5,DE VALPARAISO,LOS ANDES,0325102  ,0703034  ,358751,6364286,950,1965,5,11.667,m3/s
05410002,RIO ACONCAGUA EN CHACABUQUITO,5,DE VALPARAISO,LOS ANDES,0325102  ,0703034  ,358751,6364286,950,1965,6,9.805,m3/s
05410002,RIO ACONCAGUA EN CHACABUQUITO,5,DE VALPARAISO,LOS ANDES,0325102  ,0703034  ,358751,6364286,950,1965,7,11.996,m3/s
05410002,RIO ACONCAGUA EN CHACABUQUITO,5,DE VALPARAISO,LOS ANDES,0325102  ,0703034  ,358751,6364286,950,1965,8,25.839,m3/s
05410002,RIO ACONCAGUA EN CHACABUQUITO,5,DE VALPARAISO,LOS ANDES,0325102  ,0703034  ,358751,6364286,950,1965,9,27.75,m3/s
05410002,RIO ACONCAGUA EN CHACABUQUITO,5,DE VALPARAISO,LOS ANDES,0325102  ,0703034  ,358751,6364286,950,1965,10,47.884,m3/s
05410002,RIO ACONCAGUA EN CHACABUQUITO,5,DE VALPARAISO,LOS ANDES,0325102  ,0703034  ,358751,6364286,950,1965,11,95.553,m3/s
05410002,RIO ACONCAGUA EN CHACABUQUITO,5,DE VALPARAISO,LOS ANDES,0325102  ,0703034  ,358751,6364286,950,1965,12,83.694,m3/s
05410002,RIO ACONCAGUA EN CHACABUQUITO,5,DE VALPARAISO,LOS ANDES,0325102  ,0703034  ,358751,6364286,950,1966,1,91.603,m3/s
05410002,RIO ACONCAGUA EN CHACABUQUITO,5,DE VALPARAISO,LOS ANDES,0325102  ,0703034  ,358751,6364286,950,1966,2,46.714,m3/s
05410002,RIO ACONCAGUA EN CHACABUQUITO,5,DE VALPARAISO,LOS ANDES,0325102  ,0703034  ,358751,6364286,950,1966,3,26.619,m3/s
05410002,RIO ACONCAGUA EN CHACABUQUITO,5,DE VALPARAISO,LOS ANDES,0325102  ,0703034  ,358751,6364286,950,1966,5,11.66,m3/s
05410002,RIO ACONCAGUA EN CHACABUQUITO,5,DE VALPARAISO,LOS ANDES,0325102  ,0703034  ,358751,6364286,950,1966,6,10.96,m3/s
05410002,RIO ACONCAGUA EN CHACABUQUITO,5,DE VALPARAISO,LOS ANDES,0325102  ,0703034  ,358751,6364286,950,1966,7,13.974,m3/s
05410002,RIO ACONCAGUA EN CHACABUQUITO,5,DE VALPARAISO,LOS ANDES,0325102  ,0703034  ,358751,6364286,950,1966,8,13.419,m3/s
05410002,RIO ACONCAGUA EN CHACABUQUITO,5,DE VALPARAISO,LOS ANDES,0325102  ,0703034  ,358751,6364286,950,1966,9,20.243,m3/s
05410002,RIO ACONCAGUA EN CHACABUQUITO,5,DE VALPARAISO,LOS ANDES,0325102  ,0703034  ,358751,6364286,950,1966,10,29.174,m3/s
05410002,RIO ACONCAGUA EN CHACABUQUITO,5,DE VALPARAISO,LOS ANDES,0325102  ,0703034  ,358751,6364286,950,1966,11,52.18,m3/s
05410002,RIO ACONCAGUA EN CHACABUQUITO,5,DE VALPARAISO,LOS ANDES,0325102  ,0703034  ,358751,6364286,950,1966,12,53.345,m3/s
05410002,RIO ACONCAGUA EN CHACABUQUITO,5,DE VALPARAISO,LOS ANDES,0325102  ,0703034  ,358751,6364286,950,1967,1,46.303,m3/s
05410002,RIO ACONCAGUA EN CHACABUQUITO,5,DE VALPARAISO,LOS ANDES,0325102  ,0703034  ,358751,6364286,950,1967,2,35.596,m3/s
05410002,RIO ACONCAGUA EN CHACABUQUITO,5,DE VALPARAISO,LOS ANDES,0325102  ,0703034  ,358751,6364286,950,1967,3,20.661,m3/s
05410002,RIO ACONCAGUA EN CHACABUQUITO,5,DE VALPARAISO,LOS ANDES,0325102  ,0703034  ,358751,6364286,950,1967,4,14.047,m3/s
05410002,RIO ACONCAGUA EN CHACABUQUITO,5,DE VALPARAISO,LOS ANDES,0325102  ,0703034  ,358751,6364286,950,1967,5,10.013,m3/s
05410002,RIO ACONCAGUA EN CHACABUQUITO,5,DE VALPARAISO,LOS ANDES,0325102  ,0703034  ,358751,6364286,950,1967,6,9.963,m3/s
05410002,RIO ACONCAGUA EN CHACABUQUITO,5,DE VALPARAISO,LOS ANDES,0325102  ,0703034  ,358751,6364286,950,1967,8,6.792,m3/s
05410002,RIO ACONCAGUA EN CHACABUQUITO,5,DE VALPARAISO,LOS ANDES,0325102  ,0703034  ,358751,6364286,950,1967,9,9.09,m3/s
05410002,RIO ACONCAGUA EN CHACABUQUITO,5,DE VALPARAISO,LOS ANDES,0325102  ,0703034  ,358751,6364286,950,1967,10,16.181,m3/s
05410002,RIO ACONCAGUA EN CHACABUQUITO,5,DE VALPARAISO,LOS ANDES,0325102  ,0703034  ,358751,6364286,950,1967,11,22.193,m3/s
05410002,RIO ACONCAGUA EN CHACABUQUITO,5,DE VALPARAISO,LOS ANDES,0325102  ,0703034  ,358751,6364286,950,1967,12,33.142,m3/s
05410002,RIO ACONCAGUA EN CHACABUQUITO,5,DE VALPARAISO,LOS ANDES,0325102  ,0703034  ,358751,6364286,950,1968,1,25.803,m3/s
05410002,RIO ACONCAGUA EN CHACABUQUITO,5,DE VALPARAISO,LOS ANDES,0325102  ,0703034  ,358751,6364286,950,1968,2,22.548000000000002,m3/s
05410002,RIO ACONCAGUA EN CHACABUQUITO,5,DE VALPARAISO,LOS ANDES,0325102  ,0703034  ,358751,6364286,950,1968,3,13.961,m3/s
05410002,RIO ACONCAGUA EN CHACABUQUITO,5,DE VALPARAISO,LOS ANDES,0325102  ,0703034  ,358751,6364286,950,1968,4,9.087,m3/s
05410002,RIO ACONCAGUA EN CHACABUQUITO,5,DE VALPARAISO,LOS ANDES,0325102  ,0703034  ,358751,6364286,950,1968,5,6.955,m3/s
05410002,RIO ACONCAGUA EN CHACABUQUITO,5,DE VALPARAISO,LOS ANDES,0325102  ,0703034  ,358751,6364286,950,1968,6,6.218,m3/s
05410002,RIO ACONCAGUA EN CHACABUQUITO,5,DE VALPARAISO,LOS ANDES,0325102  ,0703034  ,358751,6364286,950,1968,7,5.924,m3/s
05410002,RIO ACONCAGUA EN CHACABUQUITO,5,DE VALPARAISO,LOS ANDES,0325102  ,0703034  ,358751,6364286,950,1968,8,5.855,m3/s
05410002,RIO ACONCAGUA EN CHACABUQUITO,5,DE VALPARAISO,LOS ANDES,0325102  ,0703034  ,358751,6364286,950,1968,9,6.576,m3/s
05410002,RIO ACONCAGUA EN CHACABUQUITO,5,DE VALPARAISO,LOS ANDES,0325102  ,0703034  ,358751,6364286,950,1968,10,7.406,m3/s
05410002,RIO ACONCAGUA EN CHACABUQUITO,5,DE VALPARAISO,LOS ANDES,0325102  ,0703034  ,358751,6364286,950,1968,11,15.483,m3/s
05410002,RIO ACONCAGUA EN CHACABUQUITO,5,DE VALPARAISO,LOS ANDES,0325102  ,0703034  ,358751,6364286,950,1968,12,16.205,m3/s
05410002,RIO ACONCAGUA EN CHACABUQUITO,5,DE VALPARAISO,LOS ANDES,0325102  ,0703034  ,358751,6364286,950,1969,1,21.868,m3/s
05410002,RIO ACONCAGUA EN CHACABUQUITO,5,DE VALPARAISO,LOS ANDES,0325102  ,0703034  ,358751,6364286,950,1969,2,19.217,m3/s
05410002,RIO ACONCAGUA EN CHACABUQUITO,5,DE VALPARAISO,LOS ANDES,0325102  ,0703034  ,358751,6364286,950,1969,3,5.92,m3/s
05410002,RIO ACONCAGUA EN CHACABUQUITO,5,DE VALPARAISO,LOS ANDES,0325102  ,0703034  ,358751,6364286,950,1969,4,6.447,m3/s
05410002,RIO ACONCAGUA EN CHACABUQUITO,5,DE VALPARAISO,LOS ANDES,0325102  ,0703034  ,358751,6364286,950,1969,5,5.595,m3/s
05410002,RIO ACONCAGUA EN CHACABUQUITO,5,DE VALPARAISO,LOS ANDES,0325102  ,0703034  ,358751,6364286,950,1969,6,7.34,m3/s
05410002,RIO ACONCAGUA EN CHACABUQUITO,5,DE VALPARAISO,LOS ANDES,0325102  ,0703034  ,358751,6364286,950,1969,7,4.875,m3/s
05410002,RIO ACONCAGUA EN CHACABUQUITO,5,DE VALPARAISO,LOS ANDES,0325102  ,0703034  ,358751,6364286,950,1969,8,6.213,m3/s
05410002,RIO ACONCAGUA EN CHACABUQUITO,5,DE VALPARAISO,LOS ANDES,0325102  ,0703034  ,358751,6364286,950,1969,9,8.722,m3/s
05410002,RIO ACONCAGUA EN CHACABUQUITO,5,DE VALPARAISO,LOS ANDES,0325102  ,0703034  ,358751,6364286,950,1969,10,11.21,m3/s
05410002,RIO ACONCAGUA EN CHACABUQUITO,5,DE VALPARAISO,LOS ANDES,0325102  ,0703034  ,358751,6364286,950,1969,11,36.157,m3/s
05410002,RIO ACONCAGUA EN CHACABUQUITO,5,DE VALPARAISO,LOS ANDES,0325102  ,0703034  ,358751,6364286,950,1969,12,71.084,m3/s
05410002,RIO ACONCAGUA EN CHACABUQUITO,5,DE VALPARAISO,LOS ANDES,0325102  ,0703034  ,358751,6364286,950,1970,1,40.839,m3/s
05410002,RIO ACONCAGUA EN CHACABUQUITO,5,DE VALPARAISO,LOS ANDES,0325102  ,0703034  ,358751,6364286,950,1970,2,31.296,m3/s
05410002,RIO ACONCAGUA EN CHACABUQUITO,5,DE VALPARAISO,LOS ANDES,0325102  ,0703034  ,358751,6364286,950,1970,3,19.045,m3/s
05410002,RIO ACONCAGUA EN CHACABUQUITO,5,DE VALPARAISO,LOS ANDES,0325102  ,0703034  ,358751,6364286,950,1970,4,11.457,m3/s
05410002,RIO ACONCAGUA EN CHACABUQUITO,5,DE VALPARAISO,LOS ANDES,0325102  ,0703034  ,358751,6364286,950,1970,5,9.448,m3/s
05410002,RIO ACONCAGUA EN CHACABUQUITO,5,DE VALPARAISO,LOS ANDES,0325102  ,0703034  ,358751,6364286,950,1970,6,8.643,m3/s
05410002,RIO ACONCAGUA EN CHACABUQUITO,5,DE VALPARAISO,LOS ANDES,0325102  ,0703034  ,358751,6364286,950,1970,7,8.821,m3/s
05410002,RIO ACONCAGUA EN CHACABUQUITO,5,DE VALPARAISO,LOS ANDES,0325102  ,0703034  ,358751,6364286,950,1970,8,10.899000000000001,m3/s
05410002,RIO ACONCAGUA EN CHACABUQUITO,5,DE VALPARAISO,LOS ANDES,0325102  ,0703034  ,358751,6364286,950,1970,9,12.463,m3/s
05410002,RIO ACONCAGUA EN CHACABUQUITO,5,DE VALPARAISO,LOS ANDES,0325102  ,0703034  ,358751,6364286,950,1970,10,23.39,m3/s
05410002,RIO ACONCAGUA EN CHACABUQUITO,5,DE VALPARAISO,LOS ANDES,0325102  ,0703034  ,358751,6364286,950,1970,11,47.279,m3/s
05410002,RIO ACONCAGUA EN CHACABUQUITO,5,DE VALPARAISO,LOS ANDES,0325102  ,0703034  ,358751,6364286,950,1970,12,46.432,m3/s
05410002,RIO ACONCAGUA EN CHACABUQUITO,5,DE VALPARAISO,LOS ANDES,0325102  ,0703034  ,358751,6364286,950,1971,1,32.229,m3/s
05410002,RIO ACONCAGUA EN CHACABUQUITO,5,DE VALPARAISO,LOS ANDES,0325102  ,0703034  ,358751,6364286,950,1971,2,26.561,m3/s
05410002,RIO ACONCAGUA EN CHACABUQUITO,5,DE VALPARAISO,LOS ANDES,0325102  ,0703034  ,358751,6364286,950,1971,3,15.268,m3/s
05410002,RIO ACONCAGUA EN CHACABUQUITO,5,DE VALPARAISO,LOS ANDES,0325102  ,0703034  ,358751,6364286,950,1971,4,9.571,m3/s
05410002,RIO ACONCAGUA EN CHACABUQUITO,5,DE VALPARAISO,LOS ANDES,0325102  ,0703034  ,358751,6364286,950,1971,5,7.411,m3/s
05410002,RIO ACONCAGUA EN CHACABUQUITO,5,DE VALPARAISO,LOS ANDES,0325102  ,0703034  ,358751,6364286,950,1971,6,5.7059999999999995,m3/s
05410002,RIO ACONCAGUA EN CHACABUQUITO,5,DE VALPARAISO,LOS ANDES,0325102  ,0703034  ,358751,6364286,950,1971,7,9.886,m3/s
05410002,RIO ACONCAGUA EN CHACABUQUITO,5,DE VALPARAISO,LOS ANDES,0325102  ,0703034  ,358751,6364286,950,1971,8,11.706,m3/s
05410002,RIO ACONCAGUA EN CHACABUQUITO,5,DE VALPARAISO,LOS ANDES,0325102  ,0703034  ,358751,6364286,950,1971,9,15.683,m3/s
05410002,RIO ACONCAGUA EN CHACABUQUITO,5,DE VALPARAISO,LOS ANDES,0325102  ,0703034  ,358751,6364286,950,1971,10,30.268,m3/s
05410002,RIO ACONCAGUA EN CHACABUQUITO,5,DE VALPARAISO,LOS ANDES,0325102  ,0703034  ,358751,6364286,950,1971,11,63.327,m3/s
05410002,RIO ACONCAGUA EN CHACABUQUITO,5,DE VALPARAISO,LOS ANDES,0325102  ,0703034  ,358751,6364286,950,1971,12,45.039,m3/s
05410002,RIO ACONCAGUA EN CHACABUQUITO,5,DE VALPARAISO,LOS ANDES,0325102  ,0703034  ,358751,6364286,950,1972,1,36.403,m3/s
05410002,RIO ACONCAGUA EN CHACABUQUITO,5,DE VALPARAISO,LOS ANDES,0325102  ,0703034  ,358751,6364286,950,1972,2,26.614,m3/s
05410002,RIO ACONCAGUA EN CHACABUQUITO,5,DE VALPARAISO,LOS ANDES,0325102  ,0703034  ,358751,6364286,950,1972,3,14.048,m3/s
05410002,RIO ACONCAGUA EN CHACABUQUITO,5,DE VALPARAISO,LOS ANDES,0325102  ,0703034  ,358751,6364286,950,1972,4,9.996,m3/s
05410002,RIO ACONCAGUA EN CHACABUQUITO,5,DE VALPARAISO,LOS ANDES,0325102  ,0703034  ,358751,6364286,950,1972,5,17.52,m3/s
05410002,RIO ACONCAGUA EN CHACABUQUITO,5,DE VALPARAISO,LOS ANDES,0325102  ,0703034  ,358751,6364286,950,1972,6,25.437,m3/s
05410002,RIO ACONCAGUA EN CHACABUQUITO,5,DE VALPARAISO,LOS ANDES,0325102  ,0703034  ,358751,6364286,950,1972,7,20.661,m3/s
05410002,RIO ACONCAGUA EN CHACABUQUITO,5,DE VALPARAISO,LOS ANDES,0325102  ,0703034  ,358751,6364286,950,1972,8,25.3,m3/s
05410002,RIO ACONCAGUA EN CHACABUQUITO,5,DE VALPARAISO,LOS ANDES,0325102  ,0703034  ,358751,6364286,950,1972,9,36.077,m3/s
05410002,RIO ACONCAGUA EN CHACABUQUITO,5,DE VALPARAISO,LOS ANDES,0325102  ,0703034  ,358751,6364286,950,1972,10,41.465,m3/s
05410002,RIO ACONCAGUA EN CHACABUQUITO,5,DE VALPARAISO,LOS ANDES,0325102  ,0703034  ,358751,6364286,950,1972,11,75.723,m3/s
05410002,RIO ACONCAGUA EN CHACABUQUITO,5,DE VALPARAISO,LOS ANDES,0325102  ,0703034  ,358751,6364286,950,1972,12,190.742,m3/s
05410002,RIO ACONCAGUA EN CHACABUQUITO,5,DE VALPARAISO,LOS ANDES,0325102  ,0703034  ,358751,6364286,950,1973,1,178.839,m3/s
05410002,RIO ACONCAGUA EN CHACABUQUITO,5,DE VALPARAISO,LOS ANDES,0325102  ,0703034  ,358751,6364286,950,1973,2,97.482,m3/s
05410002,RIO ACONCAGUA EN CHACABUQUITO,5,DE VALPARAISO,LOS ANDES,0325102  ,0703034  ,358751,6364286,950,1973,3,57.752,m3/s
05410002,RIO ACONCAGUA EN CHACABUQUITO,5,DE VALPARAISO,LOS ANDES,0325102  ,0703034  ,358751,6364286,950,1973,4,28.487,m3/s
05410002,RIO ACONCAGUA EN CHACABUQUITO,5,DE VALPARAISO,LOS ANDES,0325102  ,0703034  ,358751,6364286,950,1973,5,18.787,m3/s
05410002,RIO ACONCAGUA EN CHACABUQUITO,5,DE VALPARAISO,LOS ANDES,0325102  ,0703034  ,358751,6364286,950,1973,6,16.97,m3/s
05410002,RIO ACONCAGUA EN CHACABUQUITO,5,DE VALPARAISO,LOS ANDES,0325102  ,0703034  ,358751,6364286,950,1973,7,18.713,m3/s
05410002,RIO ACONCAGUA EN CHACABUQUITO,5,DE VALPARAISO,LOS ANDES,0325102  ,0703034  ,358751,6364286,950,1973,8,16.89,m3/s
05410002,RIO ACONCAGUA EN CHACABUQUITO,5,DE VALPARAISO,LOS ANDES,0325102  ,0703034  ,358751,6364286,950,1973,9,16.567,m3/s
05410002,RIO ACONCAGUA EN CHACABUQUITO,5,DE VALPARAISO,LOS ANDES,0325102  ,0703034  ,358751,6364286,950,1973,10,23.892,m3/s
05410002,RIO ACONCAGUA EN CHACABUQUITO,5,DE VALPARAISO,LOS ANDES,0325102  ,0703034  ,358751,6364286,950,1973,11,52.847,m3/s
05410002,RIO ACONCAGUA EN CHACABUQUITO,5,DE VALPARAISO,LOS ANDES,0325102  ,0703034  ,358751,6364286,950,1973,12,57.239,m3/s
05410002,RIO ACONCAGUA EN CHACABUQUITO,5,DE VALPARAISO,LOS ANDES,0325102  ,0703034  ,358751,6364286,950,1974,1,64.761,m3/s
05410002,RIO ACONCAGUA EN CHACABUQUITO,5,DE VALPARAISO,LOS ANDES,0325102  ,0703034  ,358751,6364286,950,1974,2,40.839,m3/s
05410002,RIO ACONCAGUA EN CHACABUQUITO,5,DE VALPARAISO,LOS ANDES,0325102  ,0703034  ,358751,6364286,950,1974,3,27.326,m3/s
05410002,RIO ACONCAGUA EN CHACABUQUITO,5,DE VALPARAISO,LOS ANDES,0325102  ,0703034  ,358751,6364286,950,1974,4,17.362,m3/s
05410002,RIO ACONCAGUA EN CHACABUQUITO,5,DE VALPARAISO,LOS ANDES,0325102  ,0703034  ,358751,6364286,950,1974,5,12.728,m3/s
05410002,RIO ACONCAGUA EN CHACABUQUITO,5,DE VALPARAISO,LOS ANDES,0325102  ,0703034  ,358751,6364286,950,1974,6,15.733,m3/s
05410002,RIO ACONCAGUA EN CHACABUQUITO,5,DE VALPARAISO,LOS ANDES,0325102  ,0703034  ,358751,6364286,950,1974,7,20.223,m3/s
05410002,RIO ACONCAGUA EN CHACABUQUITO,5,DE VALPARAISO,LOS ANDES,0325102  ,0703034  ,358751,6364286,950,1974,8,18.61,m3/s
05410002,RIO ACONCAGUA EN CHACABUQUITO,5,DE VALPARAISO,LOS ANDES,0325102  ,0703034  ,358751,6364286,950,1974,9,18.42,m3/s
05410002,RIO ACONCAGUA EN CHACABUQUITO,5,DE VALPARAISO,LOS ANDES,0325102  ,0703034  ,358751,6364286,950,1974,10,40.084,m3/s
05410002,RIO ACONCAGUA EN CHACABUQUITO,5,DE VALPARAISO,LOS ANDES,0325102  ,0703034  ,358751,6364286,950,1974,11,65.96,m3/s
05410002,RIO ACONCAGUA EN CHACABUQUITO,5,DE VALPARAISO,LOS ANDES,0325102  ,0703034  ,358751,6364286,950,1974,12,72.242,m3/s
05410002,RIO ACONCAGUA EN CHACABUQUITO,5,DE VALPARAISO,LOS ANDES,0325102  ,0703034  ,358751,6364286,950,1975,1,72.839,m3/s
05410002,RIO ACONCAGUA EN CHACABUQUITO,5,DE VALPARAISO,LOS ANDES,0325102  ,0703034  ,358751,6364286,950,1975,2,39.596,m3/s
05410002,RIO ACONCAGUA EN CHACABUQUITO,5,DE VALPARAISO,LOS ANDES,0325102  ,0703034  ,358751,6364286,950,1975,3,24.106,m3/s
05410002,RIO ACONCAGUA EN CHACABUQUITO,5,DE VALPARAISO,LOS ANDES,0325102  ,0703034  ,358751,6364286,950,1975,4,15.38,m3/s
05410002,RIO ACONCAGUA EN CHACABUQUITO,5,DE VALPARAISO,LOS ANDES,0325102  ,0703034  ,358751,6364286,950,1975,5,11.213,m3/s
05410002,RIO ACONCAGUA EN CHACABUQUITO,5,DE VALPARAISO,LOS ANDES,0325102  ,0703034  ,358751,6364286,950,1975,6,10.33,m3/s
05410002,RIO ACONCAGUA EN CHACABUQUITO,5,DE VALPARAISO,LOS ANDES,0325102  ,0703034  ,358751,6364286,950,1975,7,11.414,m3/s
05410002,RIO ACONCAGUA EN CHACABUQUITO,5,DE VALPARAISO,LOS ANDES,0325102  ,0703034  ,358751,6364286,950,1975,8,13.813,m3/s
05410002,RIO ACONCAGUA EN CHACABUQUITO,5,DE VALPARAISO,LOS ANDES,0325102  ,0703034  ,358751,6364286,950,1975,9,17.86,m3/s
05410002,RIO ACONCAGUA EN CHACABUQUITO,5,DE VALPARAISO,LOS ANDES,0325102  ,0703034  ,358751,6364286,950,1975,10,23.655,m3/s
05410002,RIO ACONCAGUA EN CHACABUQUITO,5,DE VALPARAISO,LOS ANDES,0325102  ,0703034  ,358751,6364286,950,1975,11,32.01,m3/s
05410002,RIO ACONCAGUA EN CHACABUQUITO,5,DE VALPARAISO,LOS ANDES,0325102  ,0703034  ,358751,6364286,950,1975,12,53.868,m3/s
05410002,RIO ACONCAGUA EN CHACABUQUITO,5,DE VALPARAISO,LOS ANDES,0325102  ,0703034  ,358751,6364286,950,1976,1,39.887,m3/s
05410002,RIO ACONCAGUA EN CHACABUQUITO,5,DE VALPARAISO,LOS ANDES,0325102  ,0703034  ,358751,6364286,950,1976,2,25.879,m3/s
05410002,RIO ACONCAGUA EN CHACABUQUITO,5,DE VALPARAISO,LOS ANDES,0325102  ,0703034  ,358751,6364286,950,1976,3,18.487,m3/s
05410002,RIO ACONCAGUA EN CHACABUQUITO,5,DE VALPARAISO,LOS ANDES,0325102  ,0703034  ,358751,6364286,950,1976,4,13.59,m3/s
05410002,RIO ACONCAGUA EN CHACABUQUITO,5,DE VALPARAISO,LOS ANDES,0325102  ,0703034  ,358751,6364286,950,1976,5,9.362,m3/s
05410002,RIO ACONCAGUA EN CHACABUQUITO,5,DE VALPARAISO,LOS ANDES,0325102  ,0703034  ,358751,6364286,950,1976,6,9.346,m3/s
05410002,RIO ACONCAGUA EN CHACABUQUITO,5,DE VALPARAISO,LOS ANDES,0325102  ,0703034  ,358751,6364286,950,1976,7,8.073,m3/s
05410002,RIO ACONCAGUA EN CHACABUQUITO,5,DE VALPARAISO,LOS ANDES,0325102  ,0703034  ,358751,6364286,950,1976,8,8.241,m3/s
05410002,RIO ACONCAGUA EN CHACABUQUITO,5,DE VALPARAISO,LOS ANDES,0325102  ,0703034  ,358751,6364286,950,1976,9,11.121,m3/s
05410002,RIO ACONCAGUA EN CHACABUQUITO,5,DE VALPARAISO,LOS ANDES,0325102  ,0703034  ,358751,6364286,950,1976,10,17.261,m3/s
05410002,RIO ACONCAGUA EN CHACABUQUITO,5,DE VALPARAISO,LOS ANDES,0325102  ,0703034  ,358751,6364286,950,1976,11,28.627,m3/s
05410002,RIO ACONCAGUA EN CHACABUQUITO,5,DE VALPARAISO,LOS ANDES,0325102  ,0703034  ,358751,6364286,950,1976,12,52.8,m3/s
05410002,RIO ACONCAGUA EN CHACABUQUITO,5,DE VALPARAISO,LOS ANDES,0325102  ,0703034  ,358751,6364286,950,1977,1,43.781,m3/s
05410002,RIO ACONCAGUA EN CHACABUQUITO,5,DE VALPARAISO,LOS ANDES,0325102  ,0703034  ,358751,6364286,950,1977,2,26.514,m3/s
05410002,RIO ACONCAGUA EN CHACABUQUITO,5,DE VALPARAISO,LOS ANDES,0325102  ,0703034  ,358751,6364286,950,1977,3,20.916,m3/s
05410002,RIO ACONCAGUA EN CHACABUQUITO,5,DE VALPARAISO,LOS ANDES,0325102  ,0703034  ,358751,6364286,950,1977,4,11.732,m3/s
05410002,RIO ACONCAGUA EN CHACABUQUITO,5,DE VALPARAISO,LOS ANDES,0325102  ,0703034  ,358751,6364286,950,1977,5,10.658,m3/s
05410002,RIO ACONCAGUA EN CHACABUQUITO,5,DE VALPARAISO,LOS ANDES,0325102  ,0703034  ,358751,6364286,950,1977,6,10.94,m3/s
05410002,RIO ACONCAGUA EN CHACABUQUITO,5,DE VALPARAISO,LOS ANDES,0325102  ,0703034  ,358751,6364286,950,1977,7,18.332,m3/s
05410002,RIO ACONCAGUA EN CHACABUQUITO,5,DE VALPARAISO,LOS ANDES,0325102  ,0703034  ,358751,6364286,950,1977,8,22.576,m3/s
05410002,RIO ACONCAGUA EN CHACABUQUITO,5,DE VALPARAISO,LOS ANDES,0325102  ,0703034  ,358751,6364286,950,1977,9,46.378,m3/s
05410002,RIO ACONCAGUA EN CHACABUQUITO,5,DE VALPARAISO,LOS ANDES,0325102  ,0703034  ,358751,6364286,950,1977,10,57.51,m3/s
05410002,RIO ACONCAGUA EN CHACABUQUITO,5,DE VALPARAISO,LOS ANDES,0325102  ,0703034  ,358751,6364286,950,1977,11,93.289,m3/s
05410002,RIO ACONCAGUA EN CHACABUQUITO,5,DE VALPARAISO,LOS ANDES,0325102  ,0703034  ,358751,6364286,950,1977,12,122.952,m3/s
05410002,RIO ACONCAGUA EN CHACABUQUITO,5,DE VALPARAISO,LOS ANDES,0325102  ,0703034  ,358751,6364286,950,1978,1,74.139,m3/s
05410002,RIO ACONCAGUA EN CHACABUQUITO,5,DE VALPARAISO,LOS ANDES,0325102  ,0703034  ,358751,6364286,950,1978,2,46.746,m3/s
05410002,RIO ACONCAGUA EN CHACABUQUITO,5,DE VALPARAISO,LOS ANDES,0325102  ,0703034  ,358751,6364286,950,1978,3,27.135,m3/s
05410002,RIO ACONCAGUA EN CHACABUQUITO,5,DE VALPARAISO,LOS ANDES,0325102  ,0703034  ,358751,6364286,950,1978,4,16.557,m3/s
05410002,RIO ACONCAGUA EN CHACABUQUITO,5,DE VALPARAISO,LOS ANDES,0325102  ,0703034  ,358751,6364286,950,1978,5,13.071,m3/s
05410002,RIO ACONCAGUA EN CHACABUQUITO,5,DE VALPARAISO,LOS ANDES,0325102  ,0703034  ,358751,6364286,950,1978,6,11.41,m3/s
05410002,RIO ACONCAGUA EN CHACABUQUITO,5,DE VALPARAISO,LOS ANDES,0325102  ,0703034  ,358751,6364286,950,1978,7,24.713,m3/s
05410002,RIO ACONCAGUA EN CHACABUQUITO,5,DE VALPARAISO,LOS ANDES,0325102  ,0703034  ,358751,6364286,950,1978,8,23.132,m3/s
05410002,RIO ACONCAGUA EN CHACABUQUITO,5,DE VALPARAISO,LOS ANDES,0325102  ,0703034  ,358751,6364286,950,1978,9,25.16,m3/s
05410002,RIO ACONCAGUA EN CHACABUQUITO,5,DE VALPARAISO,LOS ANDES,0325102  ,0703034  ,358751,6364286,950,1978,10,45.016,m3/s
05410002,RIO ACONCAGUA EN CHACABUQUITO,5,DE VALPARAISO,LOS ANDES,0325102  ,0703034  ,358751,6364286,950,1978,11,90.287,m3/s
05410002,RIO ACONCAGUA EN CHACABUQUITO,5,DE VALPARAISO,LOS ANDES,0325102  ,0703034  ,358751,6364286,950,1978,12,168.355,m3/s
05410002,RIO ACONCAGUA EN CHACABUQUITO,5,DE VALPARAISO,LOS ANDES,0325102  ,0703034  ,358751,6364286,950,1979,1,124.723,m3/s
05410002,RIO ACONCAGUA EN CHACABUQUITO,5,DE VALPARAISO,LOS ANDES,0325102  ,0703034  ,358751,6364286,950,1979,2,56.346,m3/s
05410002,RIO ACONCAGUA EN CHACABUQUITO,5,DE VALPARAISO,LOS ANDES,0325102  ,0703034  ,358751,6364286,950,1979,3,32.381,m3/s
05410002,RIO ACONCAGUA EN CHACABUQUITO,5,DE VALPARAISO,LOS ANDES,0325102  ,0703034  ,358751,6364286,950,1979,4,18.67,m3/s
05410002,RIO ACONCAGUA EN CHACABUQUITO,5,DE VALPARAISO,LOS ANDES,0325102  ,0703034  ,358751,6364286,950,1979,5,15.061,m3/s
05410002,RIO ACONCAGUA EN CHACABUQUITO,5,DE VALPARAISO,LOS ANDES,0325102  ,0703034  ,358751,6364286,950,1979,6,11.35,m3/s
05410002,RIO ACONCAGUA EN CHACABUQUITO,5,DE VALPARAISO,LOS ANDES,0325102  ,0703034  ,358751,6364286,950,1979,7,10.535,m3/s
05410002,RIO ACONCAGUA EN CHACABUQUITO,5,DE VALPARAISO,LOS ANDES,0325102  ,0703034  ,358751,6364286,950,1979,8,14.077,m3/s
05410002,RIO ACONCAGUA EN CHACABUQUITO,5,DE VALPARAISO,LOS ANDES,0325102  ,0703034  ,358751,6364286,950,1979,9,18.576999999999998,m3/s
05410002,RIO ACONCAGUA EN CHACABUQUITO,5,DE VALPARAISO,LOS ANDES,0325102  ,0703034  ,358751,6364286,950,1979,10,28.784,m3/s
05410002,RIO ACONCAGUA EN CHACABUQUITO,5,DE VALPARAISO,LOS ANDES,0325102  ,0703034  ,358751,6364286,950,1979,11,38.803,m3/s
05410002,RIO ACONCAGUA EN CHACABUQUITO,5,DE VALPARAISO,LOS ANDES,0325102  ,0703034  ,358751,6364286,950,1979,12,59.852,m3/s
05410002,RIO ACONCAGUA EN CHACABUQUITO,5,DE VALPARAISO,LOS ANDES,0325102  ,0703034  ,358751,6364286,950,1980,1,62.923,m3/s
05410002,RIO ACONCAGUA EN CHACABUQUITO,5,DE VALPARAISO,LOS ANDES,0325102  ,0703034  ,358751,6364286,950,1980,2,40.417,m3/s
05410002,RIO ACONCAGUA EN CHACABUQUITO,5,DE VALPARAISO,LOS ANDES,0325102  ,0703034  ,358751,6364286,950,1980,3,31.726,m3/s
05410002,RIO ACONCAGUA EN CHACABUQUITO,5,DE VALPARAISO,LOS ANDES,0325102  ,0703034  ,358751,6364286,950,1980,4,37.237,m3/s
05410002,RIO ACONCAGUA EN CHACABUQUITO,5,DE VALPARAISO,LOS ANDES,0325102  ,0703034  ,358751,6364286,950,1980,5,31.165,m3/s
05410002,RIO ACONCAGUA EN CHACABUQUITO,5,DE VALPARAISO,LOS ANDES,0325102  ,0703034  ,358751,6364286,950,1980,6,23.383,m3/s
05410002,RIO ACONCAGUA EN CHACABUQUITO,5,DE VALPARAISO,LOS ANDES,0325102  ,0703034  ,358751,6364286,950,1980,7,22.416,m3/s
05410002,RIO ACONCAGUA EN CHACABUQUITO,5,DE VALPARAISO,LOS ANDES,0325102  ,0703034  ,358751,6364286,950,1980,8,23.9,m3/s
05410002,RIO ACONCAGUA EN CHACABUQUITO,5,DE VALPARAISO,LOS ANDES,0325102  ,0703034  ,358751,6364286,950,1980,9,25.813,m3/s
05410002,RIO ACONCAGUA EN CHACABUQUITO,5,DE VALPARAISO,LOS ANDES,0325102  ,0703034  ,358751,6364286,950,1980,10,38.832,m3/s
05410002,RIO ACONCAGUA EN CHACABUQUITO,5,DE VALPARAISO,LOS ANDES,0325102  ,0703034  ,358751,6364286,950,1980,11,64.553,m3/s
05410002,RIO ACONCAGUA EN CHACABUQUITO,5,DE VALPARAISO,LOS ANDES,0325102  ,0703034  ,358751,6364286,950,1980,12,110.923,m3/s
05410002,RIO ACONCAGUA EN CHACABUQUITO,5,DE VALPARAISO,LOS ANDES,0325102  ,0703034  ,358751,6364286,950,1981,1,70.49,m3/s
05410002,RIO ACONCAGUA EN CHACABUQUITO,5,DE VALPARAISO,LOS ANDES,0325102  ,0703034  ,358751,6364286,950,1981,2,54.871,m3/s
05410002,RIO ACONCAGUA EN CHACABUQUITO,5,DE VALPARAISO,LOS ANDES,0325102  ,0703034  ,358751,6364286,950,1981,3,33.997,m3/s
05410002,RIO ACONCAGUA EN CHACABUQUITO,5,DE VALPARAISO,LOS ANDES,0325102  ,0703034  ,358751,6364286,950,1981,4,19.083,m3/s
05410002,RIO ACONCAGUA EN CHACABUQUITO,5,DE VALPARAISO,LOS ANDES,0325102  ,0703034  ,358751,6364286,950,1981,5,18.9,m3/s
05410002,RIO ACONCAGUA EN CHACABUQUITO,5,DE VALPARAISO,LOS ANDES,0325102  ,0703034  ,358751,6364286,950,1981,6,15.467,m3/s
05410002,RIO ACONCAGUA EN CHACABUQUITO,5,DE VALPARAISO,LOS ANDES,0325102  ,0703034  ,358751,6364286,950,1981,7,10.843,m3/s
05410002,RIO ACONCAGUA EN CHACABUQUITO,5,DE VALPARAISO,LOS ANDES,0325102  ,0703034  ,358751,6364286,950,1981,8,12.378,m3/s
05410002,RIO ACONCAGUA EN CHACABUQUITO,5,DE VALPARAISO,LOS ANDES,0325102  ,0703034  ,358751,6364286,950,1981,9,12.637,m3/s
05410002,RIO ACONCAGUA EN CHACABUQUITO,5,DE VALPARAISO,LOS ANDES,0325102  ,0703034  ,358751,6364286,950,1981,10,20.119,m3/s
05410002,RIO ACONCAGUA EN CHACABUQUITO,5,DE VALPARAISO,LOS ANDES,0325102  ,0703034  ,358751,6364286,950,1981,11,37.167,m3/s
05410002,RIO ACONCAGUA EN CHACABUQUITO,5,DE VALPARAISO,LOS ANDES,0325102  ,0703034  ,358751,6364286,950,1981,12,32.939,m3/s
05410002,RIO ACONCAGUA EN CHACABUQUITO,5,DE VALPARAISO,LOS ANDES,0325102  ,0703034  ,358751,6364286,950,1982,1,34.068,m3/s
05410002,RIO ACONCAGUA EN CHACABUQUITO,5,DE VALPARAISO,LOS ANDES,0325102  ,0703034  ,358751,6364286,950,1982,2,25.989,m3/s
05410002,RIO ACONCAGUA EN CHACABUQUITO,5,DE VALPARAISO,LOS ANDES,0325102  ,0703034  ,358751,6364286,950,1982,3,16.287,m3/s
05410002,RIO ACONCAGUA EN CHACABUQUITO,5,DE VALPARAISO,LOS ANDES,0325102  ,0703034  ,358751,6364286,950,1982,4,13.78,m3/s
05410002,RIO ACONCAGUA EN CHACABUQUITO,5,DE VALPARAISO,LOS ANDES,0325102  ,0703034  ,358751,6364286,950,1982,5,14.11,m3/s
05410002,RIO ACONCAGUA EN CHACABUQUITO,5,DE VALPARAISO,LOS ANDES,0325102  ,0703034  ,358751,6364286,950,1982,6,26.939,m3/s
05410002,RIO ACONCAGUA EN CHACABUQUITO,5,DE VALPARAISO,LOS ANDES,0325102  ,0703034  ,358751,6364286,950,1982,7,39.552,m3/s
05410002,RIO ACONCAGUA EN CHACABUQUITO,5,DE VALPARAISO,LOS ANDES,0325102  ,0703034  ,358751,6364286,950,1982,8,33.271,m3/s
05410002,RIO ACONCAGUA EN CHACABUQUITO,5,DE VALPARAISO,LOS ANDES,0325102  ,0703034  ,358751,6364286,950,1982,9,44.91,m3/s
05410002,RIO ACONCAGUA EN CHACABUQUITO,5,DE VALPARAISO,LOS ANDES,0325102  ,0703034  ,358751,6364286,950,1982,10,50.855,m3/s
05410002,RIO ACONCAGUA EN CHACABUQUITO,5,DE VALPARAISO,LOS ANDES,0325102  ,0703034  ,358751,6364286,950,1982,11,88.783,m3/s
05410002,RIO ACONCAGUA EN CHACABUQUITO,5,DE VALPARAISO,LOS ANDES,0325102  ,0703034  ,358751,6364286,950,1982,12,180.248,m3/s
05410002,RIO ACONCAGUA EN CHACABUQUITO,5,DE VALPARAISO,LOS ANDES,0325102  ,0703034  ,358751,6364286,950,1983,1,167.226,m3/s
05410002,RIO ACONCAGUA EN CHACABUQUITO,5,DE VALPARAISO,LOS ANDES,0325102  ,0703034  ,358751,6364286,950,1983,2,112.8,m3/s
05410002,RIO ACONCAGUA EN CHACABUQUITO,5,DE VALPARAISO,LOS ANDES,0325102  ,0703034  ,358751,6364286,950,1983,3,55.632,m3/s
05410002,RIO ACONCAGUA EN CHACABUQUITO,5,DE VALPARAISO,LOS ANDES,0325102  ,0703034  ,358751,6364286,950,1983,4,29.397,m3/s
05410002,RIO ACONCAGUA EN CHACABUQUITO,5,DE VALPARAISO,LOS ANDES,0325102  ,0703034  ,358751,6364286,950,1983,5,18.994,m3/s
05410002,RIO ACONCAGUA EN CHACABUQUITO,5,DE VALPARAISO,LOS ANDES,0325102  ,0703034  ,358751,6364286,950,1983,6,15.413,m3/s
05410002,RIO ACONCAGUA EN CHACABUQUITO,5,DE VALPARAISO,LOS ANDES,0325102  ,0703034  ,358751,6364286,950,1983,7,17.742,m3/s
05410002,RIO ACONCAGUA EN CHACABUQUITO,5,DE VALPARAISO,LOS ANDES,0325102  ,0703034  ,358751,6364286,950,1983,8,19.771,m3/s
05410002,RIO ACONCAGUA EN CHACABUQUITO,5,DE VALPARAISO,LOS ANDES,0325102  ,0703034  ,358751,6364286,950,1983,9,20.163,m3/s
05410002,RIO ACONCAGUA EN CHACABUQUITO,5,DE VALPARAISO,LOS ANDES,0325102  ,0703034  ,358751,6364286,950,1983,10,52.365,m3/s
05410002,RIO ACONCAGUA EN CHACABUQUITO,5,DE VALPARAISO,LOS ANDES,0325102  ,0703034  ,358751,6364286,950,1983,11,94.197,m3/s
05410002,RIO ACONCAGUA EN CHACABUQUITO,5,DE VALPARAISO,LOS ANDES,0325102  ,0703034  ,358751,6364286,950,1983,12,116.439,m3/s
05410002,RIO ACONCAGUA EN CHACABUQUITO,5,DE VALPARAISO,LOS ANDES,0325102  ,0703034  ,358751,6364286,950,1984,1,75.09,m3/s
05410002,RIO ACONCAGUA EN CHACABUQUITO,5,DE VALPARAISO,LOS ANDES,0325102  ,0703034  ,358751,6364286,950,1984,2,49.693,m3/s
05410002,RIO ACONCAGUA EN CHACABUQUITO,5,DE VALPARAISO,LOS ANDES,0325102  ,0703034  ,358751,6364286,950,1984,3,26.532,m3/s
05410002,RIO ACONCAGUA EN CHACABUQUITO,5,DE VALPARAISO,LOS ANDES,0325102  ,0703034  ,358751,6364286,950,1984,4,17.277,m3/s
05410002,RIO ACONCAGUA EN CHACABUQUITO,5,DE VALPARAISO,LOS ANDES,0325102  ,0703034  ,358751,6364286,950,1984,5,12.697,m3/s
05410002,RIO ACONCAGUA EN CHACABUQUITO,5,DE VALPARAISO,LOS ANDES,0325102  ,0703034  ,358751,6364286,950,1984,6,10.035,m3/s
05410002,RIO ACONCAGUA EN CHACABUQUITO,5,DE VALPARAISO,LOS ANDES,0325102  ,0703034  ,358751,6364286,950,1984,7,17.307,m3/s
05410002,RIO ACONCAGUA EN CHACABUQUITO,5,DE VALPARAISO,LOS ANDES,0325102  ,0703034  ,358751,6364286,950,1984,8,18.597,m3/s
05410002,RIO ACONCAGUA EN CHACABUQUITO,5,DE VALPARAISO,LOS ANDES,0325102  ,0703034  ,358751,6364286,950,1984,9,24.907,m3/s
05410002,RIO ACONCAGUA EN CHACABUQUITO,5,DE VALPARAISO,LOS ANDES,0325102  ,0703034  ,358751,6364286,950,1984,10,66.677,m3/s
05410002,RIO ACONCAGUA EN CHACABUQUITO,5,DE VALPARAISO,LOS ANDES,0325102  ,0703034  ,358751,6364286,950,1984,11,90.743,m3/s
05410002,RIO ACONCAGUA EN CHACABUQUITO,5,DE VALPARAISO,LOS ANDES,0325102  ,0703034  ,358751,6364286,950,1984,12,118.377,m3/s
05410002,RIO ACONCAGUA EN CHACABUQUITO,5,DE VALPARAISO,LOS ANDES,0325102  ,0703034  ,358751,6364286,950,1985,1,100.919,m3/s
05410002,RIO ACONCAGUA EN CHACABUQUITO,5,DE VALPARAISO,LOS ANDES,0325102  ,0703034  ,358751,6364286,950,1985,2,63.211,m3/s
05410002,RIO ACONCAGUA EN CHACABUQUITO,5,DE VALPARAISO,LOS ANDES,0325102  ,0703034  ,358751,6364286,950,1985,3,45.832,m3/s
05410002,RIO ACONCAGUA EN CHACABUQUITO,5,DE VALPARAISO,LOS ANDES,0325102  ,0703034  ,358751,6364286,950,1985,4,24.04,m3/s
05410002,RIO ACONCAGUA EN CHACABUQUITO,5,DE VALPARAISO,LOS ANDES,0325102  ,0703034  ,358751,6364286,950,1985,5,18.929,m3/s
05410002,RIO ACONCAGUA EN CHACABUQUITO,5,DE VALPARAISO,LOS ANDES,0325102  ,0703034  ,358751,6364286,950,1985,6,15.31,m3/s
05410002,RIO ACONCAGUA EN CHACABUQUITO,5,DE VALPARAISO,LOS ANDES,0325102  ,0703034  ,358751,6364286,950,1985,7,16.187,m3/s
05410002,RIO ACONCAGUA EN CHACABUQUITO,5,DE VALPARAISO,LOS ANDES,0325102  ,0703034  ,358751,6364286,950,1985,8,14.506,m3/s
05410002,RIO ACONCAGUA EN CHACABUQUITO,5,DE VALPARAISO,LOS ANDES,0325102  ,0703034  ,358751,6364286,950,1985,9,14.517,m3/s
05410002,RIO ACONCAGUA EN CHACABUQUITO,5,DE VALPARAISO,LOS ANDES,0325102  ,0703034  ,358751,6364286,950,1985,10,20.974,m3/s
05410002,RIO ACONCAGUA EN CHACABUQUITO,5,DE VALPARAISO,LOS ANDES,0325102  ,0703034  ,358751,6364286,950,1985,11,58.083,m3/s
05410002,RIO ACONCAGUA EN CHACABUQUITO,5,DE VALPARAISO,LOS ANDES,0325102  ,0703034  ,358751,6364286,950,1985,12,57.435,m3/s
05410002,RIO ACONCAGUA EN CHACABUQUITO,5,DE VALPARAISO,LOS ANDES,0325102  ,0703034  ,358751,6364286,950,1986,1,45.11,m3/s
05410002,RIO ACONCAGUA EN CHACABUQUITO,5,DE VALPARAISO,LOS ANDES,0325102  ,0703034  ,358751,6364286,950,1986,2,34.586,m3/s
05410002,RIO ACONCAGUA EN CHACABUQUITO,5,DE VALPARAISO,LOS ANDES,0325102  ,0703034  ,358751,6364286,950,1986,3,23.268,m3/s
05410002,RIO ACONCAGUA EN CHACABUQUITO,5,DE VALPARAISO,LOS ANDES,0325102  ,0703034  ,358751,6364286,950,1986,4,16.267,m3/s
05410002,RIO ACONCAGUA EN CHACABUQUITO,5,DE VALPARAISO,LOS ANDES,0325102  ,0703034  ,358751,6364286,950,1986,5,14.448,m3/s
05410002,RIO ACONCAGUA EN CHACABUQUITO,5,DE VALPARAISO,LOS ANDES,0325102  ,0703034  ,358751,6364286,950,1986,6,47.607,m3/s
05410002,RIO ACONCAGUA EN CHACABUQUITO,5,DE VALPARAISO,LOS ANDES,0325102  ,0703034  ,358751,6364286,950,1986,7,24.913,m3/s
05410002,RIO ACONCAGUA EN CHACABUQUITO,5,DE VALPARAISO,LOS ANDES,0325102  ,0703034  ,358751,6364286,950,1986,8,22.229,m3/s
05410002,RIO ACONCAGUA EN CHACABUQUITO,5,DE VALPARAISO,LOS ANDES,0325102  ,0703034  ,358751,6364286,950,1986,9,25.63,m3/s
05410002,RIO ACONCAGUA EN CHACABUQUITO,5,DE VALPARAISO,LOS ANDES,0325102  ,0703034  ,358751,6364286,950,1986,10,41.958,m3/s
05410002,RIO ACONCAGUA EN CHACABUQUITO,5,DE VALPARAISO,LOS ANDES,0325102  ,0703034  ,358751,6364286,950,1986,11,78.32,m3/s
05410002,RIO ACONCAGUA EN CHACABUQUITO,5,DE VALPARAISO,LOS ANDES,0325102  ,0703034  ,358751,6364286,950,1986,12,148.313,m3/s
05410002,RIO ACONCAGUA EN CHACABUQUITO,5,DE VALPARAISO,LOS ANDES,0325102  ,0703034  ,358751,6364286,950,1987,1,100.613,m3/s
05410002,RIO ACONCAGUA EN CHACABUQUITO,5,DE VALPARAISO,LOS ANDES,0325102  ,0703034  ,358751,6364286,950,1987,2,61.475,m3/s
05410002,RIO ACONCAGUA EN CHACABUQUITO,5,DE VALPARAISO,LOS ANDES,0325102  ,0703034  ,358751,6364286,950,1987,3,37.665,m3/s
05410002,RIO ACONCAGUA EN CHACABUQUITO,5,DE VALPARAISO,LOS ANDES,0325102  ,0703034  ,358751,6364286,950,1987,4,19.233,m3/s
05410002,RIO ACONCAGUA EN CHACABUQUITO,5,DE VALPARAISO,LOS ANDES,0325102  ,0703034  ,358751,6364286,950,1987,5,14.494,m3/s
05410002,RIO ACONCAGUA EN CHACABUQUITO,5,DE VALPARAISO,LOS ANDES,0325102  ,0703034  ,358751,6364286,950,1987,6,17.787,m3/s
05410002,RIO ACONCAGUA EN CHACABUQUITO,5,DE VALPARAISO,LOS ANDES,0325102  ,0703034  ,358751,6364286,950,1987,7,39.761,m3/s
05410002,RIO ACONCAGUA EN CHACABUQUITO,5,DE VALPARAISO,LOS ANDES,0325102  ,0703034  ,358751,6364286,950,1987,8,49.952,m3/s
05410002,RIO ACONCAGUA EN CHACABUQUITO,5,DE VALPARAISO,LOS ANDES,0325102  ,0703034  ,358751,6364286,950,1987,9,35.553,m3/s
05410002,RIO ACONCAGUA EN CHACABUQUITO,5,DE VALPARAISO,LOS ANDES,0325102  ,0703034  ,358751,6364286,950,1987,10,55.052,m3/s
05410002,RIO ACONCAGUA EN CHACABUQUITO,5,DE VALPARAISO,LOS ANDES,0325102  ,0703034  ,358751,6364286,950,1987,11,146.783,m3/s
05410002,RIO ACONCAGUA EN CHACABUQUITO,5,DE VALPARAISO,LOS ANDES,0325102  ,0703034  ,358751,6364286,950,1987,12,176.065,m3/s
05410002,RIO ACONCAGUA EN CHACABUQUITO,5,DE VALPARAISO,LOS ANDES,0325102  ,0703034  ,358751,6364286,950,1988,1,149.871,m3/s
05410002,RIO ACONCAGUA EN CHACABUQUITO,5,DE VALPARAISO,LOS ANDES,0325102  ,0703034  ,358751,6364286,950,1988,2,78.466,m3/s
05410002,RIO ACONCAGUA EN CHACABUQUITO,5,DE VALPARAISO,LOS ANDES,0325102  ,0703034  ,358751,6364286,950,1988,3,43.245,m3/s
05410002,RIO ACONCAGUA EN CHACABUQUITO,5,DE VALPARAISO,LOS ANDES,0325102  ,0703034  ,358751,6364286,950,1988,4,24.163,m3/s
05410002,RIO ACONCAGUA EN CHACABUQUITO,5,DE VALPARAISO,LOS ANDES,0325102  ,0703034  ,358751,6364286,950,1988,5,15.161,m3/s
05410002,RIO ACONCAGUA EN CHACABUQUITO,5,DE VALPARAISO,LOS ANDES,0325102  ,0703034  ,358751,6364286,950,1988,6,10.954,m3/s
05410002,RIO ACONCAGUA EN CHACABUQUITO,5,DE VALPARAISO,LOS ANDES,0325102  ,0703034  ,358751,6364286,950,1988,7,9.468,m3/s
05410002,RIO ACONCAGUA EN CHACABUQUITO,5,DE VALPARAISO,LOS ANDES,0325102  ,0703034  ,358751,6364286,950,1988,8,10.448,m3/s
05410002,RIO ACONCAGUA EN CHACABUQUITO,5,DE VALPARAISO,LOS ANDES,0325102  ,0703034  ,358751,6364286,950,1988,9,10.509,m3/s
05410002,RIO ACONCAGUA EN CHACABUQUITO,5,DE VALPARAISO,LOS ANDES,0325102  ,0703034  ,358751,6364286,950,1988,10,18.394,m3/s
05410002,RIO ACONCAGUA EN CHACABUQUITO,5,DE VALPARAISO,LOS ANDES,0325102  ,0703034  ,358751,6364286,950,1988,11,32.637,m3/s
05410002,RIO ACONCAGUA EN CHACABUQUITO,5,DE VALPARAISO,LOS ANDES,0325102  ,0703034  ,358751,6364286,950,1988,12,31.719,m3/s
05410002,RIO ACONCAGUA EN CHACABUQUITO,5,DE VALPARAISO,LOS ANDES,0325102  ,0703034  ,358751,6364286,950,1989,1,31.084,m3/s
05410002,RIO ACONCAGUA EN CHACABUQUITO,5,DE VALPARAISO,LOS ANDES,0325102  ,0703034  ,358751,6364286,950,1989,2,29.204,m3/s
05410002,RIO ACONCAGUA EN CHACABUQUITO,5,DE VALPARAISO,LOS ANDES,0325102  ,0703034  ,358751,6364286,950,1989,3,17.41,m3/s
05410002,RIO ACONCAGUA EN CHACABUQUITO,5,DE VALPARAISO,LOS ANDES,0325102  ,0703034  ,358751,6364286,950,1989,4,10.718,m3/s
05410002,RIO ACONCAGUA EN CHACABUQUITO,5,DE VALPARAISO,LOS ANDES,0325102  ,0703034  ,358751,6364286,950,1989,5,9.053,m3/s
05410002,RIO ACONCAGUA EN CHACABUQUITO,5,DE VALPARAISO,LOS ANDES,0325102  ,0703034  ,358751,6364286,950,1989,6,6.47,m3/s
05410002,RIO ACONCAGUA EN CHACABUQUITO,5,DE VALPARAISO,LOS ANDES,0325102  ,0703034  ,358751,6364286,950,1989,7,6.687,m3/s
05410002,RIO ACONCAGUA EN CHACABUQUITO,5,DE VALPARAISO,LOS ANDES,0325102  ,0703034  ,358751,6364286,950,1989,8,14.715,m3/s
05410002,RIO ACONCAGUA EN CHACABUQUITO,5,DE VALPARAISO,LOS ANDES,0325102  ,0703034  ,358751,6364286,950,1989,9,23.03,m3/s
05410002,RIO ACONCAGUA EN CHACABUQUITO,5,DE VALPARAISO,LOS ANDES,0325102  ,0703034  ,358751,6364286,950,1989,10,38.5,m3/s
05410002,RIO ACONCAGUA EN CHACABUQUITO,5,DE VALPARAISO,LOS ANDES,0325102  ,0703034  ,358751,6364286,950,1989,11,77.97,m3/s
05410002,RIO ACONCAGUA EN CHACABUQUITO,5,DE VALPARAISO,LOS ANDES,0325102  ,0703034  ,358751,6364286,950,1989,12,58.261,m3/s
05410002,RIO ACONCAGUA EN CHACABUQUITO,5,DE VALPARAISO,LOS ANDES,0325102  ,0703034  ,358751,6364286,950,1990,1,36.332,m3/s
05410002,RIO ACONCAGUA EN CHACABUQUITO,5,DE VALPARAISO,LOS ANDES,0325102  ,0703034  ,358751,6364286,950,1990,2,25.821,m3/s
05410002,RIO ACONCAGUA EN CHACABUQUITO,5,DE VALPARAISO,LOS ANDES,0325102  ,0703034  ,358751,6364286,950,1990,3,16.748,m3/s
05410002,RIO ACONCAGUA EN CHACABUQUITO,5,DE VALPARAISO,LOS ANDES,0325102  ,0703034  ,358751,6364286,950,1990,4,10.51,m3/s
05410002,RIO ACONCAGUA EN CHACABUQUITO,5,DE VALPARAISO,LOS ANDES,0325102  ,0703034  ,358751,6364286,950,1990,5,7.683,m3/s
05410002,RIO ACONCAGUA EN CHACABUQUITO,5,DE VALPARAISO,LOS ANDES,0325102  ,0703034  ,358751,6364286,950,1990,6,7.145,m3/s
05410002,RIO ACONCAGUA EN CHACABUQUITO,5,DE VALPARAISO,LOS ANDES,0325102  ,0703034  ,358751,6364286,950,1990,7,7.012,m3/s
05410002,RIO ACONCAGUA EN CHACABUQUITO,5,DE VALPARAISO,LOS ANDES,0325102  ,0703034  ,358751,6364286,950,1990,8,7.246,m3/s
05410002,RIO ACONCAGUA EN CHACABUQUITO,5,DE VALPARAISO,LOS ANDES,0325102  ,0703034  ,358751,6364286,950,1990,9,11.44,m3/s
05410002,RIO ACONCAGUA EN CHACABUQUITO,5,DE VALPARAISO,LOS ANDES,0325102  ,0703034  ,358751,6364286,950,1990,10,18.971,m3/s
05410002,RIO ACONCAGUA EN CHACABUQUITO,5,DE VALPARAISO,LOS ANDES,0325102  ,0703034  ,358751,6364286,950,1990,11,33.487,m3/s
05410002,RIO ACONCAGUA EN CHACABUQUITO,5,DE VALPARAISO,LOS ANDES,0325102  ,0703034  ,358751,6364286,950,1990,12,29.461,m3/s
05410002,RIO ACONCAGUA EN CHACABUQUITO,5,DE VALPARAISO,LOS ANDES,0325102  ,0703034  ,358751,6364286,950,1991,1,25.461,m3/s
05410002,RIO ACONCAGUA EN CHACABUQUITO,5,DE VALPARAISO,LOS ANDES,0325102  ,0703034  ,358751,6364286,950,1991,2,20.196,m3/s
05410002,RIO ACONCAGUA EN CHACABUQUITO,5,DE VALPARAISO,LOS ANDES,0325102  ,0703034  ,358751,6364286,950,1991,3,15.697,m3/s
05410002,RIO ACONCAGUA EN CHACABUQUITO,5,DE VALPARAISO,LOS ANDES,0325102  ,0703034  ,358751,6364286,950,1991,4,11.896,m3/s
05410002,RIO ACONCAGUA EN CHACABUQUITO,5,DE VALPARAISO,LOS ANDES,0325102  ,0703034  ,358751,6364286,950,1991,5,13.628,m3/s
05410002,RIO ACONCAGUA EN CHACABUQUITO,5,DE VALPARAISO,LOS ANDES,0325102  ,0703034  ,358751,6364286,950,1991,6,16.243,m3/s
05410002,RIO ACONCAGUA EN CHACABUQUITO,5,DE VALPARAISO,LOS ANDES,0325102  ,0703034  ,358751,6364286,950,1991,7,27.448,m3/s
05410002,RIO ACONCAGUA EN CHACABUQUITO,5,DE VALPARAISO,LOS ANDES,0325102  ,0703034  ,358751,6364286,950,1991,8,20.806,m3/s
05410002,RIO ACONCAGUA EN CHACABUQUITO,5,DE VALPARAISO,LOS ANDES,0325102  ,0703034  ,358751,6364286,950,1991,9,33.91,m3/s
05410002,RIO ACONCAGUA EN CHACABUQUITO,5,DE VALPARAISO,LOS ANDES,0325102  ,0703034  ,358751,6364286,950,1991,10,38.248,m3/s
05410002,RIO ACONCAGUA EN CHACABUQUITO,5,DE VALPARAISO,LOS ANDES,0325102  ,0703034  ,358751,6364286,950,1991,11,77.613,m3/s
05410002,RIO ACONCAGUA EN CHACABUQUITO,5,DE VALPARAISO,LOS ANDES,0325102  ,0703034  ,358751,6364286,950,1991,12,85.119,m3/s
05410002,RIO ACONCAGUA EN CHACABUQUITO,5,DE VALPARAISO,LOS ANDES,0325102  ,0703034  ,358751,6364286,950,1992,1,80.219,m3/s
05410002,RIO ACONCAGUA EN CHACABUQUITO,5,DE VALPARAISO,LOS ANDES,0325102  ,0703034  ,358751,6364286,950,1992,2,48.99,m3/s
05410002,RIO ACONCAGUA EN CHACABUQUITO,5,DE VALPARAISO,LOS ANDES,0325102  ,0703034  ,358751,6364286,950,1992,3,32.758,m3/s
05410002,RIO ACONCAGUA EN CHACABUQUITO,5,DE VALPARAISO,LOS ANDES,0325102  ,0703034  ,358751,6364286,950,1992,4,18.953,m3/s
05410002,RIO ACONCAGUA EN CHACABUQUITO,5,DE VALPARAISO,LOS ANDES,0325102  ,0703034  ,358751,6364286,950,1992,5,16.671,m3/s
05410002,RIO ACONCAGUA EN CHACABUQUITO,5,DE VALPARAISO,LOS ANDES,0325102  ,0703034  ,358751,6364286,950,1992,6,21.077,m3/s
05410002,RIO ACONCAGUA EN CHACABUQUITO,5,DE VALPARAISO,LOS ANDES,0325102  ,0703034  ,358751,6364286,950,1992,7,17.681,m3/s
05410002,RIO ACONCAGUA EN CHACABUQUITO,5,DE VALPARAISO,LOS ANDES,0325102  ,0703034  ,358751,6364286,950,1992,8,16.535,m3/s
05410002,RIO ACONCAGUA EN CHACABUQUITO,5,DE VALPARAISO,LOS ANDES,0325102  ,0703034  ,358751,6364286,950,1992,9,21.97,m3/s
05410002,RIO ACONCAGUA EN CHACABUQUITO,5,DE VALPARAISO,LOS ANDES,0325102  ,0703034  ,358751,6364286,950,1992,10,41.381,m3/s
05410002,RIO ACONCAGUA EN CHACABUQUITO,5,DE VALPARAISO,LOS ANDES,0325102  ,0703034  ,358751,6364286,950,1992,11,65.857,m3/s
05410002,RIO ACONCAGUA EN CHACABUQUITO,5,DE VALPARAISO,LOS ANDES,0325102  ,0703034  ,358751,6364286,950,1992,12,74.671,m3/s
05410002,RIO ACONCAGUA EN CHACABUQUITO,5,DE VALPARAISO,LOS ANDES,0325102  ,0703034  ,358751,6364286,950,1993,1,64.994,m3/s
05410002,RIO ACONCAGUA EN CHACABUQUITO,5,DE VALPARAISO,LOS ANDES,0325102  ,0703034  ,358751,6364286,950,1993,2,38.036,m3/s
05410002,RIO ACONCAGUA EN CHACABUQUITO,5,DE VALPARAISO,LOS ANDES,0325102  ,0703034  ,358751,6364286,950,1993,3,26.248,m3/s
05410002,RIO ACONCAGUA EN CHACABUQUITO,5,DE VALPARAISO,LOS ANDES,0325102  ,0703034  ,358751,6364286,950,1993,4,19.817,m3/s
05410002,RIO ACONCAGUA EN CHACABUQUITO,5,DE VALPARAISO,LOS ANDES,0325102  ,0703034  ,358751,6364286,950,1993,5,43.253,m3/s
05410002,RIO ACONCAGUA EN CHACABUQUITO,5,DE VALPARAISO,LOS ANDES,0325102  ,0703034  ,358751,6364286,950,1993,6,32.013,m3/s
05410002,RIO ACONCAGUA EN CHACABUQUITO,5,DE VALPARAISO,LOS ANDES,0325102  ,0703034  ,358751,6364286,950,1993,7,16.258,m3/s
05410002,RIO ACONCAGUA EN CHACABUQUITO,5,DE VALPARAISO,LOS ANDES,0325102  ,0703034  ,358751,6364286,950,1993,8,14.568,m3/s
05410002,RIO ACONCAGUA EN CHACABUQUITO,5,DE VALPARAISO,LOS ANDES,0325102  ,0703034  ,358751,6364286,950,1993,9,17.457,m3/s
05410002,RIO ACONCAGUA EN CHACABUQUITO,5,DE VALPARAISO,LOS ANDES,0325102  ,0703034  ,358751,6364286,950,1993,10,27.668,m3/s
05410002,RIO ACONCAGUA EN CHACABUQUITO,5,DE VALPARAISO,LOS ANDES,0325102  ,0703034  ,358751,6364286,950,1993,11,45.647,m3/s
05410002,RIO ACONCAGUA EN CHACABUQUITO,5,DE VALPARAISO,LOS ANDES,0325102  ,0703034  ,358751,6364286,950,1993,12,54.481,m3/s
05410002,RIO ACONCAGUA EN CHACABUQUITO,5,DE VALPARAISO,LOS ANDES,0325102  ,0703034  ,358751,6364286,950,1994,1,44.126,m3/s
05410002,RIO ACONCAGUA EN CHACABUQUITO,5,DE VALPARAISO,LOS ANDES,0325102  ,0703034  ,358751,6364286,950,1994,2,26.954,m3/s
05410002,RIO ACONCAGUA EN CHACABUQUITO,5,DE VALPARAISO,LOS ANDES,0325102  ,0703034  ,358751,6364286,950,1994,3,21.742,m3/s
05410002,RIO ACONCAGUA EN CHACABUQUITO,5,DE VALPARAISO,LOS ANDES,0325102  ,0703034  ,358751,6364286,950,1994,4,13.747,m3/s
05410002,RIO ACONCAGUA EN CHACABUQUITO,5,DE VALPARAISO,LOS ANDES,0325102  ,0703034  ,358751,6364286,950,1994,5,11.515,m3/s
05410002,RIO ACONCAGUA EN CHACABUQUITO,5,DE VALPARAISO,LOS ANDES,0325102  ,0703034  ,358751,6364286,950,1994,6,10.517,m3/s
05410002,RIO ACONCAGUA EN CHACABUQUITO,5,DE VALPARAISO,LOS ANDES,0325102  ,0703034  ,358751,6364286,950,1994,7,11.723,m3/s
05410002,RIO ACONCAGUA EN CHACABUQUITO,5,DE VALPARAISO,LOS ANDES,0325102  ,0703034  ,358751,6364286,950,1994,8,14.594,m3/s
05410002,RIO ACONCAGUA EN CHACABUQUITO,5,DE VALPARAISO,LOS ANDES,0325102  ,0703034  ,358751,6364286,950,1994,9,18.74,m3/s
05410002,RIO ACONCAGUA EN CHACABUQUITO,5,DE VALPARAISO,LOS ANDES,0325102  ,0703034  ,358751,6364286,950,1994,10,24.565,m3/s
05410002,RIO ACONCAGUA EN CHACABUQUITO,5,DE VALPARAISO,LOS ANDES,0325102  ,0703034  ,358751,6364286,950,1994,11,50.163,m3/s
05410002,RIO ACONCAGUA EN CHACABUQUITO,5,DE VALPARAISO,LOS ANDES,0325102  ,0703034  ,358751,6364286,950,1994,12,56.816,m3/s
05410002,RIO ACONCAGUA EN CHACABUQUITO,5,DE VALPARAISO,LOS ANDES,0325102  ,0703034  ,358751,6364286,950,1995,1,39.523,m3/s
05410002,RIO ACONCAGUA EN CHACABUQUITO,5,DE VALPARAISO,LOS ANDES,0325102  ,0703034  ,358751,6364286,950,1995,2,25.982,m3/s
05410002,RIO ACONCAGUA EN CHACABUQUITO,5,DE VALPARAISO,LOS ANDES,0325102  ,0703034  ,358751,6364286,950,1995,3,18.206,m3/s
05410002,RIO ACONCAGUA EN CHACABUQUITO,5,DE VALPARAISO,LOS ANDES,0325102  ,0703034  ,358751,6364286,950,1995,4,13.111,m3/s
05410002,RIO ACONCAGUA EN CHACABUQUITO,5,DE VALPARAISO,LOS ANDES,0325102  ,0703034  ,358751,6364286,950,1995,5,11.858,m3/s
05410002,RIO ACONCAGUA EN CHACABUQUITO,5,DE VALPARAISO,LOS ANDES,0325102  ,0703034  ,358751,6364286,950,1995,6,10.832,m3/s
05410002,RIO ACONCAGUA EN CHACABUQUITO,5,DE VALPARAISO,LOS ANDES,0325102  ,0703034  ,358751,6364286,950,1995,7,10.497,m3/s
05410002,RIO ACONCAGUA EN CHACABUQUITO,5,DE VALPARAISO,LOS ANDES,0325102  ,0703034  ,358751,6364286,950,1995,8,9.905,m3/s
05410002,RIO ACONCAGUA EN CHACABUQUITO,5,DE VALPARAISO,LOS ANDES,0325102  ,0703034  ,358751,6364286,950,1995,9,15.997,m3/s
05410002,RIO ACONCAGUA EN CHACABUQUITO,5,DE VALPARAISO,LOS ANDES,0325102  ,0703034  ,358751,6364286,950,1995,10,18.375,m3/s
05410002,RIO ACONCAGUA EN CHACABUQUITO,5,DE VALPARAISO,LOS ANDES,0325102  ,0703034  ,358751,6364286,950,1995,11,42.563,m3/s
05410002,RIO ACONCAGUA EN CHACABUQUITO,5,DE VALPARAISO,LOS ANDES,0325102  ,0703034  ,358751,6364286,950,1995,12,39.142,m3/s
05410002,RIO ACONCAGUA EN CHACABUQUITO,5,DE VALPARAISO,LOS ANDES,0325102  ,0703034  ,358751,6364286,950,1996,1,25.935,m3/s
05410002,RIO ACONCAGUA EN CHACABUQUITO,5,DE VALPARAISO,LOS ANDES,0325102  ,0703034  ,358751,6364286,950,1996,2,22.741,m3/s
05410002,RIO ACONCAGUA EN CHACABUQUITO,5,DE VALPARAISO,LOS ANDES,0325102  ,0703034  ,358751,6364286,950,1996,3,18.99,m3/s
05410002,RIO ACONCAGUA EN CHACABUQUITO,5,DE VALPARAISO,LOS ANDES,0325102  ,0703034  ,358751,6364286,950,1996,4,11.850999999999999,m3/s
05410002,RIO ACONCAGUA EN CHACABUQUITO,5,DE VALPARAISO,LOS ANDES,0325102  ,0703034  ,358751,6364286,950,1996,5,9.133,m3/s
05410002,RIO ACONCAGUA EN CHACABUQUITO,5,DE VALPARAISO,LOS ANDES,0325102  ,0703034  ,358751,6364286,950,1996,6,8.04,m3/s
05410002,RIO ACONCAGUA EN CHACABUQUITO,5,DE VALPARAISO,LOS ANDES,0325102  ,0703034  ,358751,6364286,950,1996,7,7.406,m3/s
05410002,RIO ACONCAGUA EN CHACABUQUITO,5,DE VALPARAISO,LOS ANDES,0325102  ,0703034  ,358751,6364286,950,1996,8,6.516,m3/s
05410002,RIO ACONCAGUA EN CHACABUQUITO,5,DE VALPARAISO,LOS ANDES,0325102  ,0703034  ,358751,6364286,950,1996,9,6.5649999999999995,m3/s
05410002,RIO ACONCAGUA EN CHACABUQUITO,5,DE VALPARAISO,LOS ANDES,0325102  ,0703034  ,358751,6364286,950,1996,10,8.957,m3/s
05410002,RIO ACONCAGUA EN CHACABUQUITO,5,DE VALPARAISO,LOS ANDES,0325102  ,0703034  ,358751,6364286,950,1996,11,12.112,m3/s
05410002,RIO ACONCAGUA EN CHACABUQUITO,5,DE VALPARAISO,LOS ANDES,0325102  ,0703034  ,358751,6364286,950,1996,12,14.498,m3/s
05410002,RIO ACONCAGUA EN CHACABUQUITO,5,DE VALPARAISO,LOS ANDES,0325102  ,0703034  ,358751,6364286,950,1997,1,19.481,m3/s
05410002,RIO ACONCAGUA EN CHACABUQUITO,5,DE VALPARAISO,LOS ANDES,0325102  ,0703034  ,358751,6364286,950,1997,2,15.357,m3/s
05410002,RIO ACONCAGUA EN CHACABUQUITO,5,DE VALPARAISO,LOS ANDES,0325102  ,0703034  ,358751,6364286,950,1997,3,13.279,m3/s
05410002,RIO ACONCAGUA EN CHACABUQUITO,5,DE VALPARAISO,LOS ANDES,0325102  ,0703034  ,358751,6364286,950,1997,4,9.456,m3/s
05410002,RIO ACONCAGUA EN CHACABUQUITO,5,DE VALPARAISO,LOS ANDES,0325102  ,0703034  ,358751,6364286,950,1997,5,7.391,m3/s
05410002,RIO ACONCAGUA EN CHACABUQUITO,5,DE VALPARAISO,LOS ANDES,0325102  ,0703034  ,358751,6364286,950,1997,6,25.6,m3/s
05410002,RIO ACONCAGUA EN CHACABUQUITO,5,DE VALPARAISO,LOS ANDES,0325102  ,0703034  ,358751,6364286,950,1997,7,22.248,m3/s
05410002,RIO ACONCAGUA EN CHACABUQUITO,5,DE VALPARAISO,LOS ANDES,0325102  ,0703034  ,358751,6364286,950,1997,8,28.835,m3/s
05410002,RIO ACONCAGUA EN CHACABUQUITO,5,DE VALPARAISO,LOS ANDES,0325102  ,0703034  ,358751,6364286,950,1997,9,37.973,m3/s
05410002,RIO ACONCAGUA EN CHACABUQUITO,5,DE VALPARAISO,LOS ANDES,0325102  ,0703034  ,358751,6364286,950,1997,10,39.7,m3/s
05410002,RIO ACONCAGUA EN CHACABUQUITO,5,DE VALPARAISO,LOS ANDES,0325102  ,0703034  ,358751,6364286,950,1997,11,73.637,m3/s
05410002,RIO ACONCAGUA EN CHACABUQUITO,5,DE VALPARAISO,LOS ANDES,0325102  ,0703034  ,358751,6364286,950,1997,12,132.565,m3/s
05410002,RIO ACONCAGUA EN CHACABUQUITO,5,DE VALPARAISO,LOS ANDES,0325102  ,0703034  ,358751,6364286,950,1998,1,145.965,m3/s
05410002,RIO ACONCAGUA EN CHACABUQUITO,5,DE VALPARAISO,LOS ANDES,0325102  ,0703034  ,358751,6364286,950,1998,2,63.654,m3/s
05410002,RIO ACONCAGUA EN CHACABUQUITO,5,DE VALPARAISO,LOS ANDES,0325102  ,0703034  ,358751,6364286,950,1998,3,35.561,m3/s
05410002,RIO ACONCAGUA EN CHACABUQUITO,5,DE VALPARAISO,LOS ANDES,0325102  ,0703034  ,358751,6364286,950,1998,4,26.047,m3/s
05410002,RIO ACONCAGUA EN CHACABUQUITO,5,DE VALPARAISO,LOS ANDES,0325102  ,0703034  ,358751,6364286,950,1998,5,17.258,m3/s
05410002,RIO ACONCAGUA EN CHACABUQUITO,5,DE VALPARAISO,LOS ANDES,0325102  ,0703034  ,358751,6364286,950,1998,6,12.64,m3/s
05410002,RIO ACONCAGUA EN CHACABUQUITO,5,DE VALPARAISO,LOS ANDES,0325102  ,0703034  ,358751,6364286,950,1998,7,11.745,m3/s
05410002,RIO ACONCAGUA EN CHACABUQUITO,5,DE VALPARAISO,LOS ANDES,0325102  ,0703034  ,358751,6364286,950,1998,8,10.561,m3/s
05410002,RIO ACONCAGUA EN CHACABUQUITO,5,DE VALPARAISO,LOS ANDES,0325102  ,0703034  ,358751,6364286,950,1998,9,9.049,m3/s
05410002,RIO ACONCAGUA EN CHACABUQUITO,5,DE VALPARAISO,LOS ANDES,0325102  ,0703034  ,358751,6364286,950,1998,10,16.519,m3/s
05410002,RIO ACONCAGUA EN CHACABUQUITO,5,DE VALPARAISO,LOS ANDES,0325102  ,0703034  ,358751,6364286,950,1998,11,22.13,m3/s
05410002,RIO ACONCAGUA EN CHACABUQUITO,5,DE VALPARAISO,LOS ANDES,0325102  ,0703034  ,358751,6364286,950,1998,12,27.342,m3/s
05410002,RIO ACONCAGUA EN CHACABUQUITO,5,DE VALPARAISO,LOS ANDES,0325102  ,0703034  ,358751,6364286,950,1999,1,25.484,m3/s
05410002,RIO ACONCAGUA EN CHACABUQUITO,5,DE VALPARAISO,LOS ANDES,0325102  ,0703034  ,358751,6364286,950,1999,2,23.071,m3/s
05410002,RIO ACONCAGUA EN CHACABUQUITO,5,DE VALPARAISO,LOS ANDES,0325102  ,0703034  ,358751,6364286,950,1999,3,15.987,m3/s
05410002,RIO ACONCAGUA EN CHACABUQUITO,5,DE VALPARAISO,LOS ANDES,0325102  ,0703034  ,358751,6364286,950,1999,4,10.484,m3/s
05410002,RIO ACONCAGUA EN CHACABUQUITO,5,DE VALPARAISO,LOS ANDES,0325102  ,0703034  ,358751,6364286,950,1999,5,8.792,m3/s
05410002,RIO ACONCAGUA EN CHACABUQUITO,5,DE VALPARAISO,LOS ANDES,0325102  ,0703034  ,358751,6364286,950,1999,6,8.206,m3/s
05410002,RIO ACONCAGUA EN CHACABUQUITO,5,DE VALPARAISO,LOS ANDES,0325102  ,0703034  ,358751,6364286,950,1999,7,8.749,m3/s
05410002,RIO ACONCAGUA EN CHACABUQUITO,5,DE VALPARAISO,LOS ANDES,0325102  ,0703034  ,358751,6364286,950,1999,8,10.357,m3/s
05410002,RIO ACONCAGUA EN CHACABUQUITO,5,DE VALPARAISO,LOS ANDES,0325102  ,0703034  ,358751,6364286,950,1999,9,22.25,m3/s
05410002,RIO ACONCAGUA EN CHACABUQUITO,5,DE VALPARAISO,LOS ANDES,0325102  ,0703034  ,358751,6364286,950,1999,10,37.003,m3/s
05410002,RIO ACONCAGUA EN CHACABUQUITO,5,DE VALPARAISO,LOS ANDES,0325102  ,0703034  ,358751,6364286,950,1999,11,56.3,m3/s
05410002,RIO ACONCAGUA EN CHACABUQUITO,5,DE VALPARAISO,LOS ANDES,0325102  ,0703034  ,358751,6364286,950,1999,12,51.571,m3/s
05410002,RIO ACONCAGUA EN CHACABUQUITO,5,DE VALPARAISO,LOS ANDES,0325102  ,0703034  ,358751,6364286,950,2000,1,37.119,m3/s
05410002,RIO ACONCAGUA EN CHACABUQUITO,5,DE VALPARAISO,LOS ANDES,0325102  ,0703034  ,358751,6364286,950,2000,2,22.738,m3/s
05410002,RIO ACONCAGUA EN CHACABUQUITO,5,DE VALPARAISO,LOS ANDES,0325102  ,0703034  ,358751,6364286,950,2000,3,16.813,m3/s
05410002,RIO ACONCAGUA EN CHACABUQUITO,5,DE VALPARAISO,LOS ANDES,0325102  ,0703034  ,358751,6364286,950,2000,4,13.37,m3/s
05410002,RIO ACONCAGUA EN CHACABUQUITO,5,DE VALPARAISO,LOS ANDES,0325102  ,0703034  ,358751,6364286,950,2000,5,9.943999999999999,m3/s
05410002,RIO ACONCAGUA EN CHACABUQUITO,5,DE VALPARAISO,LOS ANDES,0325102  ,0703034  ,358751,6364286,950,2000,6,13.805,m3/s
05410002,RIO ACONCAGUA EN CHACABUQUITO,5,DE VALPARAISO,LOS ANDES,0325102  ,0703034  ,358751,6364286,950,2000,7,23.181,m3/s
05410002,RIO ACONCAGUA EN CHACABUQUITO,5,DE VALPARAISO,LOS ANDES,0325102  ,0703034  ,358751,6364286,950,2000,8,21.874,m3/s
05410002,RIO ACONCAGUA EN CHACABUQUITO,5,DE VALPARAISO,LOS ANDES,0325102  ,0703034  ,358751,6364286,950,2000,9,24.107,m3/s
05410002,RIO ACONCAGUA EN CHACABUQUITO,5,DE VALPARAISO,LOS ANDES,0325102  ,0703034  ,358751,6364286,950,2000,10,55.881,m3/s
05410002,RIO ACONCAGUA EN CHACABUQUITO,5,DE VALPARAISO,LOS ANDES,0325102  ,0703034  ,358751,6364286,950,2000,11,72.393,m3/s
05410002,RIO ACONCAGUA EN CHACABUQUITO,5,DE VALPARAISO,LOS ANDES,0325102  ,0703034  ,358751,6364286,950,2000,12,122.245,m3/s
05410002,RIO ACONCAGUA EN CHACABUQUITO,5,DE VALPARAISO,LOS ANDES,0325102  ,0703034  ,358751,6364286,950,2001,1,77.648,m3/s
05410002,RIO ACONCAGUA EN CHACABUQUITO,5,DE VALPARAISO,LOS ANDES,0325102  ,0703034  ,358751,6364286,950,2001,2,48.896,m3/s
05410002,RIO ACONCAGUA EN CHACABUQUITO,5,DE VALPARAISO,LOS ANDES,0325102  ,0703034  ,358751,6364286,950,2001,3,27.587,m3/s
05410002,RIO ACONCAGUA EN CHACABUQUITO,5,DE VALPARAISO,LOS ANDES,0325102  ,0703034  ,358751,6364286,950,2001,4,15.677,m3/s
05410002,RIO ACONCAGUA EN CHACABUQUITO,5,DE VALPARAISO,LOS ANDES,0325102  ,0703034  ,358751,6364286,950,2001,5,11.813,m3/s
05410002,RIO ACONCAGUA EN CHACABUQUITO,5,DE VALPARAISO,LOS ANDES,0325102  ,0703034  ,358751,6364286,950,2001,6,9.557,m3/s
05410002,RIO ACONCAGUA EN CHACABUQUITO,5,DE VALPARAISO,LOS ANDES,0325102  ,0703034  ,358751,6364286,950,2001,7,13.03,m3/s
05410002,RIO ACONCAGUA EN CHACABUQUITO,5,DE VALPARAISO,LOS ANDES,0325102  ,0703034  ,358751,6364286,950,2001,8,19.29,m3/s
05410002,RIO ACONCAGUA EN CHACABUQUITO,5,DE VALPARAISO,LOS ANDES,0325102  ,0703034  ,358751,6364286,950,2001,9,22.337,m3/s
05410002,RIO ACONCAGUA EN CHACABUQUITO,5,DE VALPARAISO,LOS ANDES,0325102  ,0703034  ,358751,6364286,950,2001,10,43.039,m3/s
05410002,RIO ACONCAGUA EN CHACABUQUITO,5,DE VALPARAISO,LOS ANDES,0325102  ,0703034  ,358751,6364286,950,2001,11,60.243,m3/s
05410002,RIO ACONCAGUA EN CHACABUQUITO,5,DE VALPARAISO,LOS ANDES,0325102  ,0703034  ,358751,6364286,950,2001,12,106.629,m3/s
05410002,RIO ACONCAGUA EN CHACABUQUITO,5,DE VALPARAISO,LOS ANDES,0325102  ,0703034  ,358751,6364286,950,2002,1,57.31,m3/s
05410002,RIO ACONCAGUA EN CHACABUQUITO,5,DE VALPARAISO,LOS ANDES,0325102  ,0703034  ,358751,6364286,950,2002,2,38.143,m3/s
05410002,RIO ACONCAGUA EN CHACABUQUITO,5,DE VALPARAISO,LOS ANDES,0325102  ,0703034  ,358751,6364286,950,2002,3,22.245,m3/s
05410002,RIO ACONCAGUA EN CHACABUQUITO,5,DE VALPARAISO,LOS ANDES,0325102  ,0703034  ,358751,6364286,950,2002,4,13.65,m3/s
05410002,RIO ACONCAGUA EN CHACABUQUITO,5,DE VALPARAISO,LOS ANDES,0325102  ,0703034  ,358751,6364286,950,2002,5,14.947,m3/s
05410002,RIO ACONCAGUA EN CHACABUQUITO,5,DE VALPARAISO,LOS ANDES,0325102  ,0703034  ,358751,6364286,950,2002,6,24.576999999999998,m3/s
05410002,RIO ACONCAGUA EN CHACABUQUITO,5,DE VALPARAISO,LOS ANDES,0325102  ,0703034  ,358751,6364286,950,2002,7,25.539,m3/s
05410002,RIO ACONCAGUA EN CHACABUQUITO,5,DE VALPARAISO,LOS ANDES,0325102  ,0703034  ,358751,6364286,950,2002,8,30.116,m3/s
05410002,RIO ACONCAGUA EN CHACABUQUITO,5,DE VALPARAISO,LOS ANDES,0325102  ,0703034  ,358751,6364286,950,2002,9,31.513,m3/s
05410002,RIO ACONCAGUA EN CHACABUQUITO,5,DE VALPARAISO,LOS ANDES,0325102  ,0703034  ,358751,6364286,950,2002,10,51.081,m3/s
05410002,RIO ACONCAGUA EN CHACABUQUITO,5,DE VALPARAISO,LOS ANDES,0325102  ,0703034  ,358751,6364286,950,2002,11,98.41,m3/s
05410002,RIO ACONCAGUA EN CHACABUQUITO,5,DE VALPARAISO,LOS ANDES,0325102  ,0703034  ,358751,6364286,950,2002,12,135.168,m3/s
05410002,RIO ACONCAGUA EN CHACABUQUITO,5,DE VALPARAISO,LOS ANDES,0325102  ,0703034  ,358751,6364286,950,2003,1,126.706,m3/s
05410002,RIO ACONCAGUA EN CHACABUQUITO,5,DE VALPARAISO,LOS ANDES,0325102  ,0703034  ,358751,6364286,950,2003,2,76.418,m3/s
05410002,RIO ACONCAGUA EN CHACABUQUITO,5,DE VALPARAISO,LOS ANDES,0325102  ,0703034  ,358751,6364286,950,2003,3,39.594,m3/s
05410002,RIO ACONCAGUA EN CHACABUQUITO,5,DE VALPARAISO,LOS ANDES,0325102  ,0703034  ,358751,6364286,950,2003,4,19.93,m3/s
05410002,RIO ACONCAGUA EN CHACABUQUITO,5,DE VALPARAISO,LOS ANDES,0325102  ,0703034  ,358751,6364286,950,2003,5,15.697,m3/s
05410002,RIO ACONCAGUA EN CHACABUQUITO,5,DE VALPARAISO,LOS ANDES,0325102  ,0703034  ,358751,6364286,950,2003,6,16.783,m3/s
05410002,RIO ACONCAGUA EN CHACABUQUITO,5,DE VALPARAISO,LOS ANDES,0325102  ,0703034  ,358751,6364286,950,2003,7,16.658,m3/s
05410002,RIO ACONCAGUA EN CHACABUQUITO,5,DE VALPARAISO,LOS ANDES,0325102  ,0703034  ,358751,6364286,950,2003,8,14.871,m3/s
05410002,RIO ACONCAGUA EN CHACABUQUITO,5,DE VALPARAISO,LOS ANDES,0325102  ,0703034  ,358751,6364286,950,2003,9,15.657,m3/s
05410002,RIO ACONCAGUA EN CHACABUQUITO,5,DE VALPARAISO,LOS ANDES,0325102  ,0703034  ,358751,6364286,950,2003,10,32.771,m3/s
05410002,RIO ACONCAGUA EN CHACABUQUITO,5,DE VALPARAISO,LOS ANDES,0325102  ,0703034  ,358751,6364286,950,2003,11,57.7,m3/s
05410002,RIO ACONCAGUA EN CHACABUQUITO,5,DE VALPARAISO,LOS ANDES,0325102  ,0703034  ,358751,6364286,950,2003,12,52.919,m3/s
05410002,RIO ACONCAGUA EN CHACABUQUITO,5,DE VALPARAISO,LOS ANDES,0325102  ,0703034  ,358751,6364286,950,2004,1,44.965,m3/s
05410002,RIO ACONCAGUA EN CHACABUQUITO,5,DE VALPARAISO,LOS ANDES,0325102  ,0703034  ,358751,6364286,950,2004,2,30.848,m3/s
05410002,RIO ACONCAGUA EN CHACABUQUITO,5,DE VALPARAISO,LOS ANDES,0325102  ,0703034  ,358751,6364286,950,2004,3,19.561,m3/s
05410002,RIO ACONCAGUA EN CHACABUQUITO,5,DE VALPARAISO,LOS ANDES,0325102  ,0703034  ,358751,6364286,950,2004,4,13.603,m3/s
05410002,RIO ACONCAGUA EN CHACABUQUITO,5,DE VALPARAISO,LOS ANDES,0325102  ,0703034  ,358751,6364286,950,2004,5,9.916,m3/s
05410002,RIO ACONCAGUA EN CHACABUQUITO,5,DE VALPARAISO,LOS ANDES,0325102  ,0703034  ,358751,6364286,950,2004,6,9.209,m3/s
05410002,RIO ACONCAGUA EN CHACABUQUITO,5,DE VALPARAISO,LOS ANDES,0325102  ,0703034  ,358751,6364286,950,2004,7,8.939,m3/s
05410002,RIO ACONCAGUA EN CHACABUQUITO,5,DE VALPARAISO,LOS ANDES,0325102  ,0703034  ,358751,6364286,950,2004,8,11.329,m3/s
05410002,RIO ACONCAGUA EN CHACABUQUITO,5,DE VALPARAISO,LOS ANDES,0325102  ,0703034  ,358751,6364286,950,2004,9,17.12,m3/s
05410002,RIO ACONCAGUA EN CHACABUQUITO,5,DE VALPARAISO,LOS ANDES,0325102  ,0703034  ,358751,6364286,950,2004,10,16.106,m3/s
05410002,RIO ACONCAGUA EN CHACABUQUITO,5,DE VALPARAISO,LOS ANDES,0325102  ,0703034  ,358751,6364286,950,2004,11,33.127,m3/s
05410002,RIO ACONCAGUA EN CHACABUQUITO,5,DE VALPARAISO,LOS ANDES,0325102  ,0703034  ,358751,6364286,950,2004,12,43.319,m3/s
05410002,RIO ACONCAGUA EN CHACABUQUITO,5,DE VALPARAISO,LOS ANDES,0325102  ,0703034  ,358751,6364286,950,2005,1,34.348,m3/s
05410002,RIO ACONCAGUA EN CHACABUQUITO,5,DE VALPARAISO,LOS ANDES,0325102  ,0703034  ,358751,6364286,950,2005,2,23.929,m3/s
05410002,RIO ACONCAGUA EN CHACABUQUITO,5,DE VALPARAISO,LOS ANDES,0325102  ,0703034  ,358751,6364286,950,2005,3,18.613,m3/s
05410002,RIO ACONCAGUA EN CHACABUQUITO,5,DE VALPARAISO,LOS ANDES,0325102  ,0703034  ,358751,6364286,950,2005,4,11.098,m3/s
05410002,RIO ACONCAGUA EN CHACABUQUITO,5,DE VALPARAISO,LOS ANDES,0325102  ,0703034  ,358751,6364286,950,2005,5,10.554,m3/s
05410002,RIO ACONCAGUA EN CHACABUQUITO,5,DE VALPARAISO,LOS ANDES,0325102  ,0703034  ,358751,6364286,950,2005,6,32.21,m3/s
05410002,RIO ACONCAGUA EN CHACABUQUITO,5,DE VALPARAISO,LOS ANDES,0325102  ,0703034  ,358751,6364286,950,2005,7,19.913,m3/s
05410002,RIO ACONCAGUA EN CHACABUQUITO,5,DE VALPARAISO,LOS ANDES,0325102  ,0703034  ,358751,6364286,950,2005,8,29.068,m3/s
05410002,RIO ACONCAGUA EN CHACABUQUITO,5,DE VALPARAISO,LOS ANDES,0325102  ,0703034  ,358751,6364286,950,2005,9,37.393,m3/s
05410002,RIO ACONCAGUA EN CHACABUQUITO,5,DE VALPARAISO,LOS ANDES,0325102  ,0703034  ,358751,6364286,950,2005,10,53.639,m3/s
05410002,RIO ACONCAGUA EN CHACABUQUITO,5,DE VALPARAISO,LOS ANDES,0325102  ,0703034  ,358751,6364286,950,2005,11,109.957,m3/s
05410002,RIO ACONCAGUA EN CHACABUQUITO,5,DE VALPARAISO,LOS ANDES,0325102  ,0703034  ,358751,6364286,950,2005,12,162.8,m3/s
05410002,RIO ACONCAGUA EN CHACABUQUITO,5,DE VALPARAISO,LOS ANDES,0325102  ,0703034  ,358751,6364286,950,2006,1,134.803,m3/s
05410002,RIO ACONCAGUA EN CHACABUQUITO,5,DE VALPARAISO,LOS ANDES,0325102  ,0703034  ,358751,6364286,950,2006,2,74.839,m3/s
05410002,RIO ACONCAGUA EN CHACABUQUITO,5,DE VALPARAISO,LOS ANDES,0325102  ,0703034  ,358751,6364286,950,2006,3,28.713,m3/s
05410002,RIO ACONCAGUA EN CHACABUQUITO,5,DE VALPARAISO,LOS ANDES,0325102  ,0703034  ,358751,6364286,950,2006,4,16.397,m3/s
05410002,RIO ACONCAGUA EN CHACABUQUITO,5,DE VALPARAISO,LOS ANDES,0325102  ,0703034  ,358751,6364286,950,2006,5,12.061,m3/s
05410002,RIO ACONCAGUA EN CHACABUQUITO,5,DE VALPARAISO,LOS ANDES,0325102  ,0703034  ,358751,6364286,950,2006,6,12.022,m3/s
05410002,RIO ACONCAGUA EN CHACABUQUITO,5,DE VALPARAISO,LOS ANDES,0325102  ,0703034  ,358751,6364286,950,2006,7,28.155,m3/s
05410002,RIO ACONCAGUA EN CHACABUQUITO,5,DE VALPARAISO,LOS ANDES,0325102  ,0703034  ,358751,6364286,950,2006,8,21.855,m3/s
05410002,RIO ACONCAGUA EN CHACABUQUITO,5,DE VALPARAISO,LOS ANDES,0325102  ,0703034  ,358751,6364286,950,2006,9,24.633,m3/s
05410002,RIO ACONCAGUA EN CHACABUQUITO,5,DE VALPARAISO,LOS ANDES,0325102  ,0703034  ,358751,6364286,950,2006,10,46.842,m3/s
05410002,RIO ACONCAGUA EN CHACABUQUITO,5,DE VALPARAISO,LOS ANDES,0325102  ,0703034  ,358751,6364286,950,2006,11,85.783,m3/s
05410002,RIO ACONCAGUA EN CHACABUQUITO,5,DE VALPARAISO,LOS ANDES,0325102  ,0703034  ,358751,6364286,950,2006,12,107.845,m3/s
05410002,RIO ACONCAGUA EN CHACABUQUITO,5,DE VALPARAISO,LOS ANDES,0325102  ,0703034  ,358751,6364286,950,2007,1,81.042,m3/s
05410002,RIO ACONCAGUA EN CHACABUQUITO,5,DE VALPARAISO,LOS ANDES,0325102  ,0703034  ,358751,6364286,950,2007,2,36.95,m3/s
05410002,RIO ACONCAGUA EN CHACABUQUITO,5,DE VALPARAISO,LOS ANDES,0325102  ,0703034  ,358751,6364286,950,2007,3,25.3,m3/s
05410002,RIO ACONCAGUA EN CHACABUQUITO,5,DE VALPARAISO,LOS ANDES,0325102  ,0703034  ,358751,6364286,950,2007,4,14.28,m3/s
05410002,RIO ACONCAGUA EN CHACABUQUITO,5,DE VALPARAISO,LOS ANDES,0325102  ,0703034  ,358751,6364286,950,2007,5,10.82,m3/s
05410002,RIO ACONCAGUA EN CHACABUQUITO,5,DE VALPARAISO,LOS ANDES,0325102  ,0703034  ,358751,6364286,950,2007,6,10.553,m3/s
05410002,RIO ACONCAGUA EN CHACABUQUITO,5,DE VALPARAISO,LOS ANDES,0325102  ,0703034  ,358751,6364286,950,2007,7,12.906,m3/s
05410002,RIO ACONCAGUA EN CHACABUQUITO,5,DE VALPARAISO,LOS ANDES,0325102  ,0703034  ,358751,6364286,950,2007,8,11.623,m3/s
05410002,RIO ACONCAGUA EN CHACABUQUITO,5,DE VALPARAISO,LOS ANDES,0325102  ,0703034  ,358751,6364286,950,2007,9,17.163,m3/s
05410002,RIO ACONCAGUA EN CHACABUQUITO,5,DE VALPARAISO,LOS ANDES,0325102  ,0703034  ,358751,6364286,950,2007,10,31.152,m3/s
05410002,RIO ACONCAGUA EN CHACABUQUITO,5,DE VALPARAISO,LOS ANDES,0325102  ,0703034  ,358751,6364286,950,2007,11,57.663,m3/s
05410002,RIO ACONCAGUA EN CHACABUQUITO,5,DE VALPARAISO,LOS ANDES,0325102  ,0703034  ,358751,6364286,950,2007,12,53.723,m3/s
05410002,RIO ACONCAGUA EN CHACABUQUITO,5,DE VALPARAISO,LOS ANDES,0325102  ,0703034  ,358751,6364286,950,2008,1,42.416,m3/s
05410002,RIO ACONCAGUA EN CHACABUQUITO,5,DE VALPARAISO,LOS ANDES,0325102  ,0703034  ,358751,6364286,950,2008,2,26.766,m3/s
05410002,RIO ACONCAGUA EN CHACABUQUITO,5,DE VALPARAISO,LOS ANDES,0325102  ,0703034  ,358751,6364286,950,2008,3,17.526,m3/s
05410002,RIO ACONCAGUA EN CHACABUQUITO,5,DE VALPARAISO,LOS ANDES,0325102  ,0703034  ,358751,6364286,950,2008,4,12.72,m3/s
05410002,RIO ACONCAGUA EN CHACABUQUITO,5,DE VALPARAISO,LOS ANDES,0325102  ,0703034  ,358751,6364286,950,2008,5,21.035,m3/s
05410002,RIO ACONCAGUA EN CHACABUQUITO,5,DE VALPARAISO,LOS ANDES,0325102  ,0703034  ,358751,6364286,950,2008,6,22.863,m3/s
05410002,RIO ACONCAGUA EN CHACABUQUITO,5,DE VALPARAISO,LOS ANDES,0325102  ,0703034  ,358751,6364286,950,2008,7,13.506,m3/s
05410002,RIO ACONCAGUA EN CHACABUQUITO,5,DE VALPARAISO,LOS ANDES,0325102  ,0703034  ,358751,6364286,950,2008,8,24.003,m3/s
05410002,RIO ACONCAGUA EN CHACABUQUITO,5,DE VALPARAISO,LOS ANDES,0325102  ,0703034  ,358751,6364286,950,2008,9,25.877,m3/s
05410002,RIO ACONCAGUA EN CHACABUQUITO,5,DE VALPARAISO,LOS ANDES,0325102  ,0703034  ,358751,6364286,950,2008,10,45.116,m3/s
05410002,RIO ACONCAGUA EN CHACABUQUITO,5,DE VALPARAISO,LOS ANDES,0325102  ,0703034  ,358751,6364286,950,2008,11,111.397,m3/s
05410002,RIO ACONCAGUA EN CHACABUQUITO,5,DE VALPARAISO,LOS ANDES,0325102  ,0703034  ,358751,6364286,950,2008,12,102.355,m3/s
05410002,RIO ACONCAGUA EN CHACABUQUITO,5,DE VALPARAISO,LOS ANDES,0325102  ,0703034  ,358751,6364286,950,2009,1,60.694,m3/s
05410002,RIO ACONCAGUA EN CHACABUQUITO,5,DE VALPARAISO,LOS ANDES,0325102  ,0703034  ,358751,6364286,950,2009,2,39.007,m3/s
05410002,RIO ACONCAGUA EN CHACABUQUITO,5,DE VALPARAISO,LOS ANDES,0325102  ,0703034  ,358751,6364286,950,2009,3,23.89,m3/s
05410002,RIO ACONCAGUA EN CHACABUQUITO,5,DE VALPARAISO,LOS ANDES,0325102  ,0703034  ,358751,6364286,950,2009,4,15.867,m3/s
05410002,RIO ACONCAGUA EN CHACABUQUITO,5,DE VALPARAISO,LOS ANDES,0325102  ,0703034  ,358751,6364286,950,2009,5,10.814,m3/s
05410002,RIO ACONCAGUA EN CHACABUQUITO,5,DE VALPARAISO,LOS ANDES,0325102  ,0703034  ,358751,6364286,950,2009,6,8.95,m3/s
05410002,RIO ACONCAGUA EN CHACABUQUITO,5,DE VALPARAISO,LOS ANDES,0325102  ,0703034  ,358751,6364286,950,2009,7,10.508,m3/s
05410002,RIO ACONCAGUA EN CHACABUQUITO,5,DE VALPARAISO,LOS ANDES,0325102  ,0703034  ,358751,6364286,950,2009,8,13.129,m3/s
05410002,RIO ACONCAGUA EN CHACABUQUITO,5,DE VALPARAISO,LOS ANDES,0325102  ,0703034  ,358751,6364286,950,2009,9,22.217,m3/s
05410002,RIO ACONCAGUA EN CHACABUQUITO,5,DE VALPARAISO,LOS ANDES,0325102  ,0703034  ,358751,6364286,950,2009,10,28.461,m3/s
05410002,RIO ACONCAGUA EN CHACABUQUITO,5,DE VALPARAISO,LOS ANDES,0325102  ,0703034  ,358751,6364286,950,2009,11,46.67,m3/s
05410002,RIO ACONCAGUA EN CHACABUQUITO,5,DE VALPARAISO,LOS ANDES,0325102  ,0703034  ,358751,6364286,950,2009,12,71.077,m3/s
05410002,RIO ACONCAGUA EN CHACABUQUITO,5,DE VALPARAISO,LOS ANDES,0325102  ,0703034  ,358751,6364286,950,2010,1,53.252,m3/s
05410002,RIO ACONCAGUA EN CHACABUQUITO,5,DE VALPARAISO,LOS ANDES,0325102  ,0703034  ,358751,6364286,950,2010,2,34.214,m3/s
05410002,RIO ACONCAGUA EN CHACABUQUITO,5,DE VALPARAISO,LOS ANDES,0325102  ,0703034  ,358751,6364286,950,2010,3,25.9,m3/s
05410002,RIO ACONCAGUA EN CHACABUQUITO,5,DE VALPARAISO,LOS ANDES,0325102  ,0703034  ,358751,6364286,950,2010,4,14.507,m3/s
05410002,RIO ACONCAGUA EN CHACABUQUITO,5,DE VALPARAISO,LOS ANDES,0325102  ,0703034  ,358751,6364286,950,2010,5,10.181,m3/s
05410002,RIO ACONCAGUA EN CHACABUQUITO,5,DE VALPARAISO,LOS ANDES,0325102  ,0703034  ,358751,6364286,950,2010,6,9.275,m3/s
05410002,RIO ACONCAGUA EN CHACABUQUITO,5,DE VALPARAISO,LOS ANDES,0325102  ,0703034  ,358751,6364286,950,2010,7,8.594,m3/s
05410002,RIO ACONCAGUA EN CHACABUQUITO,5,DE VALPARAISO,LOS ANDES,0325102  ,0703034  ,358751,6364286,950,2010,8,8.555,m3/s
05410002,RIO ACONCAGUA EN CHACABUQUITO,5,DE VALPARAISO,LOS ANDES,0325102  ,0703034  ,358751,6364286,950,2010,9,8.543,m3/s
05410002,RIO ACONCAGUA EN CHACABUQUITO,5,DE VALPARAISO,LOS ANDES,0325102  ,0703034  ,358751,6364286,950,2010,10,11.827,m3/s
05410002,RIO ACONCAGUA EN CHACABUQUITO,5,DE VALPARAISO,LOS ANDES,0325102  ,0703034  ,358751,6364286,950,2010,11,20.443,m3/s
05410002,RIO ACONCAGUA EN CHACABUQUITO,5,DE VALPARAISO,LOS ANDES,0325102  ,0703034  ,358751,6364286,950,2010,12,18.345,m3/s
05410002,RIO ACONCAGUA EN CHACABUQUITO,5,DE VALPARAISO,LOS ANDES,0325102  ,0703034  ,358751,6364286,950,2011,1,17.252,m3/s
05410002,RIO ACONCAGUA EN CHACABUQUITO,5,DE VALPARAISO,LOS ANDES,0325102  ,0703034  ,358751,6364286,950,2011,2,16.089,m3/s
05410002,RIO ACONCAGUA EN CHACABUQUITO,5,DE VALPARAISO,LOS ANDES,0325102  ,0703034  ,358751,6364286,950,2011,3,12.421,m3/s
05410002,RIO ACONCAGUA EN CHACABUQUITO,5,DE VALPARAISO,LOS ANDES,0325102  ,0703034  ,358751,6364286,950,2011,4,7.851,m3/s
05410002,RIO ACONCAGUA EN CHACABUQUITO,5,DE VALPARAISO,LOS ANDES,0325102  ,0703034  ,358751,6364286,950,2011,5,5.976,m3/s
05410002,RIO ACONCAGUA EN CHACABUQUITO,5,DE VALPARAISO,LOS ANDES,0325102  ,0703034  ,358751,6364286,950,2011,6,5.295,m3/s
05410002,RIO ACONCAGUA EN CHACABUQUITO,5,DE VALPARAISO,LOS ANDES,0325102  ,0703034  ,358751,6364286,950,2011,7,5.61,m3/s
05410002,RIO ACONCAGUA EN CHACABUQUITO,5,DE VALPARAISO,LOS ANDES,0325102  ,0703034  ,358751,6364286,950,2011,8,6.417,m3/s
05410002,RIO ACONCAGUA EN CHACABUQUITO,5,DE VALPARAISO,LOS ANDES,0325102  ,0703034  ,358751,6364286,950,2011,9,10.26,m3/s
05410002,RIO ACONCAGUA EN CHACABUQUITO,5,DE VALPARAISO,LOS ANDES,0325102  ,0703034  ,358751,6364286,950,2011,10,16.416,m3/s
05410002,RIO ACONCAGUA EN CHACABUQUITO,5,DE VALPARAISO,LOS ANDES,0325102  ,0703034  ,358751,6364286,950,2011,11,33.93,m3/s
05410002,RIO ACONCAGUA EN CHACABUQUITO,5,DE VALPARAISO,LOS ANDES,0325102  ,0703034  ,358751,6364286,950,2011,12,34.242,m3/s
05410002,RIO ACONCAGUA EN CHACABUQUITO,5,DE VALPARAISO,LOS ANDES,0325102  ,0703034  ,358751,6364286,950,2012,1,25.245,m3/s
05410002,RIO ACONCAGUA EN CHACABUQUITO,5,DE VALPARAISO,LOS ANDES,0325102  ,0703034  ,358751,6364286,950,2012,2,19.283,m3/s
05410002,RIO ACONCAGUA EN CHACABUQUITO,5,DE VALPARAISO,LOS ANDES,0325102  ,0703034  ,358751,6364286,950,2012,3,14.557,m3/s
05410002,RIO ACONCAGUA EN CHACABUQUITO,5,DE VALPARAISO,LOS ANDES,0325102  ,0703034  ,358751,6364286,950,2012,4,9.876,m3/s
05410002,RIO ACONCAGUA EN CHACABUQUITO,5,DE VALPARAISO,LOS ANDES,0325102  ,0703034  ,358751,6364286,950,2012,5,10.83,m3/s
05410002,RIO ACONCAGUA EN CHACABUQUITO,5,DE VALPARAISO,LOS ANDES,0325102  ,0703034  ,358751,6364286,950,2012,6,9.941,m3/s
05410002,RIO ACONCAGUA EN CHACABUQUITO,5,DE VALPARAISO,LOS ANDES,0325102  ,0703034  ,358751,6364286,950,2012,7,9.716,m3/s
05410002,RIO ACONCAGUA EN CHACABUQUITO,5,DE VALPARAISO,LOS ANDES,0325102  ,0703034  ,358751,6364286,950,2012,8,8.369,m3/s
05410002,RIO ACONCAGUA EN CHACABUQUITO,5,DE VALPARAISO,LOS ANDES,0325102  ,0703034  ,358751,6364286,950,2012,9,12.647,m3/s
05410002,RIO ACONCAGUA EN CHACABUQUITO,5,DE VALPARAISO,LOS ANDES,0325102  ,0703034  ,358751,6364286,950,2012,10,14.61,m3/s
05410002,RIO ACONCAGUA EN CHACABUQUITO,5,DE VALPARAISO,LOS ANDES,0325102  ,0703034  ,358751,6364286,950,2012,11,39.887,m3/s
05410002,RIO ACONCAGUA EN CHACABUQUITO,5,DE VALPARAISO,LOS ANDES,0325102  ,0703034  ,358751,6364286,950,2012,12,33.487,m3/s
05410002,RIO ACONCAGUA EN CHACABUQUITO,5,DE VALPARAISO,LOS ANDES,0325102  ,0703034  ,358751,6364286,950,2013,1,32.139,m3/s
05410002,RIO ACONCAGUA EN CHACABUQUITO,5,DE VALPARAISO,LOS ANDES,0325102  ,0703034  ,358751,6364286,950,2013,2,24.061,m3/s
05410002,RIO ACONCAGUA EN CHACABUQUITO,5,DE VALPARAISO,LOS ANDES,0325102  ,0703034  ,358751,6364286,950,2013,3,13.123,m3/s
05410002,RIO ACONCAGUA EN CHACABUQUITO,5,DE VALPARAISO,LOS ANDES,0325102  ,0703034  ,358751,6364286,950,2013,4,8.081,m3/s
05410002,RIO ACONCAGUA EN CHACABUQUITO,5,DE VALPARAISO,LOS ANDES,0325102  ,0703034  ,358751,6364286,950,2013,5,6.228,m3/s
05410002,RIO ACONCAGUA EN CHACABUQUITO,5,DE VALPARAISO,LOS ANDES,0325102  ,0703034  ,358751,6364286,950,2013,6,8.387,m3/s
05410002,RIO ACONCAGUA EN CHACABUQUITO,5,DE VALPARAISO,LOS ANDES,0325102  ,0703034  ,358751,6364286,950,2013,7,7.545,m3/s
05410002,RIO ACONCAGUA EN CHACABUQUITO,5,DE VALPARAISO,LOS ANDES,0325102  ,0703034  ,358751,6364286,950,2013,8,8.382,m3/s
05410002,RIO ACONCAGUA EN CHACABUQUITO,5,DE VALPARAISO,LOS ANDES,0325102  ,0703034  ,358751,6364286,950,2013,9,10.31,m3/s
05410002,RIO ACONCAGUA EN CHACABUQUITO,5,DE VALPARAISO,LOS ANDES,0325102  ,0703034  ,358751,6364286,950,2013,10,17.959,m3/s
05410002,RIO ACONCAGUA EN CHACABUQUITO,5,DE VALPARAISO,LOS ANDES,0325102  ,0703034  ,358751,6364286,950,2013,11,37.89,m3/s
05410002,RIO ACONCAGUA EN CHACABUQUITO,5,DE VALPARAISO,LOS ANDES,0325102  ,0703034  ,358751,6364286,950,2013,12,43.432,m3/s
05410002,RIO ACONCAGUA EN CHACABUQUITO,5,DE VALPARAISO,LOS ANDES,0325102  ,0703034  ,358751,6364286,950,2014,1,30.823,m3/s
05410002,RIO ACONCAGUA EN CHACABUQUITO,5,DE VALPARAISO,LOS ANDES,0325102  ,0703034  ,358751,6364286,950,2014,2,19.889,m3/s
05410002,RIO ACONCAGUA EN CHACABUQUITO,5,DE VALPARAISO,LOS ANDES,0325102  ,0703034  ,358751,6364286,950,2014,3,12.052,m3/s
05410002,RIO ACONCAGUA EN CHACABUQUITO,5,DE VALPARAISO,LOS ANDES,0325102  ,0703034  ,358751,6364286,950,2014,4,8.797,m3/s
05410002,RIO ACONCAGUA EN CHACABUQUITO,5,DE VALPARAISO,LOS ANDES,0325102  ,0703034  ,358751,6364286,950,2014,5,7.031,m3/s
05410002,RIO ACONCAGUA EN CHACABUQUITO,5,DE VALPARAISO,LOS ANDES,0325102  ,0703034  ,358751,6364286,950,2014,6,7.183,m3/s
05410002,RIO ACONCAGUA EN CHACABUQUITO,5,DE VALPARAISO,LOS ANDES,0325102  ,0703034  ,358751,6364286,950,2014,7,6.022,m3/s
05410002,RIO ACONCAGUA EN CHACABUQUITO,5,DE VALPARAISO,LOS ANDES,0325102  ,0703034  ,358751,6364286,950,2014,8,5.474,m3/s
05410002,RIO ACONCAGUA EN CHACABUQUITO,5,DE VALPARAISO,LOS ANDES,0325102  ,0703034  ,358751,6364286,950,2014,9,7.967,m3/s
05410002,RIO ACONCAGUA EN CHACABUQUITO,5,DE VALPARAISO,LOS ANDES,0325102  ,0703034  ,358751,6364286,950,2014,10,18.925,m3/s
05410002,RIO ACONCAGUA EN CHACABUQUITO,5,DE VALPARAISO,LOS ANDES,0325102  ,0703034  ,358751,6364286,950,2014,11,21.04,m3/s
05410002,RIO ACONCAGUA EN CHACABUQUITO,5,DE VALPARAISO,LOS ANDES,0325102  ,0703034  ,358751,6364286,950,2014,12,20.394,m3/s
05410002,RIO ACONCAGUA EN CHACABUQUITO,5,DE VALPARAISO,LOS ANDES,0325102  ,0703034  ,358751,6364286,950,2015,1,20.948,m3/s
05410002,RIO ACONCAGUA EN CHACABUQUITO,5,DE VALPARAISO,LOS ANDES,0325102  ,0703034  ,358751,6364286,950,2015,2,16.193,m3/s
05410002,RIO ACONCAGUA EN CHACABUQUITO,5,DE VALPARAISO,LOS ANDES,0325102  ,0703034  ,358751,6364286,950,2015,3,13.185,m3/s
05410002,RIO ACONCAGUA EN CHACABUQUITO,5,DE VALPARAISO,LOS ANDES,0325102  ,0703034  ,358751,6364286,950,2015,4,8.443,m3/s
05410002,RIO ACONCAGUA EN CHACABUQUITO,5,DE VALPARAISO,LOS ANDES,0325102  ,0703034  ,358751,6364286,950,2015,5,6.183,m3/s
05410002,RIO ACONCAGUA EN CHACABUQUITO,5,DE VALPARAISO,LOS ANDES,0325102  ,0703034  ,358751,6364286,950,2015,6,4.855,m3/s
05410002,RIO ACONCAGUA EN CHACABUQUITO,5,DE VALPARAISO,LOS ANDES,0325102  ,0703034  ,358751,6364286,950,2015,7,5.548,m3/s
05410002,RIO ACONCAGUA EN CHACABUQUITO,5,DE VALPARAISO,LOS ANDES,0325102  ,0703034  ,358751,6364286,950,2015,8,11.05,m3/s
05410002,RIO ACONCAGUA EN CHACABUQUITO,5,DE VALPARAISO,LOS ANDES,0325102  ,0703034  ,358751,6364286,950,2015,9,14.533,m3/s
05410002,RIO ACONCAGUA EN CHACABUQUITO,5,DE VALPARAISO,LOS ANDES,0325102  ,0703034  ,358751,6364286,950,2015,10,20.09,m3/s
05410002,RIO ACONCAGUA EN CHACABUQUITO,5,DE VALPARAISO,LOS ANDES,0325102  ,0703034  ,358751,6364286,950,2015,11,46.893,m3/s
05410002,RIO ACONCAGUA EN CHACABUQUITO,5,DE VALPARAISO,LOS ANDES,0325102  ,0703034  ,358751,6364286,950,2015,12,76.029,m3/s
05410002,RIO ACONCAGUA EN CHACABUQUITO,5,DE VALPARAISO,LOS ANDES,0325102  ,0703034  ,358751,6364286,950,2016,1,57.755,m3/s
05410002,RIO ACONCAGUA EN CHACABUQUITO,5,DE VALPARAISO,LOS ANDES,0325102  ,0703034  ,358751,6364286,950,2016,2,36.731,m3/s
05410002,RIO ACONCAGUA EN CHACABUQUITO,5,DE VALPARAISO,LOS ANDES,0325102  ,0703034  ,358751,6364286,950,2016,3,22.158,m3/s
05410002,RIO ACONCAGUA EN CHACABUQUITO,5,DE VALPARAISO,LOS ANDES,0325102  ,0703034  ,358751,6364286,950,2016,4,21.907,m3/s
05410002,RIO ACONCAGUA EN CHACABUQUITO,5,DE VALPARAISO,LOS ANDES,0325102  ,0703034  ,358751,6364286,950,2016,5,17.145,m3/s
05410002,RIO ACONCAGUA EN CHACABUQUITO,5,DE VALPARAISO,LOS ANDES,0325102  ,0703034  ,358751,6364286,950,2016,6,21.91,m3/s
05410002,RIO ACONCAGUA EN CHACABUQUITO,5,DE VALPARAISO,LOS ANDES,0325102  ,0703034  ,358751,6364286,950,2016,7,17.5,m3/s
05410002,RIO ACONCAGUA EN CHACABUQUITO,5,DE VALPARAISO,LOS ANDES,0325102  ,0703034  ,358751,6364286,950,2016,8,17.69,m3/s
05410002,RIO ACONCAGUA EN CHACABUQUITO,5,DE VALPARAISO,LOS ANDES,0325102  ,0703034  ,358751,6364286,950,2016,9,26.077,m3/s
05410002,RIO ACONCAGUA EN CHACABUQUITO,5,DE VALPARAISO,LOS ANDES,0325102  ,0703034  ,358751,6364286,950,2016,10,33.965,m3/s
05410002,RIO ACONCAGUA EN CHACABUQUITO,5,DE VALPARAISO,LOS ANDES,0325102  ,0703034  ,358751,6364286,950,2016,11,56.79,m3/s
05410002,RIO ACONCAGUA EN CHACABUQUITO,5,DE VALPARAISO,LOS ANDES,0325102  ,0703034  ,358751,6364286,950,2016,12,70.384,m3/s
05410002,RIO ACONCAGUA EN CHACABUQUITO,5,DE VALPARAISO,LOS ANDES,0325102  ,0703034  ,358751,6364286,950,2017,1,55.035,m3/s
05410002,RIO ACONCAGUA EN CHACABUQUITO,5,DE VALPARAISO,LOS ANDES,0325102  ,0703034  ,358751,6364286,950,2017,2,30.857,m3/s
05410002,RIO ACONCAGUA EN CHACABUQUITO,5,DE VALPARAISO,LOS ANDES,0325102  ,0703034  ,358751,6364286,950,2017,3,19.123,m3/s
05410002,RIO ACONCAGUA EN CHACABUQUITO,5,DE VALPARAISO,LOS ANDES,0325102  ,0703034  ,358751,6364286,950,2017,4,17.053,m3/s
05410002,RIO ACONCAGUA EN CHACABUQUITO,5,DE VALPARAISO,LOS ANDES,0325102  ,0703034  ,358751,6364286,950,2017,5,14.219,m3/s
05410002,RIO ACONCAGUA EN CHACABUQUITO,5,DE VALPARAISO,LOS ANDES,0325102  ,0703034  ,358751,6364286,950,2017,6,13.24,m3/s
05410002,RIO ACONCAGUA EN CHACABUQUITO,5,DE VALPARAISO,LOS ANDES,0325102  ,0703034  ,358751,6364286,950,2017,7,11.823,m3/s
05410002,RIO ACONCAGUA EN CHACABUQUITO,5,DE VALPARAISO,LOS ANDES,0325102  ,0703034  ,358751,6364286,950,2017,8,10.31,m3/s
05410002,RIO ACONCAGUA EN CHACABUQUITO,5,DE VALPARAISO,LOS ANDES,0325102  ,0703034  ,358751,6364286,950,2017,9,13.016,m3/s
05410002,RIO ACONCAGUA EN CHACABUQUITO,5,DE VALPARAISO,LOS ANDES,0325102  ,0703034  ,358751,6364286,950,2017,10,17.951999999999998,m3/s
05410002,RIO ACONCAGUA EN CHACABUQUITO,5,DE VALPARAISO,LOS ANDES,0325102  ,0703034  ,358751,6364286,950,2017,11,26.897,m3/s
05410002,RIO ACONCAGUA EN CHACABUQUITO,5,DE VALPARAISO,LOS ANDES,0325102  ,0703034  ,358751,6364286,950,2017,12,37.39,m3/s
05410002,RIO ACONCAGUA EN CHACABUQUITO,5,DE VALPARAISO,LOS ANDES,0325102  ,0703034  ,358751,6364286,950,2018,1,23.261,m3/s
05410002,RIO ACONCAGUA EN CHACABUQUITO,5,DE VALPARAISO,LOS ANDES,0325102  ,0703034  ,358751,6364286,950,2018,2,21.864,m3/s
05410002,RIO ACONCAGUA EN CHACABUQUITO,5,DE VALPARAISO,LOS ANDES,0325102  ,0703034  ,358751,6364286,950,2018,3,13.368,m3/s
05410002,RIO ACONCAGUA EN CHACABUQUITO,5,DE VALPARAISO,LOS ANDES,0325102  ,0703034  ,358751,6364286,950,2018,4,10.07,m3/s
05410002,RIO ACONCAGUA EN CHACABUQUITO,5,DE VALPARAISO,LOS ANDES,0325102  ,0703034  ,358751,6364286,950,2018,5,6.75,m3/s
05410002,RIO ACONCAGUA EN CHACABUQUITO,5,DE VALPARAISO,LOS ANDES,0325102  ,0703034  ,358751,6364286,950,2018,6,6.483,m3/s
05410002,RIO ACONCAGUA EN CHACABUQUITO,5,DE VALPARAISO,LOS ANDES,0325102  ,0703034  ,358751,6364286,950,2018,7,5.992,m3/s
05410002,RIO ACONCAGUA EN CHACABUQUITO,5,DE VALPARAISO,LOS ANDES,0325102  ,0703034  ,358751,6364286,950,2018,8,6.394,m3/s
05410002,RIO ACONCAGUA EN CHACABUQUITO,5,DE VALPARAISO,LOS ANDES,0325102  ,0703034  ,358751,6364286,950,2018,9,9.048,m3/s
05410002,RIO ACONCAGUA EN CHACABUQUITO,5,DE VALPARAISO,LOS ANDES,0325102  ,0703034  ,358751,6364286,950,2018,10,11.350999999999999,m3/s
05410002,RIO ACONCAGUA EN CHACABUQUITO,5,DE VALPARAISO,LOS ANDES,0325102  ,0703034  ,358751,6364286,950,2018,11,25.15,m3/s
05410002,RIO ACONCAGUA EN CHACABUQUITO,5,DE VALPARAISO,LOS ANDES,0325102  ,0703034  ,358751,6364286,950,2018,12,26.576999999999998,m3/s
05410002,RIO ACONCAGUA EN CHACABUQUITO,5,DE VALPARAISO,LOS ANDES,0325102  ,0703034  ,358751,6364286,950,2019,1,23.923000000000002,m3/s
05410002,RIO ACONCAGUA EN CHACABUQUITO,5,DE VALPARAISO,LOS ANDES,0325102  ,0703034  ,358751,6364286,950,2019,2,20.332,m3/s
05410002,RIO ACONCAGUA EN CHACABUQUITO,5,DE VALPARAISO,LOS ANDES,0325102  ,0703034  ,358751,6364286,950,2019,3,12.583,m3/s
05410002,RIO ACONCAGUA EN CHACABUQUITO,5,DE VALPARAISO,LOS ANDES,0325102  ,0703034  ,358751,6364286,950,2019,4,8.491,m3/s
05410002,RIO ACONCAGUA EN CHACABUQUITO,5,DE VALPARAISO,LOS ANDES,0325102  ,0703034  ,358751,6364286,950,2019,5,5.7,m3/s
05410002,RIO ACONCAGUA EN CHACABUQUITO,5,DE VALPARAISO,LOS ANDES,0325102  ,0703034  ,358751,6364286,950,2019,6,5.767,m3/s
05410002,RIO ACONCAGUA EN CHACABUQUITO,5,DE VALPARAISO,LOS ANDES,0325102  ,0703034  ,358751,6364286,950,2019,7,6.688,m3/s
05410002,RIO ACONCAGUA EN CHACABUQUITO,5,DE VALPARAISO,LOS ANDES,0325102  ,0703034  ,358751,6364286,950,2019,8,5.082,m3/s
05410002,RIO ACONCAGUA EN CHACABUQUITO,5,DE VALPARAISO,LOS ANDES,0325102  ,0703034  ,358751,6364286,950,2019,9,5.514,m3/s
05410002,RIO ACONCAGUA EN CHACABUQUITO,5,DE VALPARAISO,LOS ANDES,0325102  ,0703034  ,358751,6364286,950,2019,10,6.087,m3/s
05410002,RIO ACONCAGUA EN CHACABUQUITO,5,DE VALPARAISO,LOS ANDES,0325102  ,0703034  ,358751,6364286,950,2019,11,13.607,m3/s
05410002,RIO ACONCAGUA EN CHACABUQUITO,5,DE VALPARAISO,LOS ANDES,0325102  ,0703034  ,358751,6364286,950,2019,12,16.055,m3/s
05410002,RIO ACONCAGUA EN CHACABUQUITO,5,DE VALPARAISO,LOS ANDES,0325102  ,0703034  ,358751,6364286,950,2020,1,19.516,m3/s
05410002,RIO ACONCAGUA EN CHACABUQUITO,5,DE VALPARAISO,LOS ANDES,0325102  ,0703034  ,358751,6364286,950,2020,2,16.021,m3/s
05410002,RIO ACONCAGUA EN CHACABUQUITO,5,DE VALPARAISO,LOS ANDES,0325102  ,0703034  ,358751,6364286,950,2020,3,12.899000000000001,m3/s
05410002,RIO ACONCAGUA EN CHACABUQUITO,5,DE VALPARAISO,LOS ANDES,0325102  ,0703034  ,358751,6364286,950,2020,4,6.564,m3/s
05410002,RIO ACONCAGUA EN CHACABUQUITO,5,DE VALPARAISO,LOS ANDES,0325102  ,0703034  ,358751,6364286,950,2020,5,4.434,m3/s
05410002,RIO ACONCAGUA EN CHACABUQUITO,5,DE VALPARAISO,LOS ANDES,0325102  ,0703034  ,358751,6364286,950,2020,6,4.229,m3/s
05410002,RIO ACONCAGUA EN CHACABUQUITO,5,DE VALPARAISO,LOS ANDES,0325102  ,0703034  ,358751,6364286,950,2020,7,5.583,m3/s
05410002,RIO ACONCAGUA EN CHACABUQUITO,5,DE VALPARAISO,LOS ANDES,0325102  ,0703034  ,358751,6364286,950,2020,8,5.233,m3/s
05410002,RIO ACONCAGUA EN CHACABUQUITO,5,DE VALPARAISO,LOS ANDES,0325102  ,0703034  ,358751,6364286,950,2020,9,7.697,m3/s
05410002,RIO ACONCAGUA EN CHACABUQUITO,5,DE VALPARAISO,LOS ANDES,0325102  ,0703034  ,358751,6364286,950,2020,10,18.711,m3/s
05410002,RIO ACONCAGUA EN CHACABUQUITO,5,DE VALPARAISO,LOS ANDES,0325102  ,0703034  ,358751,6364286,950,2020,11,26.527,m3/s
05410002,RIO ACONCAGUA EN CHACABUQUITO,5,DE VALPARAISO,LOS ANDES,0325102  ,0703034  ,358751,6364286,950,2020,12,25.126,m3/s
05410002,RIO ACONCAGUA EN CHACABUQUITO,5,DE VALPARAISO,LOS ANDES,0325102  ,0703034  ,358751,6364286,950,2021,1,21.348,m3/s
05410002,RIO ACONCAGUA EN CHACABUQUITO,5,DE VALPARAISO,LOS ANDES,0325102  ,0703034  ,358751,6364286,950,2021,2,22.818,m3/s
05410002,RIO ACONCAGUA EN CHACABUQUITO,5,DE VALPARAISO,LOS ANDES,0325102  ,0703034  ,358751,6364286,950,2021,3,15.774000000000001,m3/s
05410002,RIO ACONCAGUA EN CHACABUQUITO,5,DE VALPARAISO,LOS ANDES,0325102  ,0703034  ,358751,6364286,950,2021,4,10.507,m3/s
05410002,RIO ACONCAGUA EN CHACABUQUITO,5,DE VALPARAISO,LOS ANDES,0325102  ,0703034  ,358751,6364286,950,2021,5,7.8149999999999995,m3/s
05410002,RIO ACONCAGUA EN CHACABUQUITO,5,DE VALPARAISO,LOS ANDES,0325102  ,0703034  ,358751,6364286,950,2021,6,6.577,m3/s
05410002,RIO ACONCAGUA EN CHACABUQUITO,5,DE VALPARAISO,LOS ANDES,0325102  ,0703034  ,358751,6364286,950,2021,7,4.858,m3/s
05410002,RIO ACONCAGUA EN CHACABUQUITO,5,DE VALPARAISO,LOS ANDES,0325102  ,0703034  ,358751,6364286,950,2021,8,5.002,m3/s
05410002,RIO ACONCAGUA EN CHACABUQUITO,5,DE VALPARAISO,LOS ANDES,0325102  ,0703034  ,358751,6364286,950,2021,9,7.829,m3/s
05410002,RIO ACONCAGUA EN CHACABUQUITO,5,DE VALPARAISO,LOS ANDES,0325102  ,0703034  ,358751,6364286,950,2021,10,11.281,m3/s
05410002,RIO ACONCAGUA EN CHACABUQUITO,5,DE VALPARAISO,LOS ANDES,0325102  ,0703034  ,358751,6364286,950,2021,11,15.983,m3/s
05410002,RIO ACONCAGUA EN CHACABUQUITO,5,DE VALPARAISO,LOS ANDES,0325102  ,0703034  ,358751,6364286,950,2021,12,15.829,m3/s
05410002,RIO ACONCAGUA EN CHACABUQUITO,5,DE VALPARAISO,LOS ANDES,0325102  ,0703034  ,358751,6364286,950,2022,1,16.313,m3/s
05410002,RIO ACONCAGUA EN CHACABUQUITO,5,DE VALPARAISO,LOS ANDES,0325102  ,0703034  ,358751,6364286,950,2022,2,12.441,m3/s
05410002,RIO ACONCAGUA EN CHACABUQUITO,5,DE VALPARAISO,LOS ANDES,0325102  ,0703034  ,358751,6364286,950,2022,3,8.99,m3/s
05410002,RIO ACONCAGUA EN CHACABUQUITO,5,DE VALPARAISO,LOS ANDES,0325102  ,0703034  ,358751,6364286,950,2022,4,6.043,m3/s
05410002,RIO ACONCAGUA EN CHACABUQUITO,5,DE VALPARAISO,LOS ANDES,0325102  ,0703034  ,358751,6364286,950,2022,5,5.611,m3/s
05410002,RIO ACONCAGUA EN CHACABUQUITO,5,DE VALPARAISO,LOS ANDES,0325102  ,0703034  ,358751,6364286,950,2022,6,5.127,m3/s
05410002,RIO ACONCAGUA EN CHACABUQUITO,5,DE VALPARAISO,LOS ANDES,0325102  ,0703034  ,358751,6364286,950,2022,7,5.904,m3/s
05410002,RIO ACONCAGUA EN CHACABUQUITO,5,DE VALPARAISO,LOS ANDES,0325102  ,0703034  ,358751,6364286,950,2022,8,7.065,m3/s
05410002,RIO ACONCAGUA EN CHACABUQUITO,5,DE VALPARAISO,LOS ANDES,0325102  ,0703034  ,358751,6364286,950,2022,9,8.232,m3/s
05410002,RIO ACONCAGUA EN CHACABUQUITO,5,DE VALPARAISO,LOS ANDES,0325102  ,0703034  ,358751,6364286,950,2022,10,14.403,m3/s
05410002,RIO ACONCAGUA EN CHACABUQUITO,5,DE VALPARAISO,LOS ANDES,0325102  ,0703034  ,358751,6364286,950,2022,11,28.177,m3/s
05410002,RIO ACONCAGUA EN CHACABUQUITO,5,DE VALPARAISO,LOS ANDES,0325102  ,0703034  ,358751,6364286,950,2022,12,21.723,m3/s
05410002,RIO ACONCAGUA EN CHACABUQUITO,5,DE VALPARAISO,LOS ANDES,0325102  ,0703034  ,358751,6364286,950,2023,1,17.829,m3/s
05410002,RIO ACONCAGUA EN CHACABUQUITO,5,DE VALPARAISO,LOS ANDES,0325102  ,0703034  ,358751,6364286,950,2023,2,15.111,m3/s
05410002,RIO ACONCAGUA EN CHACABUQUITO,5,DE VALPARAISO,LOS ANDES,0325102  ,0703034  ,358751,6364286,950,2023,3,12.435,m3/s
05410002,RIO ACONCAGUA EN CHACABUQUITO,5,DE VALPARAISO,LOS ANDES,0325102  ,0703034  ,358751,6364286,950,2023,7,9.307,m3/s
05410002,RIO ACONCAGUA EN CHACABUQUITO,5,DE VALPARAISO,LOS ANDES,0325102  ,0703034  ,358751,6364286,950,2023,8,17.448,m3/s
05410002,RIO ACONCAGUA EN CHACABUQUITO,5,DE VALPARAISO,LOS ANDES,0325102  ,0703034  ,358751,6364286,950,2023,9,22.813,m3/s
05410002,RIO ACONCAGUA EN CHACABUQUITO,5,DE VALPARAISO,LOS ANDES,0325102  ,0703034  ,358751,6364286,950,2023,10,28.539,m3/s
05410002,RIO ACONCAGUA EN CHACABUQUITO,5,DE VALPARAISO,LOS ANDES,0325102  ,0703034  ,358751,6364286,950,2023,11,57.1,m3/s
05410002,RIO ACONCAGUA EN CHACABUQUITO,5,DE VALPARAISO,LOS ANDES,0325102  ,0703034  ,358751,6364286,950,2023,12,88.123,m3/s
05410002,RIO ACONCAGUA EN CHACABUQUITO,5,DE VALPARAISO,LOS ANDES,0325102  ,0703034  ,358751,6364286,950,2024,1,56.297,m3/s
05410002,RIO ACONCAGUA EN CHACABUQUITO,5,DE VALPARAISO,LOS ANDES,0325102  ,0703034  ,358751,6364286,950,2024,2,34.003,m3/s
05410002,RIO ACONCAGUA EN CHACABUQUITO,5,DE VALPARAISO,LOS ANDES,0325102  ,0703034  ,358751,6364286,950,2024,3,19.765,m3/s
05410002,RIO ACONCAGUA EN CHACABUQUITO,5,DE VALPARAISO,LOS ANDES,0325102  ,0703034  ,358751,6364286,950,2024,4,11.855,m3/s
05410002,RIO ACONCAGUA EN CHACABUQUITO,5,DE VALPARAISO,LOS ANDES,0325102  ,0703034  ,358751,6364286,950,2024,5,8.788,m3/s
05410002,RIO ACONCAGUA EN CHACABUQUITO,5,DE VALPARAISO,LOS ANDES,0325102  ,0703034  ,358751,6364286,950,2024,6,12.026,m3/s
05410002,RIO ACONCAGUA EN CHACABUQUITO,5,DE VALPARAISO,LOS ANDES,0325102  ,0703034  ,358751,6364286,950,2024,7,13.748,m3/s
05410002,RIO ACONCAGUA EN CHACABUQUITO,5,DE VALPARAISO,LOS ANDES,0325102  ,0703034  ,358751,6364286,950,2024,8,13.828,m3/s
05410002,RIO ACONCAGUA EN CHACABUQUITO,5,DE VALPARAISO,LOS ANDES,0325102  ,0703034  ,358751,6364286,950,2024,9,14.933,m3/s
05410002,RIO ACONCAGUA EN CHACABUQUITO,5,DE VALPARAISO,LOS ANDES,0325102  ,0703034  ,358751,6364286,950,2024,10,37.403,m3/s
05410002,RIO ACONCAGUA EN CHACABUQUITO,5,DE VALPARAISO,LOS ANDES,0325102  ,0703034  ,358751,6364286,950,2024,11,64.273,m3/s
05410002,RIO ACONCAGUA EN CHACABUQUITO,5,DE VALPARAISO,LOS ANDES,0325102  ,0703034  ,358751,6364286,950,2024,12,51.248,m3/s
05410002,RIO ACONCAGUA EN CHACABUQUITO,5,DE VALPARAISO,LOS ANDES,0325102  ,0703034  ,358751,6364286,950,2025,1,37.699,m3/s
05410002,RIO ACONCAGUA EN CHACABUQUITO,5,DE VALPARAISO,LOS ANDES,0325102  ,0703034  ,358751,6364286,950,2025,2,28.224,m3/s
05410002,RIO ACONCAGUA EN CHACABUQUITO,5,DE VALPARAISO,LOS ANDES,0325102  ,0703034  ,358751,6364286,950,2025,3,16.718,m3/s
05410002,RIO ACONCAGUA EN CHACABUQUITO,5,DE VALPARAISO,LOS ANDES,0325102  ,0703034  ,358751,6364286,950,2025,4,10.682,m3/s
05410002,RIO ACONCAGUA EN CHACABUQUITO,5,DE VALPARAISO,LOS ANDES,0325102  ,0703034  ,358751,6364286,950,2025,5,9.363,m3/s
05410002,RIO ACONCAGUA EN CHACABUQUITO,5,DE VALPARAISO,LOS ANDES,0325102  ,0703034  ,358751,6364286,950,2025,6,9.12,m3/s
05410002,RIO ACONCAGUA EN CHACABUQUITO,5,DE VALPARAISO,LOS ANDES,0325102  ,0703034  ,358751,6364286,950,2025,7,9.205,m3/s
05410002,RIO ACONCAGUA EN CHACABUQUITO,5,DE VALPARAISO,LOS ANDES,0325102  ,0703034  ,358751,6364286,950,2025,8,10.498,m3/s
05410002,RIO ACONCAGUA EN CHACABUQUITO,5,DE VALPARAISO,LOS ANDES,0325102  ,0703034  ,358751,6364286,950,2025,9,12.725999999999999,m3/s
05410002,RIO ACONCAGUA EN CHACABUQUITO,5,DE VALPARAISO,LOS ANDES,0325102  ,0703034  ,358751,6364286,950,2025,10,20.281,m3/s
05410002,RIO ACONCAGUA EN CHACABUQUITO,5,DE VALPARAISO,LOS ANDES,0325102  ,0703034  ,358751,6364286,950,2025,11,28.938,m3/s
05410002,RIO ACONCAGUA EN CHACABUQUITO,5,DE VALPARAISO,LOS ANDES,0325102  ,0703034  ,358751,6364286,950,2025,12,25.414,m3/s
05410002,RIO ACONCAGUA EN CHACABUQUITO,5,DE VALPARAISO,LOS ANDES,0325102  ,0703034  ,358751,6364286,950,2026,1,22.988,m3/s
05410002,RIO ACONCAGUA EN CHACABUQUITO,5,DE VALPARAISO,LOS ANDES,0325102  ,0703034  ,358751,6364286,950,2026,2,15.557,m3/s
05410002,RIO ACONCAGUA EN CHACABUQUITO,5,DE VALPARAISO,LOS ANDES,0325102  ,0703034  ,358751,6364286,950,2026,3,11.856,m3/s
05410002,RIO ACONCAGUA EN CHACABUQUITO,5,DE VALPARAISO,LOS ANDES,0325102  ,0703034  ,358751,6364286,950,2026,4,8.947,m3/s
